0   -5.00   84.20  130.00    4.50    0.00    0.00
    1   -5.00   84.20  130.00    4.50    0.00    0.00
    2   -5.00   84.20  130.00    4.00    0.00    0.00
    3   -5.00   84.20  100.00    3.50    0.00    0.00
    4   -5.00   84.20  100.00    3.00    0.00    0.00
    5   -4.00   84.30   90.00    2.50    0.00    0.00
    6   -3.00   84.41   80.00    4.00    0.00    0.00
    7   -3.00   91.91  100.00    4.50    0.00    0.00
    8   -3.00   91.91  100.00    4.00    0.00    0.00
    9   -2.00   91.96   90.00    4.50    0.00    0.00
   10   -1.00   92.02   90.00    4.50    0.00   15.00
   11    0.00   88.66  120.00    6.00    0.00   70.00
   12    1.00   82.47  120.00    9.00    0.00   94.00
   13    2.00   93.07  130.00    9.00    0.00   95.00
   14    2.00   93.07  140.00    9.00    0.00   65.00
   15    2.00   93.07  130.00    7.00    0.00   12.00
   16    2.00   93.07  140.00    7.50    0.00    0.00
   17    2.00   93.07  140.00   10.00    0.00    0.00
   18    2.00   93.07  150.00    8.50    0.00    0.00
   19    2.00   93.07  160.00    9.50    0.00    0.00
   20    1.00   93.02  150.00    8.00    0.00    0.00
   21    1.00   93.02  150.00   10.00    0.00    0.00
   22    1.00   93.02  150.00    9.00    0.00    0.00
   23    1.00   93.02  150.00    7.50    0.00    0.00
   24    1.00   93.02  160.00    8.00    0.00    0.00
   25    2.00   93.07  140.00    5.00    0.00    0.00
   26    2.00  100.00  140.00    5.00    0.00    0.00
   27    2.00   93.07  120.00    4.00    0.00    0.00
   28    2.00   93.07  130.00    4.00    0.00    0.00
   29    1.00  100.00  120.00    5.00    0.00    0.00
   30    1.00  100.00  130.00    4.00    0.00    0.00
   31    1.00  100.00  130.00    4.00    0.00    0.00
   32    1.00  100.00  140.00    3.00    0.00    0.00
   33    1.00  100.00  130.00    3.50    0.00    0.00
   34    1.00  100.00  130.00    1.50    0.00    9.00
   35    1.00  100.00  100.00    1.00    0.00   59.00
   36    1.00  100.00   90.00    1.00    0.00   93.00
   37    1.00  100.00  110.00    1.00    0.00   93.00
   38    1.00  100.00   70.00    1.00    0.00   55.00
   39    1.00  100.00   60.00    1.00    0.00    9.00
   40    1.00  100.00   50.00    0.50    0.00    0.00
   41    1.00  100.00   20.00    0.50    0.00    0.00
   42    0.00  100.00   20.00    0.50    0.00    0.00
   43    1.00  100.00    0.00    0.00    0.00    0.00
   44    0.00  100.00    0.00    0.00    0.00    0.00
   45    0.00  100.00    0.00    0.00    0.00    0.00
   46    0.00  100.00  330.00    0.50    0.00    0.00
   47    1.00  100.00    0.00    0.00    0.00    0.00
   48    1.00  100.00  200.00    0.50    0.00    0.00
   49    0.00   88.66    0.00    0.00    0.00    0.00
   50    0.00  100.00    0.00    1.00    0.00    0.00
   51    0.00  100.00    0.00    0.00    0.00    0.00
   52    0.00  100.00    0.00    0.00    0.00    0.00
   53    0.00   88.66   30.00    1.00    0.00    0.00
   54    0.00   88.66   30.00    1.50    0.00    0.00
   55    0.00   88.66   50.00    1.00    0.00    0.00
   56    0.00   95.50   50.00    1.00    0.00    0.00
   57   -1.00  100.00    0.00    0.00    0.00    0.00
   58   -1.00   92.02    0.00    0.00   65.16   15.00
   59   -1.00   92.02    0.00    0.00   26.19   47.00
   60   -1.00   92.02    0.00    0.00   32.04   66.00
   61   -1.00   92.02    0.00    0.00   48.42   81.00
   62   -1.00   92.02  100.00    1.00    0.00   45.00
   63   -0.10   92.84    0.00    0.00    0.00   11.00
   64   -0.10   92.84  100.00    1.00    0.00    0.00
   65   -0.10   92.84  100.00    1.00    0.00    0.00
   66   -0.10   92.84    0.00    0.00    0.00    0.00
   67    0.00   88.66    0.00    0.00    0.00    0.00
   68   -0.10  100.00    0.00    0.00    0.00    0.00
   69    0.00   88.66    0.00    0.00    0.00    0.00
   70    0.00   88.66    0.00    0.00    0.00    0.00
   71    0.00   88.66    0.00    0.00    0.00    0.00
   72    0.00  100.00    0.00    0.00    0.00    0.00
   73    0.00  100.00   80.00    1.00    0.00    0.00
   74    1.00  100.00    0.00    0.00    0.00    0.00
   75    1.00  100.00  130.00    1.00    0.00    0.00
   76    1.00  100.00  130.00    0.50    0.00    0.00
   77    1.00  100.00  160.00    1.00    0.00    0.00
   78    1.00  100.00  160.00    1.50    0.00    0.00
   79    1.00  100.00  150.00    3.00    0.00    0.00
   80    1.00  100.00  150.00    2.50    0.00    0.00
   81    1.00  100.00  150.00    2.00    0.00    0.00
   82    1.00  100.00  170.00    1.50    0.00    8.00
   83    1.00  100.00  160.00    3.00    0.00   37.00
   84    1.00  100.00  170.00    3.50    0.00   55.00
   85    1.00  100.00  180.00    3.50    0.00   52.00
   86    1.00  100.00  160.00    3.00    0.00   31.00
   87    1.00  100.00  170.00    3.00    0.00    7.00
   88    1.00  100.00  170.00    2.00    0.00    0.00
   89    1.00  100.00  190.00    3.00    0.00    0.00
   90    1.00  100.00  200.00    4.00    0.00    0.00
   91    1.00  100.00  210.00    5.00    0.00    0.00
   92    1.00  100.00  200.00    5.00    0.00    0.00
   93    1.00  100.00  200.00    7.00    0.00    0.00
   94    1.00  100.00  210.00    5.50    0.00    0.00
   95    0.00  100.00  200.00    6.50    0.00    0.00
   96    0.00  100.00  190.00    7.00    0.00    0.00
   97    0.00  100.00  200.00    7.00    0.00    0.00
   98    0.00   95.50  200.00    7.00    0.00    0.00
   99    0.00   88.66  200.00    7.50    0.00    0.00
  100    1.00  100.00  200.00    9.50    0.00    0.00
  101    1.00  100.00  190.00   10.00    0.00    0.00
  102    0.00   88.66  190.00    9.00    0.00    0.00
  103    0.00   88.66  200.00    9.50    0.00    0.00
  104    0.00   88.66  200.00   10.00    0.00    0.00
  105    0.00   88.66  200.00    9.50    0.00    0.00
  106    0.00   88.66  200.00    8.50    0.00   13.00
  107    0.00   88.66  200.00   10.00    0.00   51.00
  108    0.00   88.66  200.00    9.50    0.00   74.00
  109    0.00   88.66  200.00    9.50    0.00   73.00
  110    0.00   88.66  200.00   10.00    0.00   51.00
  111    0.00   88.66  190.00   10.00    0.00   13.00
  112    0.00   88.66  180.00   10.00    0.00    0.00
  113    0.00   88.66  180.00   10.00    0.00    0.00
  114    0.00   88.66  180.00   10.00    0.00    0.00
  115    0.00   88.66  180.00   10.00    0.00    0.00
  116    0.00   88.66  180.00   10.00    0.00    0.00
  117    0.00   88.66  180.00   10.00    0.00    0.00
  118    1.00  100.00  180.00    9.50    0.00    0.00
  119    1.00  100.00  190.00    9.00    0.00    0.00
  120    1.00  100.00  190.00   10.00    0.00    0.00
  121    1.00  100.00  190.00    9.50    0.00    0.00
  122    1.00  100.00  190.00    9.00    0.00    0.00
  123    1.00  100.00  190.00   10.00    0.00    0.00
  124    1.00  100.00  190.00    7.50    0.00    0.00
  125    1.00  100.00  190.00    5.00    0.00    0.00
  126    2.00  100.00  220.00    4.00    0.00    0.00
  127    2.00  100.00  250.00    3.50    0.00    0.00
  128    2.00  100.00  280.00    3.50    0.00    0.00
  129    2.00  100.00  280.00    1.00    0.00    0.00
  130    1.00  100.00  260.00    1.00  120.86   15.00
  131    2.00  100.00  280.00    3.50  346.42   48.00
  132    3.00  100.00  270.00    3.50  317.52   74.00
  133    3.00   93.13  260.00    5.00  228.72   83.00
  134    3.00   93.13  260.00    4.00  162.86   59.00
  135    3.00  100.00  250.00    6.00   64.69   11.00
  136    2.00  100.00  240.00    4.50    0.00    0.00
  137    2.00  100.00  230.00    5.50    0.00    0.00
  138    2.00  100.00  230.00    6.00    0.00    0.00
  139    2.00  100.00  230.00    7.00    0.00    0.00
  140    2.00  100.00  230.00    7.50    0.00    0.00
  141    2.00  100.00  220.00    7.00    0.00    0.00
  142    3.00  100.00  220.00    7.00    0.00    0.00
  143    3.00  100.00  230.00    8.00    0.00    0.00
  144    3.00   93.13  230.00    7.50    0.00    0.00
  145    3.00   93.13  250.00   10.50    0.00    0.00
  146    3.00   93.13  250.00   11.00    0.00    0.00
  147    3.00   93.13  250.00   10.50    0.00    0.00
  148    3.00   86.68  250.00   10.00    0.00    0.00
  149    2.00   82.68  260.00   10.50    0.00    0.00
  150    2.00   82.68  270.00    9.00    0.00    0.00
  151    3.00   86.68  280.00    8.00    0.00    0.00
  152    2.00   76.76  290.00    9.50    0.00    0.00
  153    2.00   76.76  300.00    8.00    0.00    0.00
  154    2.00   70.63  310.00    6.00  126.31   20.00
  155    1.00   75.89  310.00    7.00  342.10   53.00
  156    1.00   69.79  310.00    6.00  443.43   65.00
  157    1.00   69.79  310.00    7.00  492.74   56.00
  158    2.00   64.96  320.00    5.00  387.80   43.00
  159    1.00   75.89  320.00    5.00  147.20   16.00
  160    0.00   75.03  330.00    5.00    0.00    0.00
  161   -1.00   77.77  320.00    4.00    0.00    0.00
  162   -1.00   77.77  330.00    2.50    0.00    0.00
  163   -1.00   77.77  330.00    1.00    0.00    0.00
  164   -2.00   84.52  300.00    1.50    0.00    0.00
  165   -1.00   77.77  300.00    1.50    0.00    0.00
  166   -1.00   77.77  300.00    1.00    0.00    0.00
  167   -1.00   77.77  300.00    3.00    0.00    0.00
  168   -0.10   85.43  330.00    2.00    0.00    0.00
  169    1.00   75.89  300.00    2.50    0.00    0.00
  170    1.00   75.89  310.00    3.00    0.00    0.00
  171    1.00   75.89  300.00    1.50    0.00    0.00
  172    1.00   75.89  300.00    3.00    0.00    0.00
  173    1.00   69.79  300.00    3.00    0.00    0.00
  174    0.00   75.03  320.00    4.00    0.00    0.00
  175    1.00   64.14  320.00    3.00    0.00    0.00
  176   -2.00   71.25   10.00    1.00    0.00    0.00
  177   -2.00   71.25    0.00    1.50    0.00    0.00
  178   -2.00   71.25  330.00    2.00  132.34   18.00
  179   -3.00   77.48  330.00    2.00  461.08   37.00
  180   -2.00   71.25  320.00    1.50  608.59   45.00
  181   -1.00   77.77  330.00    3.00  618.55   44.00
  182   -1.00   77.77  330.00    2.00  500.44   35.00
  183    0.00   75.03  310.00    2.00  204.99   15.00
  184   -1.00   77.77  310.00    1.00    0.00    0.00
  185   -2.00   71.25  310.00    0.50    0.00    0.00
  186   -2.00   71.25  320.00    0.50    0.00    0.00
  187   -3.00   77.48    0.00    0.00    0.00    0.00
  188   -3.00   77.48    0.00    0.00    0.00    0.00
  189   -4.00   77.33    0.00    0.00    0.00    0.00
  190   -4.00   84.30  130.00    0.50    0.00    0.00
  191   -4.00   77.33  110.00    1.00    0.00    0.00
  192   -5.00   77.18  120.00    1.00    0.00    0.00
  193   -5.00   70.70  130.00    2.50    0.00    0.00
  194   -5.00   77.18  140.00    2.00    0.00    0.00
  195   -4.00   77.33  140.00    2.00    0.00    0.00
  196   -3.00   84.41  130.00    2.00    0.00    0.00
  197   -3.00   84.41  150.00    2.00    0.00    0.00
  198   -3.00   91.91  130.00    2.50    0.00    0.00
  199   -3.00   91.91  130.00    2.50    0.00    0.00
  200   -2.00   91.96  110.00    2.50    0.00    0.00
  201   -2.00   91.96  110.00    2.00    0.00    0.00
  202   -2.00   91.96  100.00    3.00    0.00   19.00
  203   -2.00   91.96  110.00    3.00    0.00   56.00
  204   -1.00  100.00  130.00    3.50    0.00   76.00
  205   -1.00  100.00  140.00    3.50    0.00   76.00
  206   -0.10  100.00  130.00    4.00    0.00   54.00
  207    0.00  100.00  120.00    2.50    0.00   16.00
  208    0.00  100.00  110.00    2.00    0.00    0.00
  209    0.00  100.00  100.00    2.50    0.00    0.00
  210    0.00   88.66  110.00    2.50    0.00    0.00
  211    0.00   88.66   80.00    2.00    0.00    0.00
  212    0.00  100.00   80.00    2.00    0.00    0.00
  213    0.00  100.00   70.00    2.00    0.00    0.00
  214    0.00  100.00   90.00    3.00    0.00    0.00
  215    0.00  100.00   80.00    3.00    0.00    0.00
  216   -0.10  100.00   30.00    3.00    0.00    0.00
  217   -1.00   92.02   30.00    3.00    0.00    0.00
  218   -1.00   92.02   30.00    3.00    0.00    0.00
  219   -2.00   91.96   30.00    4.00    0.00    0.00
  220   -2.00   91.96   30.00    3.00    0.00    0.00
  221   -3.00   91.91   30.00    3.00    0.00    0.00
  222   -3.00   91.91   30.00    4.00    0.00    0.00
  223   -3.00   91.91   30.00    4.00    0.00    0.00
  224   -2.00  100.00   30.00    2.00    0.00    0.00
  225   -2.00  100.00   30.00    3.00    0.00    0.00
  226   -3.00   91.91   30.00    3.00    0.00   22.00
  227   -3.00   91.91   40.00    3.00    0.00   68.00
  228   -3.00   91.91   40.00    3.00    0.00   86.00
  229   -3.00   91.91   40.00    3.00    0.00   85.00
  230   -3.00   91.91   30.00    3.00    0.00   67.00
  231   -3.00   91.91   40.00    3.00    0.00   23.00
  232   -3.00   91.91   40.00    3.00    0.00    0.00
  233   -3.00   91.91   30.00    3.00    0.00    0.00
  234   -3.00   91.91   30.00    3.00    0.00    0.00
  235   -3.00   91.91   40.00    3.00    0.00    0.00
  236   -3.00  100.00   40.00    3.00    0.00    0.00
  237   -2.00   91.96   40.00    3.00    0.00    0.00
  238   -2.00   91.96   40.00    4.00    0.00    0.00
  239   -2.00   91.96   40.00    4.00    0.00    0.00
  240   -2.00   91.96   40.00    3.50    0.00    0.00
  241   -2.00   91.96   30.00    3.00    0.00    0.00
  242   -1.00  100.00   40.00    3.50    0.00    0.00
  243   -1.00   92.02   30.00    2.50    0.00    0.00
  244   -1.00   92.02   40.00    2.50    0.00    0.00
  245   -1.00   92.02   20.00    2.50    0.00    0.00
  246   -1.00   92.02   40.00    2.00    0.00    0.00
  247   -1.00   92.02   50.00    1.50    0.00    0.00
  248   -1.00   92.02   50.00    2.50    0.00    0.00
  249   -1.00   92.02   70.00    2.50    0.00    0.00
  250   -0.10   92.84  150.00    4.00    0.00   19.00
  251   -0.10   92.84  150.00    3.00    0.00   58.00
  252    0.00   88.66  160.00    2.50    0.00   76.00
  253    0.00   88.66  180.00    6.00    0.00   72.00
  254    0.00   88.66  180.00    6.00    0.00   55.00
  255   -0.10   92.84  180.00    7.50    0.00   19.00
  256   -0.10   92.84  180.00    7.50    0.00    0.00
  257   -0.10   92.84  180.00    7.00    0.00    0.00
  258   -1.00   92.02  200.00    7.00    0.00    0.00
  259   -1.00   92.02  180.00    6.00    0.00    0.00
  260   -1.00   92.02  170.00    6.00    0.00    0.00
  261   -1.00   92.02  210.00    5.00    0.00    0.00
  262   -2.00   91.96  180.00    3.00    0.00    0.00
  263   -2.00   91.96  180.00    3.00    0.00    0.00
  264   -2.00   91.96  180.00    4.00    0.00    0.00
  265   -2.00   91.96  180.00    3.00    0.00    0.00
  266   -2.00   91.96  190.00    4.00    0.00    0.00
  267   -2.00   91.96  190.00    5.00    0.00    0.00
  268   -2.00   91.96  150.00    2.00    0.00    0.00
  269   -3.00   91.91  150.00    2.00    0.00    0.00
  270   -2.00   84.52  150.00    3.00    0.00    0.00
  271   -2.00   84.52  150.00    2.00    0.00    0.00
  272   -3.00   91.91  130.00    2.50    0.00    0.00
  273   -2.00   91.96  130.00    1.00    0.00    0.00
  274   -2.00   91.96    0.00    0.00   34.61   25.00
  275   -2.00   91.96    0.00    0.00   77.51   79.00
  276   -2.00   91.96    0.00    0.00  121.54  105.00
  277   -2.00   91.96   80.00    1.00   32.58  106.00
  278   -2.00   91.96   90.00    2.00   24.68   69.00
  279   -2.00  100.00   50.00    1.00    9.23   24.00
  280   -2.00   91.96   50.00    1.00    0.00    0.00
  281   -2.00   91.96   50.00    1.50    0.00    0.00
  282   -2.00   91.96   40.00    1.50    0.00    0.00
  283   -2.00   91.96   30.00    1.00    0.00    0.00
  284   -2.00   91.96   30.00    1.00    0.00    0.00
  285   -3.00   91.91   10.00    2.00    0.00    0.00
  286   -3.00   91.91   30.00    3.00    0.00    0.00
  287   -3.00   91.91   30.00    3.50    0.00    0.00
  288   -2.00   91.96   10.00    3.50    0.00    0.00
  289   -2.00   91.96    0.00    5.00    0.00    0.00
  290   -2.00   91.96    0.00    4.00    0.00    0.00
  291   -2.00   91.96    0.00    5.00    0.00    0.00
  292   -1.00   92.02    0.00    6.00    0.00    0.00
  293   -2.00  100.00    0.00    6.00    0.00    0.00
  294   -2.00  100.00    0.00    6.00    0.00    0.00
  295   -2.00  100.00  350.00    5.00    0.00    0.00
  296   -2.00   91.96  340.00    3.50    0.00    0.00
  297   -2.00   91.96  330.00    3.00    0.00    0.00
  298   -2.00   91.96  300.00    3.00    0.00   26.00
  299   -2.00   91.96  270.00    3.00    0.00   61.00
  300   -2.00   91.96  270.00    3.00    0.00   88.00
  301   -1.00   92.02  250.00    4.00    0.00   91.00
  302   -1.00   92.02  230.00    4.00    0.00   65.00
  303   -1.00   92.02  230.00    5.00    0.00   23.00
  304   -1.00   92.02  230.00    4.00    0.00    0.00
  305   -1.00   92.02  220.00    5.00    0.00    0.00
  306   -1.00   92.02  210.00    5.00    0.00    0.00
  307   -1.00   92.02  180.00    6.00    0.00    0.00
  308   -1.00   92.02  190.00    9.00    0.00    0.00
  309   -1.00   92.02  190.00    7.50    0.00    0.00
  310   -1.00   92.02  200.00    7.50    0.00    0.00
  311   -2.00  100.00  170.00    7.50    0.00    0.00
  312   -2.00   91.96  150.00    5.00    0.00    0.00
  313   -2.00   91.96  140.00    5.50    0.00    0.00
  314   -3.00   91.91  110.00    3.00    0.00    0.00
  315   -2.00   91.96  110.00    4.50    0.00    0.00
  316   -3.00   84.41  110.00    4.00    0.00    0.00
  317   -3.00   84.41  110.00    4.00    0.00    0.00
  318   -3.00   84.41  110.00    5.50    0.00    0.00
  319   -3.00   84.41  110.00    4.50    0.00    0.00
  320   -3.00   84.41   90.00    5.00    0.00    0.00
  321   -3.00   84.41   90.00    7.50    0.00    0.00
  322   -3.00   84.41   90.00    5.00    0.00   29.00
  323   -3.00   84.41   90.00    5.00    0.00   70.00
  324   -3.00   77.48   90.00    5.00    0.00   95.00
  325   -2.00   71.25   70.00    5.00    0.00   96.00
  326   -2.00   71.25   50.00    5.00    0.00   72.00
  327   -2.00   77.63   30.00    4.00    0.00   29.00
  328   -2.00   77.63   20.00    5.00    0.00    0.00
  329   -3.00   84.41   40.00    4.50    0.00    0.00
  330   -3.00   91.91   40.00    5.50    0.00    0.00
  331   -3.00   91.91   50.00    5.00    0.00    0.00
  332   -2.00   91.96   40.00    5.00    0.00    0.00
  333   -2.00   91.96   40.00    6.50    0.00    0.00
  334   -3.00   91.91   40.00    6.00    0.00    0.00
  335   -2.00   91.96   40.00    6.00    0.00    0.00
  336   -2.00   91.96   50.00    5.00    0.00    0.00
  337   -1.00   92.02   50.00    4.50    0.00    0.00
  338   -1.00   92.02   50.00    3.50    0.00    0.00
  339    0.00   88.66   60.00    3.50    0.00    0.00
  340    0.00   88.66   70.00    3.50    0.00    0.00
  341    1.00   93.02   80.00    4.00    0.00    0.00
  342    1.00  100.00  110.00    2.50    0.00    0.00
  343    1.00  100.00  110.00    2.00    0.00    0.00
  344    1.00  100.00  100.00    1.00    0.00    0.00
  345    1.00  100.00   80.00    2.50    0.00    0.00
  346    1.00  100.00   70.00    3.00    0.00   24.00
  347    1.00  100.00   80.00    2.50    0.00   84.00
  348    1.00  100.00   70.00    3.00    0.00  109.00
  349    1.00   93.02  100.00    3.50    0.00  108.00
  350    1.00  100.00   80.00    3.50    0.00   83.00
  351    1.00  100.00   70.00    4.00    0.00   31.00
  352    1.00  100.00   80.00    4.50    0.00    0.00
  353    1.00   93.02  100.00    5.50    0.00    0.00
  354    1.00   93.02  100.00    5.00    0.00    0.00
  355    1.00   82.47   90.00    2.50    0.00    0.00
  356    1.00   82.47   80.00    2.50    0.00    0.00
  357    1.00   82.47   70.00    2.50    0.00    0.00
  358    1.00   93.02   50.00    2.00    0.00    0.00
  359    1.00  100.00   60.00    2.00    0.00    0.00
  360    1.00  100.00   60.00    1.50    0.00    0.00
  361    1.00  100.00   70.00    3.00    0.00    0.00
  362    1.00  100.00   70.00    3.00    0.00    0.00
  363    0.00  100.00   70.00    2.50    0.00    0.00
  364    1.00  100.00   70.00    2.50    0.00    0.00
  365    1.00  100.00   70.00    3.00    0.00    0.00
  366    1.00  100.00   80.00    2.50    0.00    0.00
  367    1.00  100.00   70.00    2.50    0.00    0.00
  368    1.00  100.00   60.00    3.00    0.00    0.00
  369    1.00  100.00   70.00    3.00    0.00    0.00
  370    1.00  100.00   70.00    3.50    0.00   31.00
  371    1.00  100.00   60.00    2.00    0.00   80.00
  372    1.00  100.00   60.00    2.00    0.00  110.00
  373    1.00  100.00   60.00    2.50    0.00  111.00
  374    1.00  100.00   50.00    3.00    0.00   82.00
  375    0.00   88.66   60.00    3.00    0.00   34.00
  376    0.00   88.66   40.00    2.50    0.00    0.00
  377   -0.10   92.84   50.00    3.00    0.00    0.00
  378   -1.00   92.02   50.00    3.50    0.00    0.00
  379   -1.00   92.02   50.00    3.00    0.00    0.00
  380   -1.00   92.02   50.00    3.50    0.00    0.00
  381   -1.00   92.02   50.00    3.00    0.00    0.00
  382   -1.00   92.02   50.00    3.00    0.00    0.00
  383   -1.00   92.02   50.00    2.50    0.00    0.00
  384   -1.00   92.02   50.00    2.00    0.00    0.00
  385   -1.00   92.02   50.00    3.00    0.00    0.00
  386   -2.00   91.96   60.00    2.00    0.00    0.00
  387   -2.00   91.96   50.00    2.00    0.00    0.00
  388   -1.00   92.02   50.00    2.00    0.00    0.00
  389   -2.00   91.96   50.00    2.00    0.00    0.00
  390   -2.00   91.96   50.00    2.00    0.00    0.00
  391   -1.00   92.02   50.00    1.00    0.00    0.00
  392   -1.00   92.02   50.00    1.00    0.00    0.00
  393   -2.00   91.96   50.00    1.50    0.00    0.00
  394   -2.00   91.96   50.00    1.50    0.00   29.00
  395   -2.00   91.96   50.00    1.00    0.00   68.00
  396   -1.00   92.02   50.00    1.50    0.00   89.00
  397   -1.00   92.02   20.00    1.00   35.26   99.00
  398   -1.00   92.02   20.00    1.50    0.00   68.00
  399   -0.10   92.84   70.00    1.50    0.00   28.00
  400   -0.10   92.84   70.00    1.50    0.00    0.00
  401   -0.10   92.84   60.00    1.50    0.00    0.00
  402   -1.00   92.02   80.00    2.00    0.00    0.00
  403   -1.00   92.02   80.00    2.00    0.00    0.00
  404   -1.00   92.02   80.00    2.00    0.00    0.00
  405   -1.00   92.02   80.00    2.00    0.00    0.00
  406   -1.00   92.02   80.00    2.00    0.00    0.00
  407   -1.00   92.02   80.00    2.00    0.00    0.00
  408   -1.00   92.02   80.00    2.00    0.00    0.00
  409   -1.00   92.02   80.00    1.50    0.00    0.00
  410   -1.00   92.02   80.00    1.00    0.00    0.00
  411   -1.00   92.02   70.00    1.00    0.00    0.00
  412   -1.00  100.00   70.00    2.00    0.00    0.00
  413   -1.00  100.00  100.00    2.00    0.00    0.00
  414   -0.10  100.00  130.00    1.00    0.00    0.00
  415   -0.10   92.84  120.00    1.00    0.00    0.00
  416   -0.10   92.84  120.00    1.00    0.00    0.00
  417   -0.10   92.84  110.00    2.00    0.00    0.00
  418   -0.10  100.00  110.00    2.00    0.00   27.00
  419    0.00   95.50  130.00    4.00    0.00   66.00
  420    0.00  100.00  180.00    3.00    0.00   89.00
  421    0.00   88.66  190.00    3.00   34.71  101.00
  422    0.00   88.66  180.00    3.00   27.70   85.00
  423    0.00   88.66  210.00    3.00   15.69   33.00
  424   -0.10   92.84  150.00    1.00    0.00    0.00
  425   -0.10   92.84  130.00    2.00    0.00    0.00
  426   -0.10   92.84  130.00    2.00    0.00    0.00
  427   -0.10   92.84  130.00    1.00    0.00    0.00
  428   -0.10   92.84  130.00    1.00    0.00    0.00
  429   -1.00   92.02  130.00    1.00    0.00    0.00
  430   -1.00   92.02  130.00    2.00    0.00    0.00
  431   -1.00   92.02  130.00    1.00    0.00    0.00
  432   -1.00   92.02  130.00    1.00    0.00    0.00
  433   -1.00   92.02  130.00    0.50    0.00    0.00
  434   -1.00   92.02  130.00    1.00    0.00    0.00
  435   -2.00   91.96  130.00    1.00    0.00    0.00
  436   -2.00   91.96  130.00    1.00    0.00    0.00
  437   -2.00   91.96  130.00    0.50    0.00    0.00
  438   -2.00   91.96  130.00    1.00    0.00    0.00
  439   -2.00   91.96  140.00    1.00    0.00    0.00
  440   -2.00   91.96  130.00    2.00    0.00    0.00
  441   -2.00   91.96  130.00    2.00    0.00    0.00
  442   -2.00   91.96  130.00    2.00    0.00   31.00
  443   -2.00   91.96  130.00    2.00   54.59   88.00
  444   -2.00   65.36  130.00    2.00  187.40  110.00
  445   -2.00   84.52  130.00    2.00  136.61  118.00
  446   -2.00   84.52  130.00    2.00  228.33   81.00
  447   -3.00   84.41    0.00    2.00  129.84   40.00
  448   -4.00   84.30   40.00    2.00    0.00    0.00
  449   -4.00   91.85  130.00    2.00    0.00    0.00
  450   -5.00   84.20  130.00    1.00    0.00    0.00
  451   -5.00   91.79  130.00    1.00    0.00    0.00
  452   -6.00   91.73  130.00    2.00    0.00    0.00
  453   -8.00   91.61  130.00    2.00    0.00    0.00
  454   -8.00   91.61  130.00    1.00    0.00    0.00
  455   -9.00   83.75  130.00    2.00    0.00    0.00
  456   -9.00   83.75  130.00    0.50    0.00    0.00
  457   -8.00   91.61  130.00    2.00    0.00    0.00
  458   -8.00   83.86  130.00    1.00    0.00    0.00
  459   -8.00   91.61  130.00    2.00    0.00    0.00
  460   -7.00   83.97  130.00    2.00    0.00    0.00
  461   -7.00   83.97  130.00    1.00    0.00    0.00
  462   -7.00   83.97  130.00    1.00    0.00    0.00
  463   -7.00   83.97  130.00    2.00    0.00    0.00
  464   -5.00   84.20   30.00    0.50    0.00    0.00
  465   -6.00   91.73   20.00    1.00    0.00    0.00
  466   -6.00   91.73   60.00    0.50    0.00   37.00
  467   -5.00   84.20    0.00    0.00   40.14   97.00
  468   -5.00   84.20   50.00    2.00   92.17  129.00
  469   -5.00   91.79   40.00    2.00   43.20  135.00
  470   -5.00   91.79   40.00    2.00   37.34  108.00
  471   -5.00   84.20   40.00    2.00   44.61   53.00
  472   -5.00   91.79   50.00    1.00    0.00    0.00
  473   -5.00   84.20   60.00    2.00    0.00    0.00
  474   -6.00   84.09   50.00    2.00    0.00    0.00
  475   -6.00   84.09   30.00    4.00    0.00    0.00
  476   -6.00   84.09   50.00    4.00    0.00    0.00
  477   -5.00   84.20   80.00    2.00    0.00    0.00
  478   -5.00   84.20   70.00    2.00    0.00    0.00
  479   -5.00   84.20   70.00    2.00    0.00    0.00
  480   -5.00   84.20   80.00    2.00    0.00    0.00
  481   -5.00   84.20   90.00    2.00    0.00    0.00
  482   -5.00   84.20   80.00    2.00    0.00    0.00
  483   -5.00   84.20   80.00    2.00    0.00    0.00
  484   -5.00   91.79   90.00    2.00    0.00    0.00
  485   -4.00   84.30   90.00    3.00    0.00    0.00
  486   -4.00   84.30  100.00    2.00    0.00    0.00
  487   -5.00  100.00   90.00    2.00    0.00    0.00
  488   -5.00   91.79  110.00    2.50    0.00    0.00
  489   -4.00   91.85  100.00    2.00    0.00    0.00
  490   -4.00   91.85  120.00    3.00    0.00   42.00
  491   -3.00   84.41  120.00    3.00    0.00   86.00
  492   -3.00   84.41  120.00    4.00  125.89  117.00
  493   -3.00   84.41  120.00    5.00  179.41  115.00
  494   -3.00   84.41  110.00    4.00   47.10   93.00
  495   -3.00   77.48  110.00    3.00   94.09   49.00
  496   -4.00   77.33  100.00    4.00    0.00    0.00
  497   -4.00   77.33  100.00    4.00    0.00    0.00
  498   -4.00   77.33  100.00    3.00    0.00    0.00
  499   -5.00   77.18  110.00    5.00    0.00    0.00
  500   -5.00   77.18  120.00    6.00    0.00    0.00
  501   -5.00   77.18  100.00    5.00    0.00    0.00
  502   -5.00   77.18  110.00    6.00    0.00    0.00
  503   -5.00   77.18  120.00    6.00    0.00    0.00
  504   -5.00   77.18  110.00    6.00    0.00    0.00
  505   -5.00   77.18  110.00    6.00    0.00    0.00
  506   -5.00   77.18  120.00    5.00    0.00    0.00
  507   -5.00   77.18  130.00    4.00    0.00    0.00
  508   -5.00   77.18  130.00    6.00    0.00    0.00
  509   -5.00   77.18  120.00    5.00    0.00    0.00
  510   -5.00   77.18  120.00    5.00    0.00    0.00
  511   -4.00   77.33  120.00    5.00    0.00    0.00
  512   -4.00   77.33  120.00    4.00    0.00    0.00
  513   -4.00   84.30  130.00    5.00    0.00    0.00
  514   -4.00   84.30  120.00    5.00    0.00   45.00
  515   -3.00   84.41  110.00    4.00    0.00   90.00
  516   -3.00   84.41  110.00    4.00    0.00  103.00
  517   -3.00   84.41  100.00    4.00    0.00   90.00
  518   -3.00   84.41  100.00    5.00    0.00   66.00
  519   -3.00   84.41   90.00    5.00    0.00   32.00
  520   -3.00   91.91   90.00    5.00    0.00    0.00
  521   -3.00   91.91  100.00    4.00    0.00    0.00
  522   -3.00   91.91  100.00    3.00    0.00    0.00
  523   -3.00   91.91   90.00    3.00    0.00    0.00
  524   -3.00   91.91   90.00    2.00    0.00    0.00
  525   -3.00   91.91   90.00    2.00    0.00    0.00
  526   -3.00   91.91   80.00    2.00    0.00    0.00
  527   -3.00   91.91   70.00    2.00    0.00    0.00
  528   -3.00   91.91   50.00    1.00    0.00    0.00
  529   -3.00   91.91   50.00    1.00    0.00    0.00
  530   -3.00   91.91   50.00    1.00    0.00    0.00
  531   -3.00   91.91   60.00    1.00    0.00    0.00
  532   -3.00   91.91   60.00    1.00    0.00    0.00
  533   -4.00   91.85   40.00    1.00    0.00    0.00
  534   -5.00   91.79   50.00    2.00    0.00    0.00
  535   -7.00   91.67   20.00    1.00    0.00    0.00
  536   -8.00   91.61   10.00    1.00    0.00    0.00
  537   -8.00   91.61   20.00    2.00    0.00    0.00
  538   -7.00   91.67   50.00    2.00   23.96   56.00
  539   -6.00   91.73   50.00    2.00   31.46  106.00
  540   -5.00   91.79   70.00    1.00    0.00  100.00
  541   -5.00   91.79   70.00    2.00   27.39  112.00
  542   -5.00   91.79   60.00    2.00   25.18   89.00
  543   -5.00   84.20   50.00    3.00   13.72   47.00
  544   -5.00   84.20   60.00    2.00    0.00    0.00
  545   -5.00   91.79   70.00    2.00    0.00    0.00
  546   -6.00   91.73   50.00    2.00    0.00    0.00
  547   -6.00   91.73   60.00    2.00    0.00    0.00
  548   -6.00   91.73   80.00    2.00    0.00    0.00
  549   -6.00   91.73   80.00    2.50    0.00    0.00
  550   -6.00   91.73   50.00    2.00    0.00    0.00
  551   -5.00   91.79   40.00    2.00    0.00    0.00
  552   -6.00   91.73   20.00    2.00    0.00    0.00
  553   -6.00   91.73   20.00    2.00    0.00    0.00
  554   -6.00   91.73   20.00    1.50    0.00    0.00
  555   -6.00   91.73   10.00    1.00    0.00    0.00
  556   -6.00   91.73   20.00    1.00    0.00    0.00
  557   -6.00   91.73   40.00    0.50    0.00    0.00
  558   -5.00   91.79   60.00    1.50    0.00    0.00
  559   -5.00   91.79   60.00    1.00    0.00    0.00
  560   -5.00   91.79   30.00    1.00    0.00    0.00
  561   -6.00   91.73   50.00    2.00    0.00    0.00
  562   -6.00   91.73   40.00    1.00  185.15   56.00
  563   -5.00   91.79   50.00    1.00  178.68  106.00
  564   -3.00   91.91   70.00    1.00  224.80  123.00
  565   -3.00   91.91  220.00    1.00   85.27  126.00
  566   -4.00   91.85   80.00    0.50   59.27   99.00
  567   -3.00   91.91   50.00    0.50   20.05   49.00
  568   -3.00   91.91  200.00    0.50    0.00    0.00
  569   -3.00   91.91  130.00    0.50    0.00    0.00
  570   -3.00   84.41  130.00    1.50    0.00    0.00
  571   -2.00   84.52  150.00    2.50    0.00    0.00
  572   -3.00   84.41  160.00    3.00    0.00    0.00
  573   -2.00   84.52  140.00    2.00    0.00    0.00
  574   -3.00   84.41  140.00    4.00    0.00    0.00
  575   -3.00   84.41  150.00    3.00    0.00    0.00
  576   -2.00   84.52  150.00    2.00    0.00    0.00
  577   -2.00   84.52  150.00    1.50    0.00    0.00
  578   -2.00   91.96  140.00    2.00    0.00    0.00
  579   -2.00   91.96  140.00    1.50    0.00    0.00
  580   -1.00   84.62  140.00    1.50    0.00    0.00
  581   -1.00   84.62  150.00    3.00    0.00    0.00
  582   -1.00   92.02  140.00    2.50    0.00    0.00
  583   -1.00   92.02  120.00    3.50    0.00    0.00
  584   -1.00   92.02  110.00    3.50    0.00    0.00
  585   -1.00   92.02  130.00    4.00    0.00    0.00
  586   -1.00   92.02  130.00    4.50    0.00   47.00
  587   -1.00   84.62  120.00    5.50    0.00   93.00
  588   -1.00   84.62  120.00    6.00    0.00  151.00
  589   -2.00   84.52  120.00    6.00    0.00  146.00
  590   -2.00   84.52  110.00    6.00    0.00  106.00
  591   -2.00   84.52  110.00    5.50    0.00   56.00
  592   -2.00   84.52  110.00    5.00    0.00    0.00
  593   -2.00   84.52  100.00    5.00    0.00    0.00
  594   -1.00   84.62  100.00    5.00    0.00    0.00
  595   -1.00   84.62  100.00    6.00    0.00    0.00
  596   -1.00   92.02  100.00    6.50    0.00    0.00
  597   -0.10   85.43  100.00    6.50    0.00    0.00
  598   -0.10   85.43  120.00   10.00    0.00    0.00
  599    0.00   88.66  120.00   10.50    0.00    0.00
  600    0.00   88.66  110.00   10.00    0.00    0.00
  601    0.00   88.66  110.00    8.50    0.00    0.00
  602    0.00   88.66  110.00    9.00    0.00    0.00
  603    0.00   88.66  110.00    7.50    0.00    0.00
  604    0.00   88.66  110.00    8.00    0.00    0.00
  605    1.00   93.02  110.00    9.00    0.00    0.00
  606    1.00   93.02  130.00    9.00    0.00    0.00
  607    1.00   93.02  130.00    9.00    0.00    0.00
  608    1.00  100.00  130.00   10.00    0.00    0.00
  609    2.00   93.07  130.00   10.00    0.00    0.00
  610    3.00  100.00  140.00   10.50    0.00   43.00
  611    4.00   93.18  150.00   11.50    0.00   87.00
  612    3.00  100.00  150.00   11.50    0.00  108.00
  613    2.00  100.00  150.00   11.00    0.00  105.00
  614    2.00  100.00  170.00   10.00    0.00   80.00
  615    2.00  100.00  170.00   10.00    0.00   44.00
  616    2.00  100.00  170.00   11.00    0.00    0.00
  617    2.00  100.00  160.00   10.00    0.00    0.00
  618    2.00  100.00  170.00    8.00    0.00    0.00
  619    2.00  100.00  180.00    6.00    0.00    0.00
  620    2.00  100.00  180.00    7.00    0.00    0.00
  621    2.00  100.00  180.00    7.00    0.00    0.00
  622    2.00  100.00  180.00    8.00    0.00    0.00
  623    2.00  100.00  170.00    7.00    0.00    0.00
  624    2.00  100.00  170.00    7.00    0.00    0.00
  625    2.00  100.00  170.00    7.00    0.00    0.00
  626    2.00  100.00  170.00    4.00    0.00    0.00
  627    1.00  100.00  110.00    1.50    0.00    0.00
  628    1.00  100.00  120.00    1.50    0.00    0.00
  629    1.00  100.00    0.00    0.00    0.00    0.00
  630    1.00  100.00    0.00    0.00    0.00    0.00
  631    1.00  100.00    0.00    0.00    0.00    0.00
  632    1.00  100.00    0.00    0.00    0.00    0.00
  633    1.00  100.00  300.00    1.50    0.00    0.00
  634    1.00  100.00  310.00    1.50    0.00   40.00
  635    1.00  100.00  320.00    2.00    0.00   79.00
  636    0.00  100.00  320.00    3.00    0.00  101.00
  637   -0.10  100.00  320.00    4.00    0.00  112.00
  638   -0.10  100.00  340.00    3.50    0.00   95.00
  639   -1.00   92.02  340.00    4.50    0.00   52.00
  640   -1.00   92.02  350.00    5.00    0.00    0.00
  641   -2.00   91.96  350.00    5.00    0.00    0.00
  642   -2.00   84.52  350.00    4.50    0.00    0.00
  643   -3.00   77.48  340.00    2.50    0.00    0.00
  644   -4.00   77.33  330.00    3.50    0.00    0.00
  645   -5.00   70.70  340.00    3.00    0.00    0.00
  646   -5.00   70.70  320.00    3.00    0.00    0.00
  647   -5.00   64.73  320.00    3.00    0.00    0.00
  648   -6.00   64.51  320.00    2.50    0.00    0.00
  649   -6.00   64.51    0.00    0.00    0.00    0.00
  650   -6.00   64.51  350.00    1.00    0.00    0.00
  651   -7.00   64.29    0.00    0.00    0.00    0.00
  652   -7.00   76.87    0.00    0.00    0.00    0.00
  653   -8.00   76.72    0.00    0.00    0.00    0.00
  654   -8.00   76.72  140.00    1.00    0.00    0.00
  655   -8.00   76.72  140.00    1.00    0.00    0.00
  656   -8.00   76.72  130.00    1.50    0.00    0.00
  657   -7.00   76.87  150.00    1.00    4.50    8.00
  658   -5.00   84.20  160.00    1.50  370.37   51.00
  659   -3.00   84.41  200.00    3.00  407.29   97.00
  660   -2.00   84.52  210.00    4.00  245.06  129.00
  661   -0.10   78.56  220.00    4.50  456.48   97.00
  662   -1.00   71.43  220.00    4.00  260.48  106.00
  663   -2.00   77.63  210.00    2.50  156.60   67.00
  664   -2.00   77.63  190.00    2.00   11.77    3.00
  665   -3.00   84.41  180.00    2.50    0.00    0.00
  666   -3.00   77.48  170.00    2.50    0.00    0.00
  667   -4.00   77.33  130.00    2.50    0.00    0.00
  668   -4.00   77.33  150.00    2.50    0.00    0.00
  669   -5.00   77.18  130.00    2.50    0.00    0.00
  670   -5.00   77.18   90.00    1.50    0.00    0.00
  671   -6.00   84.09   90.00    1.50    0.00    0.00
  672   -6.00   84.09   90.00    1.00    0.00    0.00
  673   -6.00   84.09   90.00    2.50    0.00    0.00
  674   -6.00   84.09   90.00    3.00    0.00    0.00
  675   -6.00   84.09   50.00    3.00    0.00    0.00
  676   -6.00   84.09   30.00    3.50    0.00    0.00
  677   -6.00   84.09   20.00    3.50    0.00    0.00
  678   -6.00   84.09   10.00    3.00    0.00    0.00
  679   -6.00   84.09   10.00    3.50    0.00    0.00
  680   -6.00   84.09   10.00    4.00    0.00    0.00
  681   -5.00   91.79   20.00    3.00    0.00    6.00
  682   -5.00   91.79   20.00    3.00    0.00   66.00
  683   -4.00   91.85   10.00    3.50    0.00   81.00
  684   -4.00   91.85   20.00    5.00    0.00  145.00
  685   -4.00   91.85   20.00    6.00    0.00  145.00
  686   -4.00   91.85   10.00    5.50    0.00  117.00
  687   -3.00   91.91   10.00    6.00    0.00   46.00
  688   -3.00   91.91    0.00    5.00    0.00    3.00
  689   -3.00   91.91  350.00    5.00    0.00    0.00
  690   -4.00   91.85  350.00    4.50    0.00    0.00
  691   -4.00   91.85  340.00    4.00    0.00    0.00
  692   -4.00   91.85  340.00    5.00    0.00    0.00
  693   -4.00   91.85  340.00    4.00    0.00    0.00
  694   -4.00   91.85  330.00    5.00    0.00    0.00
  695   -4.00   91.85  340.00    4.00    0.00    0.00
  696   -5.00  100.00  350.00    3.50    0.00    0.00
  697   -6.00   84.09  340.00    2.50    0.00    0.00
  698   -6.00   84.09  340.00    1.50    0.00    0.00
  699   -6.00   84.09   10.00    1.00    0.00    0.00
  700   -7.00   91.67   10.00    1.00    0.00    0.00
  701   -8.00   83.86    0.00    0.00    0.00    0.00
  702   -8.00   83.86   20.00    1.00    0.00    0.00
  703   -9.00   83.75    0.00    0.00    0.00    0.00
  704  -10.00   76.41    0.00    0.00    0.00    0.00
  705  -10.00   76.41    0.00    0.00    8.64   13.00
  706  -10.00   76.41    0.00    0.00  402.68   57.00
  707   -9.00   76.56    0.00    0.00  568.55   81.00
  708   -7.00   76.87    0.00    0.00  524.31  103.00
  709   -6.00   77.03    0.00    0.00  489.29  103.00
  710   -5.00   84.20    0.00    0.00  360.43   97.00
  711   -5.00   84.20    0.00    0.00  251.91   61.00
  712   -4.00   77.33    0.00    0.00   42.93    9.00
  713   -5.00   84.20    0.00    0.00    0.00    0.00
  714   -7.00   83.97    0.00    0.00    0.00    0.00
  715   -8.00   83.86    0.00    0.00    0.00    0.00
  716   -8.00   83.86    0.00    0.00    0.00    0.00
  717  -10.00   83.63    0.00    0.00    0.00    0.00
  718  -11.00   91.42    0.00    0.00    0.00    0.00
  719  -10.00   83.63    0.00    0.00    0.00    0.00
  720  -11.00   91.42    0.00    0.00    0.00    0.00
  721  -11.00   91.42   90.00    1.00    0.00    0.00
  722  -12.00   91.36   80.00    2.00    0.00    0.00
  723  -13.00  100.00   90.00    1.00    0.00    0.00
  724  -12.00   91.36  140.00    1.00    0.00    0.00
  725  -11.00   91.42    0.00    0.00    0.00    0.00
  726   -8.00   91.61    0.00    0.00    0.00    0.00
  727   -8.00   91.61    0.00    0.00    0.00    0.00
  728   -7.00   91.67    0.00    0.00    0.00    0.00
  729   -7.00   91.67    0.00    0.00    0.00    7.00
  730   -7.00   91.67    0.00    0.00    0.00   53.00
  731   -6.00   91.73    0.00    0.00    0.00   86.00
  732   -6.00   91.73    0.00    0.00    0.00   96.00
  733   -6.00   91.73    0.00    0.00    7.95  127.00
  734   -5.00   91.79    0.00    0.00   12.93  106.00
  735   -5.00   91.79    0.00    0.00    0.00   50.00
  736   -5.00   91.79    0.00    0.00    0.00    7.00
  737   -5.00   91.79    0.00    0.00    0.00    0.00
  738   -4.00   91.85    0.00    0.00    0.00    0.00
  739   -4.00   91.85    0.00    0.00    0.00    0.00
  740   -4.00   91.85    0.00    0.00    0.00    0.00
  741   -3.00   91.91    0.00    0.00    0.00    0.00
  742   -4.00   91.85    0.00    0.00    0.00    0.00
  743   -3.00   91.91    0.00    0.00    0.00    0.00
  744   -3.00   91.91  150.00    1.00    0.00    0.00
  745   -2.00   91.96  170.00    5.00    0.00    0.00
  746   -3.00  100.00  140.00    1.00    0.00    0.00
  747   -3.00  100.00    0.00    0.00    0.00    0.00
  748   -3.00  100.00    0.00    0.00    0.00    0.00
  749   -2.00   91.96  160.00    3.00    0.00    0.00
  750   -2.00  100.00  170.00    3.50    0.00    0.00
  751   -1.00  100.00  160.00    4.00    0.00    0.00
  752   -1.00  100.00  180.00    1.00    0.00    0.00
  753   -0.10   92.84  170.00    2.00    0.00    5.00
  754    0.00   88.66  170.00    1.00    0.00   51.00
  755    0.00   88.66  220.00    2.00    0.00   88.00
  756    0.00   88.66  200.00    1.00    0.00  108.00
  757    0.00   88.66  200.00    2.00   11.71  126.00
  758    1.00   93.02  180.00    1.00    8.46   99.00
  759    0.00   88.66  170.00    1.00    5.44   62.00
  760   -0.10   92.84  180.00    1.00    0.00    7.00
  761   -0.10   92.84  160.00    1.00    0.00    0.00
  762   -0.10   92.84  170.00    1.00    0.00    0.00
  763   -1.00   92.02  170.00    1.00    0.00    0.00
  764   -1.00   92.02  170.00    1.50    0.00    0.00
  765   -1.00   92.02  170.00    1.00    0.00    0.00
  766   -1.00   92.02  170.00    1.00    0.00    0.00
  767   -1.00   92.02  170.00    1.00    0.00    0.00
  768   -2.00   91.96  170.00    2.50    0.00    0.00
  769   -2.00   91.96  170.00    5.00    0.00    0.00
  770   -3.00   91.91  170.00    4.00    0.00    0.00
  771   -3.00   91.91  170.00    4.00    0.00    0.00
  772   -3.00   91.91  170.00    6.00    0.00    0.00
  773   -3.00   91.91  170.00    5.00    0.00    0.00
  774   -3.00   84.41  170.00    4.50    0.00    0.00
  775   -3.00   84.41  170.00    6.00    0.00    0.00
  776   -3.00   84.41  170.00    5.00    0.00    0.00
  777   -3.00   84.41  170.00    5.00    0.00   13.00
  778   -3.00   84.41  170.00    5.00    0.00   73.00
  779   -3.00   84.41  170.00    5.00   65.90  125.00
  780   -3.00   84.41  170.00    5.00   65.11  151.00
  781   -3.00   84.41  170.00    6.00  122.75  152.00
  782   -3.00   84.41  170.00    2.00   45.63  124.00
  783   -3.00   91.91  180.00    8.00    0.00   67.00
  784   -4.00   91.85  160.00    5.00    0.00   12.00
  785   -4.00   91.85  180.00    4.00    0.00    0.00
  786   -4.00   91.85  180.00    5.00    0.00    0.00
  787   -4.00   84.30  190.00    5.00    0.00    0.00
  788   -4.00   77.33  180.00    5.00    0.00    0.00
  789   -4.00   77.33  180.00    4.00    0.00    0.00
  790   -3.00   84.41  190.00    6.00    0.00    0.00
  791   -2.00   84.52  160.00    5.00    0.00    0.00
  792   -2.00   84.52  150.00    6.00    0.00    0.00
  793   -2.00   84.52  160.00    5.00    0.00    0.00
  794   -2.00   84.52  160.00    6.00    0.00    0.00
  795   -2.00   84.52  160.00    6.00    0.00    0.00
  796   -1.00   84.62  160.00    8.00    0.00    0.00
  797   -1.00   84.62  160.00    7.00    0.00    0.00
  798   -1.00   84.62  160.00    7.00    0.00    0.00
  799   -1.00   84.62  150.00    7.50    0.00    0.00
  800   -1.00   84.62  150.00    7.00    0.00    0.00
  801   -1.00   92.02  160.00    9.00    0.00   11.00
  802   -1.00   84.62  160.00    7.00    0.00   85.00
  803   -1.00   84.62  150.00    7.00    0.00  144.00
  804   -1.00   84.62  160.00    9.00    0.00  129.00
  805    0.00   81.59  160.00   10.00    0.00  130.00
  806    0.00   81.59  160.00   11.00    0.00  109.00
  807    0.00   88.66  160.00   11.00    0.00   65.00
  808    0.00   88.66  150.00   10.00    9.00   14.00
  809   -0.10   92.84  150.00    9.00    0.00    0.00
  810   -1.00   77.77  140.00    9.00    0.00    0.00
  811   -1.00   65.57  130.00    7.00    0.00    0.00
  812   -1.00   65.57  130.00    7.00    0.00    0.00
  813   -1.00   65.57  140.00    7.00    0.00    0.00
  814   -1.00   71.43  130.00    6.00    0.00    0.00
  815   -2.00   71.25  130.00    6.00    0.00    0.00
  816   -2.00   71.25  130.00    6.00    0.00    0.00
  817   -2.00   77.63  140.00    6.00    0.00    0.00
  818   -2.00   77.63  140.00    6.00    0.00    0.00
  819   -2.00   77.63  140.00    6.00    0.00    0.00
  820   -1.00   77.77  130.00    9.00    0.00    0.00
  821   -1.00   77.77  130.00    7.00    0.00    0.00
  822   -2.00   84.52  130.00    7.00    0.00    0.00
  823   -2.00   91.96  130.00    8.00    0.00    0.00
  824   -2.00   91.96  130.00    8.00    0.00    0.00
  825   -2.00   91.96  130.00    7.00    0.00   13.00
  826   -1.00   92.02  130.00    9.00    0.00   66.00
  827    0.00   88.66  160.00    9.00    0.00  104.00
  828    1.00  100.00  160.00    9.00    0.00  124.00
  829    2.00  100.00  190.00    6.00    0.00  123.00
  830    2.00  100.00  180.00    6.00   63.87  131.00
  831    2.00  100.00  180.00    6.00    0.00   66.00
  832    2.00  100.00  180.00    9.00    0.00    9.00
  833    2.00  100.00  180.00    6.00    0.00    0.00
  834    1.00  100.00  180.00    7.00    0.00    0.00
  835    2.00   93.07  170.00    7.00    0.00    0.00
  836    2.00   93.07  190.00    7.00    0.00    0.00
  837    2.00   93.07  190.00    7.00    0.00    0.00
  838    2.00   93.07  200.00    7.00    0.00    0.00
  839    2.00   93.07  200.00    7.00    0.00    0.00
  840    2.00   93.07  200.00    6.00    0.00    0.00
  841    1.00  100.00  200.00    6.00    0.00    0.00
  842    1.00  100.00  200.00    6.00    0.00    0.00
  843    1.00  100.00  200.00    6.00    0.00    0.00
  844    1.00  100.00  190.00    6.00    0.00    0.00
  845    1.00  100.00  200.00    7.00    0.00    0.00
  846    1.00  100.00  190.00    6.00    0.00    0.00
  847    1.00  100.00  190.00    6.00    0.00    0.00
  848    1.00  100.00  180.00    5.00    0.00    0.00
  849    2.00   93.07  180.00    6.00    0.00   12.00
  850    1.00  100.00  180.00    6.00    0.00   51.00
  851    1.00  100.00  180.00    8.00    0.00   79.00
  852    1.00  100.00  170.00    6.00    0.00  127.00
  853    1.00  100.00  170.00    5.00    0.00  127.00
  854    1.00  100.00  160.00    5.00    0.00  121.00
  855    1.00  100.00  160.00    4.00    0.00   75.00
  856    0.00   88.66  160.00    3.00    0.00   16.00
  857    0.00   88.66  160.00    2.00    0.00    0.00
  858    0.00   88.66  160.00    3.00    0.00    0.00
  859    0.00   88.66  160.00    3.00    0.00    0.00
  860    1.00   93.02  160.00    2.00    0.00    0.00
  861    1.00   93.02  160.00    3.00    0.00    0.00
  862    0.00   88.66  140.00    4.00    0.00    0.00
  863    0.00   88.66  140.00    3.00    0.00    0.00
  864    0.00   88.66  140.00    3.00    0.00    0.00
  865   -0.10  100.00  150.00    3.00    0.00    0.00
  866   -0.10  100.00  150.00    4.00    0.00    0.00
  867    0.00  100.00  120.00    1.50    0.00    0.00
  868    0.00   88.66  130.00    2.00    0.00    0.00
  869    0.00   88.66  120.00    2.00    0.00    0.00
  870    0.00   95.50  120.00    2.00    0.00    0.00
  871    0.00   88.66   80.00    2.00    0.00    0.00
  872    0.00   88.66   60.00    2.00    0.00    0.00
  873    0.00   88.66   90.00    2.00    0.00   17.00
  874    1.00  100.00  100.00    1.00    0.00   69.00
  875    1.00  100.00   90.00    1.00    0.00  108.00
  876    1.00  100.00   80.00    0.50    0.00  130.00
  877    1.00  100.00  110.00    0.50    0.00  127.00
  878    2.00  100.00   90.00    2.00    0.00   91.00
  879    2.00  100.00   80.00    1.00    0.00   55.00
  880    2.00  100.00   60.00    1.00    0.00   12.00
  881    1.00  100.00   40.00    2.00    0.00    0.00
  882    1.00  100.00   50.00    1.00    0.00    0.00
  883    1.00  100.00   40.00    1.00    0.00    0.00
  884    0.00   88.66   50.00    1.00    0.00    0.00
  885    0.00   88.66   40.00    1.00    0.00    0.00
  886   -0.10   92.84   50.00    1.00    0.00    0.00
  887   -0.10   92.84    0.00    0.00    0.00    0.00
  888   -0.10   92.84   20.00    0.50    0.00    0.00
  889    1.00  100.00   50.00    1.00    0.00    0.00
  890    1.00  100.00   30.00    0.50    0.00    0.00
  891    1.00  100.00   40.00    1.50    0.00    0.00
  892    1.00  100.00   20.00    1.00    0.00    0.00
  893    1.00  100.00   40.00    1.00    0.00    0.00
  894    1.00  100.00   50.00    1.50    0.00    0.00
  895    1.00  100.00   70.00    1.50    0.00    0.00
  896    1.00  100.00   70.00    1.00    0.00    0.00
  897    1.00  100.00   70.00    1.00    0.00   16.00
  898    1.00  100.00   80.00    1.00    0.00   69.00
  899    2.00   93.07   70.00    1.00    0.00  115.00
  900    2.00   93.07   80.00    2.50    0.00  140.00
  901    2.00   93.07  100.00    2.50    0.00  144.00
  902    2.00   93.07  110.00    2.50    0.00  104.00
  903    2.00   93.07  110.00    3.00    0.00   65.00
  904    2.00   93.07  110.00    3.00    0.00   16.00
  905    2.00   93.07  110.00    2.00    0.00    0.00
  906    2.00   93.07   90.00    1.50    0.00    0.00
  907    2.00   93.07   80.00    1.00    0.00    0.00
  908    1.00  100.00   70.00    2.00    0.00    0.00
  909    1.00  100.00   60.00    1.00    0.00    0.00
  910    1.00  100.00   50.00    1.50    0.00    0.00
  911    1.00   93.02   30.00    1.50    0.00    0.00
  912    1.00   93.02   20.00    2.00    0.00    0.00
  913    1.00   93.02   20.00    2.00    0.00    0.00
  914    1.00   93.02   30.00    1.50    0.00    0.00
  915    0.00   88.66   20.00    2.00    0.00    0.00
  916    0.00   88.66   10.00    2.00    0.00    0.00
  917    0.00   88.66   10.00    2.00    0.00    0.00
  918    0.00   88.66   10.00    3.00    0.00    0.00
  919    0.00   88.66    0.00    1.50    0.00    0.00
  920    0.00   88.66    0.00    4.00    0.00    0.00
  921    0.00   88.66    0.00    4.00    0.00   23.00
  922   -0.10  100.00  350.00    3.00    0.00   82.00
  923   -0.10   92.84  350.00    4.00    0.00  131.00
  924    0.00   88.66   10.00    5.50    0.00  158.00
  925    0.00   88.66    0.00    5.00    0.00  158.00
  926   -0.10   92.84   10.00    4.50   48.12  154.00
  927   -0.10   92.84   10.00    4.00   36.83   91.00
  928   -0.10   92.84   10.00    4.00   29.69   27.00
  929   -0.10   78.56  350.00    2.00    0.00    0.00
  930   -1.00   77.77  340.00    2.50    0.00    0.00
  931   -1.00   77.77  340.00    3.50    0.00    0.00
  932   -2.00   77.63  340.00    5.00    0.00    0.00
  933   -3.00   71.07    0.00    2.50    0.00    0.00
  934   -4.00   70.89  350.00    1.50    0.00    0.00
  935   -5.00   77.18  340.00    2.00    0.00    0.00
  936   -6.00   84.09  330.00    3.00    0.00    0.00
  937   -6.00   84.09  350.00    3.00    0.00    0.00
  938   -7.00   83.97  340.00    2.00    0.00    0.00
  939   -7.00   83.97    0.00    2.00    0.00    0.00
  940   -7.00   76.87  340.00    1.00    0.00    0.00
  941   -7.00   76.87  330.00    0.50    0.00    0.00
  942   -7.00   76.87    0.00    0.00    0.00    0.00
  943   -8.00   83.86    0.00    0.00    0.00    0.00
  944   -8.00   83.86    0.00    0.00    0.00    0.00
  945   -8.00   83.86    0.00    0.00  114.09   25.00
  946   -8.00   83.86    0.00    0.00  550.42   51.00
  947   -6.00   84.09    0.00    0.00  735.51   85.00
  948   -6.00   70.52    0.00    0.00  730.70   97.00
  949   -4.00   59.45    0.00    0.00  692.16   97.00
  950   -4.00   59.45    0.00    0.00  617.60   86.00
  951   -2.00   54.88  300.00    1.50  477.02   63.00
  952   -1.00   60.14  300.00    2.00  243.58   24.00
  953   -2.00   65.36  290.00    1.00    0.00    0.00
  954   -3.00   71.07  290.00    0.50    0.00    0.00
  955   -3.00   77.48  200.00    0.50    0.00    0.00
  956   -4.00   84.30  180.00    1.00    0.00    0.00
  957   -4.00   84.30    0.00    0.00    0.00    0.00
  958   -5.00   91.79  170.00    1.00    0.00    0.00
  959   -5.00   91.79  180.00    1.50    0.00    0.00
  960   -5.00   91.79  240.00    2.00    0.00    0.00
  961   -5.00   91.79  210.00    1.50    0.00    0.00
  962   -5.00   91.79  200.00    1.00    0.00    0.00
  963   -5.00   91.79  200.00    0.50    0.00    0.00
  964   -5.00   91.79  110.00    0.50    0.00    0.00
  965   -6.00   91.73    0.00    0.00    0.00    0.00
  966   -7.00   91.67    0.00    0.00    0.00    0.00
  967   -6.00   91.73    0.00    0.00    0.00    0.00
  968   -5.00   91.79   30.00    1.00    0.00    0.00
  969   -5.00   91.79    0.00    0.00    0.00   29.00
  970   -5.00   91.79    0.00    0.00    0.00   78.00
  971   -5.00   91.79    0.00    0.00  102.23  153.00
  972   -5.00   91.79   20.00    1.00  460.82  141.00
  973   -4.00   84.30   30.00    1.00  476.87  134.00
  974   -4.00   84.30   20.00    2.50  470.76  108.00
  975   -2.00   71.25   30.00    2.50  365.18   77.00
  976   -3.00   77.48   20.00    3.50  179.92   31.00
  977   -3.00   77.48   50.00    5.00    0.00    0.00
  978   -5.00   77.18   40.00    3.00    0.00    0.00
  979   -7.00   76.87   70.00    2.50    0.00    0.00
  980   -7.00   76.87   70.00    2.00    0.00    0.00
  981   -8.00   83.86   50.00    4.00    0.00    0.00
  982   -8.00   76.72   60.00    1.00    0.00    0.00
  983   -8.00   83.86   50.00    3.00    0.00    0.00
  984   -8.00   76.72   40.00    1.50    0.00    0.00
  985   -8.00   83.86   20.00    1.50    0.00    0.00
  986   -9.00   83.75   30.00    2.00    0.00    0.00
  987   -8.00   70.14   40.00    2.50    0.00    0.00
  988   -8.00   70.14   40.00    3.00    0.00    0.00
  989   -8.00   70.14   40.00    2.50    0.00    0.00
  990   -9.00   69.95   40.00    2.50    0.00    0.00
  991   -9.00   69.95   40.00    2.00    0.00    0.00
  992   -9.00   69.95   50.00    4.00    0.00    0.00
  993   -9.00   69.95   60.00    4.00   86.68   58.00
  994   -9.00   69.95   50.00    3.00  100.09  144.00
  995   -9.00   69.95   50.00    3.50  100.08  211.00
  996   -8.00   70.14   60.00    4.00  100.19  245.00
  997   -7.00   70.33   50.00    5.00   95.06  244.00
  998   -6.00   70.52   60.00    5.00  168.07  187.00
  999   -5.00   70.70   60.00    5.00  210.84  121.00
 1000   -5.00   70.70   50.00    4.50   73.59   53.00
 1001   -6.00   70.52   70.00    5.00    0.00    0.00
 1002   -6.00   77.03   60.00    5.50    0.00    0.00
 1003   -6.00   77.03   60.00    5.50    0.00    0.00
 1004   -7.00   76.87   70.00    3.00    0.00    0.00
 1005   -7.00   76.87   70.00    4.00    0.00    0.00
 1006   -7.00   76.87   70.00    5.00    0.00    0.00
 1007   -7.00   76.87   70.00    6.50    0.00    0.00
 1008   -7.00   76.87   60.00    5.50    0.00    0.00
 1009   -7.00   70.33   60.00    6.00    0.00    0.00
 1010   -7.00   70.33   70.00    4.50    0.00    0.00
 1011   -8.00   70.14   60.00    5.00    0.00    0.00
 1012   -8.00   76.72   60.00    6.50    0.00    0.00
 1013   -8.00   76.72   50.00    5.00    0.00    0.00
 1014   -8.00   76.72   50.00    5.50    0.00    0.00
 1015   -8.00   76.72   50.00    5.50    0.00    0.00
 1016   -8.00   76.72   60.00    4.50    0.00    0.00
 1017   -8.00   76.72   60.00    5.50    0.00   56.00
 1018   -8.00   76.72   60.00    5.50    0.00  112.00
 1019   -8.00   83.86   60.00    5.00    0.00  140.00
 1020   -8.00   83.86   60.00    6.00    0.00  155.00
 1021   -8.00   76.72   60.00    8.00    0.00  156.00
 1022   -8.00   83.86   60.00    7.00    0.00  130.00
 1023   -8.00   83.86   60.00    5.00    0.00   84.00
 1024   -7.00   83.97   60.00    5.50    0.00   34.00
 1025   -7.00   83.97   50.00    5.00    0.00    0.00
 1026   -8.00   83.86   60.00    5.50    0.00    0.00
 1027   -7.00   83.97   70.00    4.50    0.00    0.00
 1028   -7.00   91.67   60.00    4.50    0.00    0.00
 1029   -7.00   91.67   70.00    5.00    0.00    0.00
 1030   -7.00   91.67   70.00    7.00    0.00    0.00
 1031   -7.00   83.97   70.00    5.50    0.00    0.00
 1032   -7.00   83.97   70.00    6.00    0.00    0.00
 1033   -7.00   91.67   70.00    5.00    0.00    0.00
 1034   -6.00   91.73   70.00    7.00    0.00    0.00
 1035   -6.00   84.09   70.00    4.50    0.00    0.00
 1036   -6.00   84.09   70.00    6.00    0.00    0.00
 1037   -6.00   84.09   70.00    6.00    0.00    0.00
 1038   -5.00   84.20   80.00    6.00    0.00    0.00
 1039   -5.00   84.20   90.00    4.00    0.00    0.00
 1040   -5.00   77.18   80.00    4.00    0.00    0.00
 1041   -4.00   84.30   90.00    4.50    0.00   43.00
 1042   -4.00   84.30  100.00    8.00    0.00   97.00
 1043   -4.00   84.30  100.00    7.50    0.00  142.00
 1044   -4.00   84.30  100.00    6.00    0.00  179.00
 1045   -4.00   84.30   90.00    5.00    0.00  160.00
 1046   -3.00   84.41   90.00    4.50    0.00  149.00
 1047   -3.00   84.41  100.00    5.00    0.00  101.00
 1048   -3.00   84.41  100.00    4.00    0.00   39.00
 1049   -3.00   84.41   90.00    3.50    0.00    0.00
 1050   -2.00   84.52   90.00    4.00    0.00    0.00
 1051   -2.00   84.52   90.00    4.00    0.00    0.00
 1052   -2.00   84.52   80.00    3.00    0.00    0.00
 1053   -2.00   91.96   80.00    2.50    0.00    0.00
 1054   -1.00   84.62   80.00    2.50    0.00    0.00
 1055   -1.00   92.02   90.00    2.00    0.00    0.00
 1056   -1.00   92.02   80.00    2.50    0.00    0.00
 1057   -1.00   92.02   80.00    2.00    0.00    0.00
 1058   -1.00   92.02   90.00    2.00    0.00    0.00
 1059   -1.00   92.02   90.00    2.00    0.00    0.00
 1060   -1.00   84.62  120.00    4.00    0.00    0.00
 1061   -2.00   84.52  110.00    2.50    0.00    0.00
 1062   -2.00   84.52   90.00    2.50    0.00    0.00
 1063   -2.00   84.52   90.00    2.00    0.00    0.00
 1064   -3.00   84.41   90.00    2.00    0.00    0.00
 1065   -3.00   84.41   60.00    1.50    0.00   45.00
 1066   -2.00   84.52   90.00    3.00    0.00  110.00
 1067   -1.00   77.77  100.00    2.00    0.00  160.00
 1068   -1.00   84.62  100.00    4.00    0.00  185.00
 1069   -0.10   78.56  100.00    4.00    0.00  185.00
 1070    0.00   75.03   90.00    2.50    0.00  158.00
 1071    1.00   75.89   60.00    3.00    0.00  108.00
 1072    1.00   75.89   70.00    3.50    0.00   43.00
 1073    1.00   75.89   60.00    3.00    0.00    0.00
 1074    0.00   75.03   50.00    2.50    0.00    0.00
 1075   -1.00   77.77   50.00    1.00    0.00    0.00
 1076   -2.00   77.63   60.00    3.00    0.00    0.00
 1077   -2.00   77.63   30.00    2.50    0.00    0.00
 1078   -3.00   77.48   50.00    1.00    0.00    0.00
 1079   -2.00   77.63   60.00    3.00    0.00    0.00
 1080   -2.00   77.63   70.00    2.00    0.00    0.00
 1081   -2.00   77.63   70.00    2.00    0.00    0.00
 1082   -2.00   77.63   80.00    4.00    0.00    0.00
 1083   -2.00   77.63   40.00    1.50    0.00    0.00
 1084   -3.00   84.41   40.00    3.00    0.00    0.00
 1085   -3.00   84.41   50.00    2.00    0.00    0.00
 1086   -2.00   84.52   40.00    3.00    0.00    0.00
 1087   -2.00   84.52   50.00    2.50    0.00    0.00
 1088   -2.00   84.52   70.00    3.00    0.00    0.00
 1089   -1.00   84.62   80.00    3.50   52.44   49.00
 1090   -1.00   84.62   60.00    2.00   55.48  118.00
 1091   -0.10   78.56   50.00    2.50    0.00  160.00
 1092   -1.00   77.77   60.00    2.50    0.00  190.00
 1093   -0.10   72.20   50.00    2.00  128.64  199.00
 1094   -0.10   72.20   50.00    2.50  127.07  173.00
 1095    0.00   68.95   30.00    3.50   51.31  121.00
 1096   -1.00   71.43   40.00    3.50   58.91   58.00
 1097   -2.00   71.25   50.00    2.00    0.00    0.00
 1098   -2.00   71.25   40.00    1.50    0.00    0.00
 1099   -3.00   71.07   40.00    2.00    0.00    0.00
 1100   -5.00   70.70   60.00    0.50    0.00    0.00
 1101   -5.00   70.70    0.00    0.00    0.00    0.00
 1102   -3.00   65.15   40.00    1.00    0.00    0.00
 1103   -4.00   70.89   10.00    0.50    0.00    0.00
 1104   -4.00   77.33   20.00    2.00    0.00    0.00
 1105   -3.00   77.48   60.00    1.00    0.00    0.00
 1106   -3.00   77.48   60.00    1.50    0.00    0.00
 1107   -3.00   77.48   70.00    2.00    0.00    0.00
 1108   -3.00   77.48   60.00    2.50    0.00    0.00
 1109   -4.00   77.33   50.00    2.00    0.00    0.00
 1110   -4.00   77.33   50.00    3.00    0.00    0.00
 1111   -4.00   77.33   40.00    2.50    0.00    0.00
 1112   -4.00   77.33   30.00    2.50    0.00    0.00
 1113   -4.00   84.30   30.00    2.50    0.00   48.00
 1114   -4.00   84.30   40.00    2.00    0.00  109.00
 1115   -4.00   84.30   40.00    1.50    0.00  154.00
 1116   -4.00   84.30   50.00    1.50    0.00  192.00
 1117   -3.00   84.41   50.00    1.50    0.00  207.00
 1118   -2.00   84.52   30.00    1.00   57.63  175.00
 1119   -2.00   84.52   40.00    1.00   46.39  145.00
 1120   -1.00   77.77   40.00    1.00   28.58   60.00
 1121   -2.00   77.63   30.00    0.50    0.00    0.00
 1122   -3.00   77.48    0.00    0.00    0.00    0.00
 1123   -4.00   77.33   50.00    1.00    0.00    0.00
 1124   -5.00   77.18   40.00    0.50    0.00    0.00
 1125   -5.00   77.18   50.00    0.50    0.00    0.00
 1126   -5.00   77.18   50.00    0.50    0.00    0.00
 1127   -5.00   77.18   50.00    1.00    0.00    0.00
 1128   -5.00   77.18   70.00    2.00    0.00    0.00
 1129   -7.00   70.33   70.00    3.00    0.00    0.00
 1130   -7.00   76.87   50.00    3.00    0.00    0.00
 1131   -7.00   76.87   70.00    1.50    0.00    0.00
 1132   -8.00   76.72   70.00    1.00    0.00    0.00
 1133   -8.00   83.86   60.00    1.00    0.00    0.00
 1134   -8.00   83.86   20.00    2.00    0.00    0.00
 1135   -8.00   83.86   50.00    1.00    0.00    0.00
 1136   -8.00   83.86   70.00    2.00    0.00    0.00
 1137   -9.00   83.75   40.00    2.00  296.12   61.00
 1138   -9.00   83.75   30.00    2.00  507.90  101.00
 1139   -7.00   76.87  100.00    3.00  474.68  146.00
 1140   -6.00   84.09  100.00    1.50  484.74  160.00
 1141   -5.00   64.73   70.00    3.00  548.08  138.00
 1142   -4.00   59.45  100.00    2.00  497.09  124.00
 1143   -3.00   59.68   50.00    1.50  431.66   89.00
 1144   -3.00   65.15   60.00    1.00  277.52   46.00
 1145   -4.00   54.39   60.00    1.00    0.00    0.00
 1146   -5.00   59.21   60.00    2.00    0.00    0.00
 1147   -7.00   64.29   30.00    2.00    0.00    0.00
 1148   -8.00   70.14   50.00    2.00    0.00    0.00
 1149   -9.00   69.95   30.00    2.00    0.00    0.00
 1150   -9.00   76.56   30.00    2.50    0.00    0.00
 1151   -8.00   76.72   30.00    2.00    0.00    0.00
 1152   -8.00   76.72   70.00    1.00    0.00    0.00
 1153   -8.00   83.86   70.00    1.00    0.00    0.00
 1154   -8.00   83.86   70.00    1.00    0.00    0.00
 1155   -6.00   84.09   50.00    3.00    0.00    0.00
 1156   -5.00   77.18   50.00    3.00    0.00    0.00
 1157   -5.00   84.20   50.00    3.00    0.00    0.00
 1158   -5.00   77.18   60.00    2.00    0.00    0.00
 1159   -4.00   77.33   70.00    3.50    0.00    0.00
 1160   -4.00   77.33   70.00    5.00    0.00    0.00
 1161   -4.00   77.33   70.00    4.50    0.00   60.00
 1162   -2.00   71.25   70.00    6.00   66.17  160.00
 1163   -2.00   71.25   70.00    6.00   68.51  221.00
 1164   -0.10   72.20   90.00    6.00  226.00  205.00
 1165   -0.10   66.32   80.00    6.50  215.66  206.00
 1166    0.00   63.33  100.00    7.00  194.81  181.00
 1167    1.00   58.91   90.00    7.00  107.60  148.00
 1168    1.00   58.91   90.00    6.00   32.35   67.00
 1169    1.00   75.89   90.00    6.00    0.00    0.00
 1170    1.00   82.47   90.00    6.00    0.00    0.00
 1171    0.00   88.66  100.00    5.00    0.00    0.00
 1172    0.00   81.59   80.00    5.00    0.00    0.00
 1173    0.00   88.66   70.00    4.00    0.00    0.00
 1174    0.00   88.66   80.00    4.00    0.00    0.00
 1175    0.00   88.66   80.00    5.00    0.00    0.00
 1176    0.00   88.66   90.00    5.00    0.00    0.00
 1177    0.00   88.66   80.00    4.00    0.00    0.00
 1178    0.00   88.66  110.00    6.00    0.00    0.00
 1179    0.00   88.66  100.00    6.00    0.00    0.00
 1180    0.00   88.66  100.00    5.00    0.00    0.00
 1181    0.00   88.66  110.00    6.00    0.00    0.00
 1182    1.00   82.47   90.00    5.00    0.00    0.00
 1183    1.00   82.47  100.00    5.00    0.00    0.00
 1184    1.00   82.47  100.00    6.00    0.00    0.00
 1185    1.00   82.47  100.00    7.50    0.00   56.00
 1186    2.00   93.07  100.00    7.00    0.00  118.00
 1187    2.00   93.07   90.00    6.00    0.00  165.00
 1188    3.00   93.13   60.00    6.00    0.00  194.00
 1189    2.00   93.07   60.00    6.00    0.00  192.00
 1190    2.00   93.07   60.00    6.00    0.00  173.00
 1191    2.00   93.07   60.00    6.00    0.00  124.00
 1192    2.00   93.07   70.00    6.00    0.00   56.00
 1193    2.00   93.07  100.00    5.00    0.00    0.00
 1194    1.00   82.47  110.00    5.00    0.00    0.00
 1195    2.00   93.07  120.00    4.00    0.00    0.00
 1196    2.00   93.07  110.00    5.00    0.00    0.00
 1197    2.00   93.07  120.00    5.00    0.00    0.00
 1198    2.00   93.07  120.00    5.00    0.00    0.00
 1199    2.00   93.07  140.00    6.00    0.00    0.00
 1200    2.00   93.07  140.00    6.00    0.00    0.00
 1201    2.00   93.07  140.00    5.00    0.00    0.00
 1202    2.00   93.07  150.00    4.00    0.00    0.00
 1203    2.00   93.07  150.00    4.00    0.00    0.00
 1204    2.00   93.07  160.00    4.00    0.00    0.00
 1205    2.00   93.07  170.00    4.00    0.00    0.00
 1206    2.00   93.07  160.00    4.00    0.00    0.00
 1207    2.00   93.07  160.00    4.00    0.00    0.00
 1208    2.00   93.07  170.00    4.00    0.00    0.00
 1209    2.00   93.07  160.00    4.00    0.00   39.00
 1210    2.00   93.07  110.00    3.00    0.00   82.00
 1211    2.00   93.07  110.00    3.00    0.00  102.00
 1212    2.00  100.00  110.00    2.00    0.00  120.00
 1213    2.00   93.07  120.00    3.00    0.00  122.00
 1214    2.00   93.07  120.00    2.00    0.00  116.00
 1215    2.00   93.07  130.00    2.00    0.00   80.00
 1216    2.00   93.07  100.00    2.00    0.00   38.00
 1217    2.00   93.07  110.00    3.00    0.00    0.00
 1218    2.00   93.07  110.00    3.00    0.00    0.00
 1219    2.00   93.07  130.00    3.00    0.00    0.00
 1220    1.00  100.00  120.00    2.00    0.00    0.00
 1221    2.00   93.07  110.00    2.50    0.00    0.00
 1222    2.00   93.07   80.00    2.00    0.00    0.00
 1223    2.00   93.07   60.00    2.00    0.00    0.00
 1224    2.00   93.07   50.00    2.50    0.00    0.00
 1225    2.00   93.07   50.00    3.00    0.00    0.00
 1226    2.00   93.07   30.00    3.00    0.00    0.00
 1227    1.00  100.00   30.00    3.00    0.00    0.00
 1228    1.00  100.00   20.00    2.50    0.00    0.00
 1229    1.00   93.02   30.00    3.00    0.00    0.00
 1230    0.00   88.66   20.00    4.00    0.00    0.00
 1231    0.00   88.66   30.00    4.00    0.00    0.00
 1232    0.00   88.66   20.00    3.50    0.00    0.00
 1233   -0.10   85.43   20.00    5.00    0.00   42.00
 1234   -1.00   92.02   20.00    5.00    0.00   86.00
 1235   -2.00   91.96   20.00    6.00    0.00  119.00
 1236   -2.00   91.96   20.00    6.00    0.00  135.00
 1237   -2.00   91.96   20.00    6.00    0.00  135.00
 1238   -1.00   92.02   20.00    5.00    0.00  125.00
 1239   -1.00   92.02   20.00    5.00    0.00   93.00
 1240   -1.00   92.02   20.00    4.00    0.00   46.00
 1241   -1.00   92.02   30.00    4.50    0.00    0.00
 1242   -1.00   92.02   30.00    3.00    0.00    0.00
 1243   -1.00   92.02   30.00    2.50    0.00    0.00
 1244   -1.00   92.02   20.00    1.50    0.00    0.00
 1245   -1.00   92.02   40.00    1.00    0.00    0.00
 1246   -1.00   92.02  300.00    1.00    0.00    0.00
 1247   -1.00   92.02  240.00    0.50    0.00    0.00
 1248   -1.00   92.02  250.00    0.50    0.00    0.00
 1249   -1.00   92.02  230.00    1.00    0.00    0.00
 1250   -1.00   92.02  260.00    1.00    0.00    0.00
 1251   -1.00   92.02  230.00    1.00    0.00    0.00
 1252   -1.00   92.02  200.00    2.50    0.00    0.00
 1253   -1.00   92.02  190.00    2.50    0.00    0.00
 1254   -1.00   92.02  200.00    2.50    0.00    0.00
 1255   -1.00   92.02  200.00    1.00    0.00    0.00
 1256   -1.00   92.02  130.00    1.00    0.00    0.00
 1257   -2.00   91.96  170.00    1.00    0.00   41.00
 1258   -1.00   92.02  160.00    1.50    0.00   87.00
 1259   -1.00   92.02  170.00    1.00    0.00  118.00
 1260   -1.00   92.02  120.00    2.50    0.00  140.00
 1261   -0.10   92.84  150.00    1.00    0.00  142.00
 1262   -0.10   92.84   70.00    1.50    0.00  124.00
 1263   -0.10   92.84   30.00    1.00    0.00   91.00
 1264   -1.00   92.02   70.00    2.00    0.00   47.00
 1265   -1.00   92.02   70.00    2.00    0.00    0.00
 1266   -1.00   92.02   60.00    2.50    0.00    0.00
 1267   -1.00   92.02   70.00    2.00    0.00    0.00
 1268   -1.00   92.02   80.00    2.50    0.00    0.00
 1269   -1.00   92.02   80.00    1.50    0.00    0.00
 1270   -1.00  100.00   50.00    2.50    0.00    0.00
 1271   -1.00  100.00   50.00    1.50    0.00    0.00
 1272   -1.00  100.00   50.00    1.00    0.00    0.00
 1273   -1.00  100.00   50.00    1.00    0.00    0.00
 1274   -1.00  100.00   50.00    1.00    0.00    0.00
 1275   -0.10  100.00   90.00    1.00    0.00    0.00
 1276   -0.10  100.00   70.00    2.50    0.00    0.00
 1277   -0.10  100.00   70.00    2.50    0.00    0.00
 1278    0.00   88.66   50.00    1.00    0.00    0.00
 1279    1.00   75.89   30.00    2.50    0.00    0.00
 1280   -1.00  100.00   40.00    2.50    0.00    1.00
 1281   -1.00   92.02   40.00    2.50    0.00   48.00
 1282   -2.00   91.96   40.00    3.00    0.00   97.00
 1283   -2.00   91.96   30.00    3.50    0.00  122.00
 1284   -3.00   91.91   40.00    4.50    0.00  130.00
 1285   -3.00   91.91   30.00    4.50    0.00  128.00
 1286   -3.00   91.91   20.00    3.50    0.00  132.00
 1287   -3.00   91.91   20.00    5.00    0.00   98.00
 1288   -3.00   91.91   30.00    4.00    0.00   55.00
 1289   -4.00   91.85   20.00    3.50    0.00    4.00
 1290   -4.00   91.85   30.00    3.50    0.00    0.00
 1291   -4.00   91.85   40.00    4.00    0.00    0.00
 1292   -4.00   91.85   20.00    4.00    0.00    0.00
 1293   -5.00   84.20   30.00    3.50    0.00    0.00
 1294   -5.00   84.20   20.00    5.00    0.00    0.00
 1295   -5.00   91.79   30.00    3.50    0.00    0.00
 1296   -6.00   91.73   10.00    2.50    0.00    0.00
 1297   -6.00   91.73   20.00    3.00    0.00    0.00
 1298   -6.00   91.73   20.00    3.00    0.00    0.00
 1299   -5.00   91.79   20.00    3.50    0.00    0.00
 1300   -5.00   91.79   20.00    3.50    0.00    0.00
 1301   -6.00   91.73   20.00    4.00    0.00    0.00
 1302   -6.00   91.73   20.00    2.50    0.00    0.00
 1303   -6.00   91.73   20.00    3.00    0.00    0.00
 1304   -6.00   84.09   20.00    2.50    0.00    7.00
 1305   -6.00   84.09   20.00    2.50   64.29   83.00
 1306   -6.00   84.09   20.00    3.00   69.35  140.00
 1307   -5.00   84.20   30.00    4.00   73.72  223.00
 1308   -5.00   84.20   20.00    4.00  143.58  250.00
 1309   -4.00   84.30   20.00    4.00  222.42  234.00
 1310   -4.00   84.30   30.00    4.00  137.11  213.00
 1311   -4.00   84.30   30.00    4.00  115.59  161.00
 1312   -5.00   77.18   30.00    4.00  124.02   86.00
 1313   -5.00   77.18   20.00    4.00    9.20   12.00
 1314   -6.00   77.03   20.00    4.00    0.00    0.00
 1315   -6.00   84.09   30.00    3.00    0.00    0.00
 1316   -7.00   83.97   30.00    4.00    0.00    0.00
 1317   -7.00   83.97   30.00    4.00    0.00    0.00
 1318   -7.00   83.97   30.00    4.50    0.00    0.00
 1319   -8.00   83.86   30.00    4.00    0.00    0.00
 1320   -9.00   83.75   30.00    4.00    0.00    0.00
 1321   -9.00   83.75   30.00    4.00    0.00    0.00
 1322   -9.00   83.75   30.00    4.00    0.00    0.00
 1323   -8.00   83.86   40.00    4.00    0.00    0.00
 1324   -8.00   83.86   40.00    5.00    0.00    0.00
 1325   -8.00   83.86   20.00    4.00    0.00    0.00
 1326   -8.00   83.86   20.00    6.00    0.00    0.00
 1327   -9.00   83.75   40.00    4.00    0.00    0.00
 1328  -10.00   83.63   30.00    4.50    8.70   14.00
 1329   -9.00   83.75   40.00    4.00  138.22   76.00
 1330  -10.00   83.63   30.00    5.00  236.67  134.00
 1331   -9.00   83.75   40.00    6.00  210.72  177.00
 1332   -8.00   76.72   30.00    5.00  157.56  194.00
 1333   -8.00   76.72   30.00    5.50  226.83  195.00
 1334   -8.00   76.72   30.00    6.00  385.50  159.00
 1335   -7.00   76.87   30.00    6.00  398.82  126.00
 1336   -7.00   76.87   30.00    6.00  331.60   70.00
 1337   -8.00   76.72   30.00    5.00   43.89   15.00
 1338   -9.00   76.56   30.00    4.00    0.00    0.00
 1339   -9.00   76.56   40.00    3.50    0.00    0.00
 1340  -10.00   76.41   20.00    3.00    0.00    0.00
 1341  -10.00   83.63   40.00    3.00    0.00    0.00
 1342  -10.00   83.63   40.00    3.50    0.00    0.00
 1343   -9.00   76.56   60.00    4.00    0.00    0.00
 1344   -9.00   76.56   50.00    3.00    0.00    0.00
 1345   -9.00   76.56   30.00    2.50    0.00    0.00
 1346  -10.00   83.63   20.00    2.50    0.00    0.00
 1347  -10.00   83.63   30.00    2.00    0.00    0.00
 1348  -10.00   83.63   20.00    2.50    0.00    0.00
 1349  -12.00   83.40   20.00    4.00    0.00    0.00
 1350  -12.00   83.40   20.00    2.00    0.00    0.00
 1351  -13.00   83.29   10.00    1.00    0.00    0.00
 1352  -13.00   83.29   20.00    1.50   14.78   21.00
 1353  -13.00   83.29    0.00    2.50  499.71   78.00
 1354  -13.00   83.29   10.00    3.00  540.01  127.00
 1355  -11.00   76.25  340.00    1.50  589.58  152.00
 1356   -8.00   70.14    0.00    0.00  753.83  121.00
 1357   -6.00   64.51  340.00    1.50  667.61  138.00
 1358   -4.00   59.45  320.00    1.00  669.45  112.00
 1359   -3.00   54.64  310.00    2.00  576.31   92.00
 1360   -3.00   59.68  310.00    3.00  236.18   86.00
 1361   -3.00   65.15  300.00    1.50   25.18   19.00
 1362   -4.00   70.89  320.00    1.50    0.00    0.00
 1363   -3.00   77.48  320.00    2.00    0.00    0.00
 1364   -3.00   77.48  330.00    1.00    0.00    0.00
 1365   -4.00   77.33  320.00    1.00    0.00    0.00
 1366   -4.00   84.30    0.00    1.00    0.00    0.00
 1367   -5.00   84.20    0.00    1.00    0.00    0.00
 1368   -7.00   83.97  350.00    1.00    0.00    0.00
 1369   -7.00   76.87  330.00    0.50    0.00    0.00
 1370   -8.00   76.72   20.00    0.50    0.00    0.00
 1371   -9.00   76.56   20.00    1.50    0.00    0.00
 1372   -9.00   76.56   10.00    2.00    0.00    0.00
 1373  -10.00   83.63   20.00    1.50    0.00    0.00
 1374  -10.00   83.63   10.00    0.50    0.00    0.00
 1375   -9.00   91.55   30.00    0.50    0.00    0.00
 1376  -10.00   91.48    0.00    0.00   23.95   21.00
 1377  -10.00   91.48   20.00    0.50  523.16   62.00
 1378   -9.00   83.75    0.00    0.00  683.81  113.00
 1379   -6.00   77.03  350.00    0.50  905.70   81.00
 1380   -5.00   77.18    0.00    1.00  797.14  119.00
 1381   -3.00   65.15   30.00    1.00  766.33  112.00
 1382   -2.00   54.88  330.00    3.50  712.41  103.00
 1383   -1.00   55.13  340.00    5.00  528.56  100.00
 1384   -1.00   55.13  350.00    4.50  380.14   65.00
 1385   -1.00   50.51   10.00    4.00   56.26   18.00
 1386   -2.00   54.88    0.00    2.00    0.00    0.00
 1387   -3.00   54.64  310.00    2.00    0.00    0.00
 1388   -4.00   59.45  310.00    1.50    0.00    0.00
 1389   -3.00   54.64    0.00    0.00    0.00    0.00
 1390   -4.00   59.45  320.00    1.00    0.00    0.00
 1391   -5.00   64.73    0.00    1.00    0.00    0.00
 1392   -5.00   64.73  340.00    1.00    0.00    0.00
 1393   -6.00   70.52    0.00    0.00    0.00    0.00
 1394   -6.00   70.52  350.00    1.00    0.00    0.00
 1395   -6.00   70.52  320.00    1.00    0.00    0.00
 1396   -7.00   70.33    0.00    0.00    0.00    0.00
 1397   -8.00   70.14    0.00    0.00    0.00    0.00
 1398   -8.00   83.86    0.00    0.00    0.00    0.00
 1399   -7.00   83.97    0.00    0.00    0.00    0.00
 1400   -6.00   84.09    0.00    0.00   36.61   19.00
 1401   -6.00   91.73  160.00    1.00   87.87  118.00
 1402   -3.00   91.91  200.00    4.00   82.46  189.00
 1403   -2.00   84.52  220.00    5.00    0.00  279.00
 1404   -1.00   84.62  230.00    3.00    0.00  305.00
 1405    0.00   81.59  250.00    2.50    0.00  304.00
 1406   -0.10   85.43  270.00    3.50   86.70  249.00
 1407   -0.10   85.43  260.00    0.50  162.87  183.00
 1408   -0.10   85.43  280.00    3.00  175.27  100.00
 1409   -0.10   85.43  270.00    2.50   61.68   19.00
 1410   -3.00   77.48  210.00    1.00    0.00    0.00
 1411   -3.00   84.41  240.00    1.00    0.00    0.00
 1412   -3.00   84.41  260.00    1.00    0.00    0.00
 1413   -4.00   91.85  270.00    1.00    0.00    0.00
 1414   -4.00   91.85  270.00    1.00    0.00    0.00
 1415   -4.00   91.85  300.00    0.50    0.00    0.00
 1416   -4.00   91.85  310.00    0.50    0.00    0.00
 1417   -4.00   84.30  330.00    0.50    0.00    0.00
 1418   -3.00   84.41  330.00    0.50    0.00    0.00
 1419   -4.00   84.30    0.00    0.00    0.00    0.00
 1420   -4.00   84.30    0.00    0.00    0.00    0.00
 1421   -4.00   77.33   30.00    1.50    0.00    0.00
 1422   -4.00   77.33   20.00    1.00    0.00    0.00
 1423   -4.00   77.33    0.00    1.00    0.00    0.00
 1424   -5.00   77.18    0.00    0.00   39.27   26.00
 1425   -5.00   84.20    0.00    0.00  103.92  123.00
 1426   -4.00   84.30    0.00    0.00  111.20  212.00
 1427   -1.00   84.62    0.00    0.00  113.96  274.00
 1428    0.00   68.95    0.00    0.00  224.35  278.00
 1429    2.00   59.70  240.00    2.50  324.05  247.00
 1430    2.00   54.83  240.00    3.00  100.91  276.00
 1431    2.00   54.83  230.00    3.00   87.58  209.00
 1432    2.00   64.96  200.00    3.00   61.19  121.00
 1433    1.00   64.14  200.00    5.50   37.04   23.00
 1434   -1.00   84.62  190.00    4.00    0.00    0.00
 1435   -1.00   84.62  210.00    3.00    0.00    0.00
 1436   -1.00   92.02  240.00    4.00    0.00    0.00
 1437   -1.00   92.02  250.00    3.50    0.00    0.00
 1438   -1.00   92.02  260.00    5.00    0.00    0.00
 1439   -1.00   92.02  260.00    7.50    0.00    0.00
 1440   -0.10   92.84  260.00    8.50    0.00    0.00
 1441   -0.10   85.43  260.00    8.00    0.00    0.00
 1442   -1.00   92.02  250.00    6.50    0.00    0.00
 1443   -1.00   84.62  260.00    5.50    0.00    0.00
 1444   -2.00   84.52  240.00    4.00    0.00    0.00
 1445   -2.00   84.52  220.00    2.00    0.00    0.00
 1446   -1.00   84.62  220.00    3.50    0.00    0.00
 1447   -0.10   92.84  240.00    5.00    0.00    0.00
 1448    0.00   88.66  240.00    3.00   26.03   13.00
 1449    0.00   88.66  220.00    2.50    0.00   54.00
 1450    1.00   93.02  230.00    3.50   44.95  106.00
 1451    1.00  100.00  250.00    3.00    0.00  107.00
 1452    1.00  100.00  250.00    3.00    0.00  116.00
 1453    2.00   93.07  250.00    1.50   36.29  154.00
 1454    2.00   86.57  280.00    1.00   96.85  153.00
 1455    2.00   86.57  270.00    1.00   47.50  129.00
 1456    3.00   71.48    0.00    0.00   67.82   87.00
 1457    2.00   70.63    0.00    0.00   28.51   20.00
 1458    2.00   70.63    0.00    0.00    0.00    0.00
 1459   -0.10   92.84    0.00    0.00    0.00    0.00
 1460   -2.00   91.96    0.00    0.00    0.00    0.00
 1461   -2.00   91.96    0.00    0.00    0.00    0.00
 1462   -2.00   91.96  100.00    1.00    0.00    0.00
 1463   -1.00   92.02  120.00    1.00    0.00    0.00
 1464   -2.00   91.96  110.00    1.00    0.00    0.00
 1465   -2.00  100.00  120.00    1.00    0.00    0.00
 1466   -2.00  100.00  120.00    1.00    0.00    0.00
 1467   -2.00  100.00  110.00    1.00    0.00    0.00
 1468   -1.00  100.00  130.00    4.00    0.00    0.00
 1469   -0.10   92.84  120.00    4.00    0.00    0.00
 1470   -1.00   92.02  120.00    6.00    0.00    0.00
 1471   -1.00  100.00  120.00    7.00    0.00    0.00
 1472   -1.00  100.00  130.00    9.00    0.00   11.00
 1473    0.00   88.66  130.00    9.00    0.00   49.00
 1474    0.00   88.66  140.00    7.00    0.00   79.00
 1475    0.00   88.66  150.00    9.00    0.00  116.00
 1476    1.00  100.00  150.00    9.00    0.00  133.00
 1477    1.00  100.00  160.00    8.00    0.00  126.00
 1478    2.00  100.00  230.00    5.00    0.00  112.00
 1479    2.00  100.00  240.00    5.00    0.00   71.00
 1480    2.00  100.00  230.00    3.00    0.00   35.00
 1481    2.00  100.00  180.00    2.00    0.00    8.00
 1482    2.00  100.00  210.00    3.00    0.00    0.00
 1483    2.00  100.00  230.00    3.00    0.00    0.00
 1484    1.00  100.00  260.00    3.00    0.00    0.00
 1485    1.00  100.00  270.00    4.00    0.00    0.00
 1486    1.00  100.00  280.00    4.00    0.00    0.00
 1487    0.00   88.66  300.00    2.00    0.00    0.00
 1488    0.00   88.66  310.00    2.00    0.00    0.00
 1489   -0.10   92.84  320.00    2.00    0.00    0.00
 1490   -0.10   92.84  310.00    2.00    0.00    0.00
 1491   -0.10   92.84  190.00    2.00    0.00    0.00
 1492   -0.10   92.84  200.00    3.50    0.00    0.00
 1493    2.00  100.00  200.00    5.50    0.00    0.00
 1494    2.00  100.00  230.00    4.50    0.00    0.00
 1495    2.00  100.00  230.00    7.00    0.00    0.00
 1496    2.00  100.00  240.00    8.00    0.00   10.00
 1497    2.00  100.00  220.00    6.50    0.00   47.00
 1498    2.00  100.00  210.00    6.00    0.00   71.00
 1499    2.00  100.00  220.00    8.00    0.00   92.00
 1500    2.00  100.00  200.00    8.50    0.00  112.00
 1501    2.00  100.00  220.00    7.00    0.00   96.00
 1502    2.00  100.00  240.00    8.50    0.00  116.00
 1503    2.00  100.00  260.00   11.00    0.00  100.00
 1504    3.00  100.00  270.00   11.00  194.84   87.00
 1505    3.00  100.00  270.00   12.00   59.63   18.00
 1506    3.00  100.00  270.00   14.00    0.00    0.00
 1507    3.00   93.13  270.00   14.00    0.00    0.00
 1508    3.00   93.13  280.00   15.00    0.00    0.00
 1509    3.00   93.13  270.00   12.00    0.00    0.00
 1510    3.00   93.13  280.00   13.00    0.00    0.00
 1511    3.00   93.13  280.00   13.00    0.00    0.00
 1512    3.00   93.13  280.00   11.00    0.00    0.00
 1513    3.00   93.13  280.00   12.00    0.00    0.00
 1514    3.00   93.13  270.00   11.00    0.00    0.00
 1515    3.00  100.00  300.00    7.00    0.00    0.00
 1516    3.00  100.00  320.00    5.00    0.00    0.00
 1517    3.00  100.00  320.00    5.00    0.00    0.00
 1518    2.00   93.07  310.00    4.00    0.00    0.00
 1519    2.00   93.07  320.00    4.00    0.00    0.00
 1520    2.00   93.07  310.00    3.00  119.16   28.00
 1521    2.00   93.07  300.00    2.00  168.04   75.00
 1522    2.00   93.07  300.00    3.00  185.50  122.00
 1523    3.00   71.48  270.00    2.00  193.43  157.00
 1524    3.00   60.49  230.00    3.00  290.30  173.00
 1525    5.00   62.10  260.00    2.00  373.13  165.00
 1526    6.00   57.93  270.00    5.00  346.28  150.00
 1527    6.00   62.40  260.00    6.00  225.97  123.00
 1528    5.00   66.89  270.00    5.00  168.34   77.00
 1529    4.00   61.29  250.00    3.00   44.80   28.00
 1530    3.00   71.48  270.00    2.00    0.00    0.00
 1531    3.00   93.13  250.00    4.00    0.00    0.00
 1532    3.00   93.13  240.00    3.50    0.00    0.00
 1533    2.00  100.00  200.00    1.00    0.00    0.00
 1534    2.00  100.00  190.00    1.00    0.00    0.00
 1535    2.00   93.07  200.00    1.00    0.00    0.00
 1536    2.00   86.57  210.00    1.00    0.00    0.00
 1537    2.00   82.68  220.00    2.00    0.00    0.00
 1538    1.00   93.02  230.00    2.00    0.00    0.00
 1539    1.00   82.47  220.00    1.00    0.00    0.00
 1540    1.00   69.79  280.00    2.00    0.00    0.00
 1541    1.00   69.79  270.00    2.50    0.00    0.00
 1542    1.00   64.14  260.00    1.00    0.00    0.00
 1543    1.00   75.89   20.00    1.00    0.00    0.00
 1544    1.00   75.89   10.00    1.00    0.00   15.00
 1545    1.00   93.02    0.00    0.00   10.82   85.00
 1546    1.00   93.02    0.00    1.00   10.27  144.00
 1547    1.00   82.47    0.00    0.00    0.00  117.00
 1548    2.00   82.68   30.00    1.00    0.00  155.00
 1549    3.00   86.68   30.00    1.00  491.38  184.00
 1550    3.00   86.68   90.00    1.00  574.54  137.00
 1551    3.00   86.68    0.00    2.00  530.88  106.00
 1552    3.00   86.68    0.00    1.00  399.45   71.00
 1553    2.00   70.63   20.00    1.00  167.10   27.00
 1554    2.00   64.96   20.00    1.00    0.00    0.00
 1555    1.00   69.79   20.00    0.50    0.00    0.00
 1556    0.00   68.95   80.00    1.00    0.00    0.00
 1557   -0.10   72.20    0.00    0.00    0.00    0.00
 1558   -0.10   72.20    0.00    0.00    0.00    0.00
 1559   -0.10   72.20  130.00    1.00    0.00    0.00
 1560   -1.00   77.77  120.00    1.00    0.00    0.00
 1561   -0.10   92.84  130.00    1.00    0.00    0.00
 1562   -0.10   92.84  140.00    1.50    0.00    0.00
 1563   -0.10   92.84  170.00    3.50    0.00    0.00
 1564    0.00   88.66  160.00    3.00    0.00    0.00
 1565    0.00   95.50  170.00    2.00    0.00    0.00
 1566    0.00   95.50  180.00    5.00    0.00    0.00
 1567   -0.10  100.00  170.00    5.00    0.00    0.00
 1568   -0.10  100.00  170.00    3.00    0.00   13.00
 1569   -0.10  100.00  180.00    5.00    0.00   41.00
 1570    0.00   95.50  180.00    7.00    0.00   77.00
 1571    0.00   88.66  190.00    9.00    0.00  106.00
 1572    1.00   88.83  180.00    6.00    0.00  121.00
 1573    1.00  100.00  180.00    8.50    0.00  109.00
 1574    1.00  100.00  170.00    8.00    0.00  103.00
 1575    1.00  100.00  170.00    7.00    0.00   87.00
 1576    1.00  100.00  170.00    5.00    0.00   59.00
 1577    1.00  100.00  180.00    5.50    0.00   18.00
 1578    1.00  100.00  170.00    6.00    0.00    0.00
 1579    2.00  100.00  160.00    4.00    0.00    0.00
 1580    2.00   93.07  160.00    4.00    0.00    0.00
 1581    2.00   93.07  170.00    4.50    0.00    0.00
 1582    3.00   93.13  170.00    6.00    0.00    0.00
 1583    3.00   93.13  170.00    6.00    0.00    0.00
 1584    3.00   93.13  150.00    4.00    0.00    0.00
 1585    3.00   93.13  160.00    6.00    0.00    0.00
 1586    3.00   93.13  150.00    5.00    0.00    0.00
 1587    3.00   86.68  140.00    4.50    0.00    0.00
 1588    3.00   86.68  140.00    4.00    0.00    0.00
 1589    3.00   86.68  150.00    3.50    0.00    0.00
 1590    3.00   86.68  150.00    4.00    0.00    0.00
 1591    3.00   86.68  170.00    6.00    0.00    0.00
 1592    3.00   86.68  130.00    2.50    0.00   42.00
 1593    3.00   86.68  160.00    4.50    0.00  133.00
 1594    4.00   80.77  160.00    6.00   68.91  208.00
 1595    5.00   75.30  170.00    5.00  137.32  254.00
 1596    5.00   75.30  180.00    5.00  130.91  282.00
 1597    5.00   80.91  190.00    6.50  126.75  252.00
 1598    5.00   80.91  170.00    5.50  168.29  242.00
 1599    4.00   86.78  190.00    5.50   94.27  199.00
 1600    3.00   93.13  200.00    4.50    0.00   89.00
 1601    3.00   93.13  180.00    2.00    0.00   38.00
 1602    2.00   93.07  220.00    3.00    0.00    0.00
 1603    2.00   93.07  190.00    3.00    0.00    0.00
 1604    2.00   93.07  250.00    4.50    0.00    0.00
 1605    2.00  100.00  260.00    3.50    0.00    0.00
 1606    2.00  100.00  250.00    4.00    0.00    0.00
 1607    2.00   93.07  240.00    2.50    0.00    0.00
 1608    2.00   93.07  270.00    2.00    0.00    0.00
 1609    2.00   93.07  260.00    4.00    0.00    0.00
 1610    2.00   93.07  270.00    4.00    0.00    0.00
 1611    2.00   93.07  260.00    3.00    0.00    0.00
 1612    2.00  100.00  260.00    3.00    0.00    0.00
 1613    2.00  100.00  250.00    3.00    0.00    0.00
 1614    2.00  100.00  200.00    2.00    0.00    0.00
 1615    2.00  100.00  210.00    3.00    0.00    0.00
 1616    2.00  100.00  160.00    3.50    0.00   13.00
 1617    2.00  100.00  170.00    4.00    0.00   39.00
 1618    2.00  100.00  190.00    5.00    0.00   62.00
 1619    2.00  100.00  200.00    6.00    0.00   79.00
 1620    2.00  100.00  180.00    5.00    0.00   87.00
 1621    2.00  100.00  180.00    5.00    0.00   87.00
 1622    2.00  100.00  180.00    4.00    0.00   88.00
 1623    2.00  100.00  170.00    3.00    0.00   80.00
 1624    3.00   93.13  160.00    3.00    0.00   61.00
 1625    3.00  100.00  150.00    1.50    0.00   20.00
 1626    4.00  100.00  180.00    3.00    0.00    0.00
 1627    3.00  100.00  160.00    4.00    0.00    0.00
 1628    3.00  100.00  160.00    4.00    0.00    0.00
 1629    3.00  100.00  150.00    3.50    0.00    0.00
 1630    2.00  100.00  160.00    4.00    0.00    0.00
 1631    4.00  100.00  160.00    5.00    0.00    0.00
 1632    4.00  100.00  140.00    3.00    0.00    0.00
 1633    4.00  100.00  120.00    4.50    0.00    0.00
 1634    4.00  100.00  140.00    4.50    0.00    0.00
 1635    4.00  100.00  140.00    5.00    0.00    0.00
 1636    3.00  100.00  140.00    2.50    0.00    0.00
 1637    3.00  100.00  140.00    3.00    0.00    0.00
 1638    4.00   93.18  150.00    8.00    0.00    0.00
 1639    4.00   93.18  150.00    7.00    0.00    0.00
 1640    1.00  100.00  140.00    4.00  163.60   48.00
 1641    4.00   93.18  140.00    5.00  251.93  123.00
 1642    5.00   93.23  170.00    7.50   31.49  122.00
 1643    5.00   93.23  170.00    7.00    0.00  119.00
 1644    5.00   93.23  170.00    6.00   26.79  169.00
 1645    5.00   93.23  170.00    7.00    0.00  137.00
 1646    4.00  100.00  180.00    7.00    0.00  116.00
 1647    4.00  100.00  190.00    8.00    0.00   91.00
 1648    4.00  100.00  200.00    6.50    0.00   51.00
 1649    3.00  100.00  220.00    5.50    0.00   16.00
 1650    3.00  100.00  250.00   10.00    0.00    0.00
 1651    3.00  100.00  250.00    8.50    0.00    0.00
 1652    3.00  100.00  240.00    9.00    0.00    0.00
 1653    3.00  100.00  230.00    7.50    0.00    0.00
 1654    3.00  100.00  200.00    6.00    0.00    0.00
 1655    3.00  100.00  230.00    5.00    0.00    0.00
 1656    3.00  100.00  220.00    3.50    0.00    0.00
 1657    3.00  100.00  220.00    3.50    0.00    0.00
 1658    2.00  100.00  190.00    4.00    0.00    0.00
 1659    2.00  100.00  220.00    3.00    0.00    0.00
 1660    2.00  100.00  150.00    3.00    0.00    0.00
 1661    2.00  100.00  160.00    4.00    0.00    0.00
 1662    2.00  100.00  130.00    2.50    0.00    0.00
 1663    2.00  100.00  130.00    4.00    0.00    0.00
 1664    2.00  100.00  110.00    3.00  119.99   45.00
 1665    2.00  100.00  140.00    3.50   69.18   88.00
 1666    3.00   93.13  130.00    4.50  166.67  165.00
 1667    6.00   81.04  150.00    7.00  276.54  224.00
 1668    8.00   75.82  150.00    6.00  458.03  211.00
 1669   10.00   71.04  140.00    6.50  444.48  209.00
 1670   10.00   71.04  130.00    6.00  249.11  230.00
 1671   10.00   66.23  130.00    6.00  149.29  211.00
 1672   10.00   66.23  130.00    4.00  116.39  137.00
 1673    9.00   70.84  130.00    5.00   26.54   49.00
 1674    8.00   75.82  120.00    6.50    0.00    0.00
 1675    8.00   75.82  120.00    7.50    0.00    0.00
 1676    7.00   75.65  130.00    8.00    0.00    0.00
 1677    6.00   81.04  120.00    6.00    0.00    0.00
 1678    6.00   81.04  120.00    5.50    0.00    0.00
 1679    6.00   81.04  110.00    4.00    0.00    0.00
 1680    6.00   81.04  100.00    3.50    0.00    0.00
 1681    6.00   81.04  110.00    4.00    0.00    0.00
 1682    6.00   81.04  120.00    3.50    0.00    0.00
 1683    6.00   81.04  120.00    4.50    0.00    0.00
 1684    5.00   93.23  110.00    3.50    0.00    0.00
 1685    5.00   86.88  100.00    2.50    0.00    0.00
 1686    4.00   93.18   90.00    2.50    0.00    0.00
 1687    4.00   93.18  140.00    4.00    0.00    0.00
 1688    4.00   93.18  160.00    7.50    0.00   21.00
 1689    4.00  100.00  180.00    6.00    0.00   46.00
 1690    4.00  100.00  200.00    4.00    0.00   60.00
 1691    4.00  100.00  240.00    3.00   53.48  168.00
 1692    7.00   87.07  250.00    5.00  386.65  202.00
 1693    8.00   81.32  250.00    3.50  331.19  209.00
 1694    6.00   93.29  240.00    3.50    0.00  122.00
 1695    6.00   93.29  210.00    3.00    0.00   93.00
 1696    5.00   93.23  200.00    3.00    0.00   61.00
 1697    5.00   93.23  170.00    3.00   20.64   27.00
 1698    5.00   93.23  170.00    3.00    0.00    0.00
 1699    5.00   93.23  160.00    3.00    0.00    0.00
 1700    5.00   93.23  150.00    3.50    0.00    0.00
 1701    4.00   93.18  170.00    4.00    0.00    0.00
 1702    4.00   93.18  170.00    3.50    0.00    0.00
 1703    4.00  100.00  180.00    3.00    0.00    0.00
 1704    4.00  100.00  180.00    1.50    0.00    0.00
 1705    4.00  100.00  160.00    1.50    0.00    0.00
 1706    4.00  100.00  170.00    1.50    0.00    0.00
 1707    4.00  100.00  160.00    1.50    0.00    0.00
 1708    4.00  100.00  180.00    1.00    0.00    0.00
 1709    4.00  100.00  150.00    1.00    0.00    0.00
 1710    4.00  100.00  160.00    0.50    0.00    0.00
 1711    4.00  100.00  180.00    0.50    0.00    0.00
 1712    4.00  100.00  210.00    0.50    0.00   20.00
 1713    4.00   93.18    0.00    0.00    0.00   54.00
 1714    4.00  100.00  310.00    0.50    0.00   82.00
 1715    5.00  100.00    0.00    0.00    0.00  105.00
 1716    5.00   93.23    0.00    0.00    0.00  123.00
 1717    7.00   93.34    0.00    0.00    0.00  128.00
 1718    6.00   93.29    0.00    0.00   41.54  137.00
 1719    6.00   93.29  340.00    1.00   37.50  110.00
 1720    6.00   86.97    0.00    0.50   35.28   73.00
 1721    6.00   86.97   20.00    1.00    0.00   25.00
 1722    5.00   86.88   30.00    1.00    0.00    0.00
 1723    4.00   93.18   20.00    1.00    0.00    0.00
 1724    3.00   93.13   20.00    1.00    0.00    0.00
 1725    3.00   93.13   30.00    1.50    0.00    0.00
 1726    3.00   93.13   50.00    2.00    0.00    0.00
 1727    3.00   93.13   50.00    2.00    0.00    0.00
 1728    2.00  100.00   50.00    2.50    0.00    0.00
 1729    2.00  100.00   30.00    1.00    0.00    0.00
 1730    2.00  100.00   40.00    2.00    0.00    0.00
 1731    2.00  100.00   40.00    1.00    0.00    0.00
 1732    2.00   93.07   40.00    3.00    0.00    0.00
 1733    2.00   93.07   40.00    2.00    0.00    0.00
 1734    2.00  100.00   50.00    2.00    0.00    0.00
 1735    2.00  100.00   40.00    1.00    0.00    0.00
 1736    2.00  100.00   50.00    2.00    0.00   28.00
 1737    2.00   93.07   50.00    2.50    0.00   68.00
 1738    3.00   93.13   50.00    2.50    0.00  135.00
 1739    4.00   93.18   60.00    3.00    0.00  215.00
 1740    4.00   86.78   40.00    2.50    0.00  214.00
 1741    4.00   93.18   40.00    4.50    0.00  173.00
 1742    2.00  100.00   20.00    2.50    0.00  162.00
 1743    2.00  100.00   40.00    2.50    0.00  100.00
 1744    2.00  100.00   40.00    2.00    0.00   86.00
 1745    1.00  100.00   40.00    1.00    0.00   36.00
 1746    1.00   93.02   30.00    1.00    0.00    0.00
 1747    1.00  100.00   60.00    1.00    0.00    0.00
 1748    1.00  100.00    0.00    0.00    0.00    0.00
 1749    1.00  100.00    0.00    0.00    0.00    0.00
 1750    1.00  100.00   90.00    1.00    0.00    0.00
 1751    1.00  100.00  200.00    2.00    0.00    0.00
 1752    1.00   93.02  220.00    2.50    0.00    0.00
 1753    2.00  100.00  210.00    2.50    0.00    0.00
 1754    2.00  100.00  190.00    3.50    0.00    0.00
 1755    2.00  100.00  170.00    2.50    0.00    0.00
 1756    2.00  100.00  180.00    2.50    0.00    0.00
 1757    2.00  100.00  180.00    2.50    0.00    0.00
 1758    2.00  100.00  180.00    3.50    0.00    0.00
 1759    2.00  100.00  220.00    2.00    0.00    0.00
 1760    3.00  100.00  150.00    2.00    0.00   18.00
 1761    4.00  100.00  160.00    4.00    0.00   59.00
 1762    4.00  100.00  190.00    3.00    0.00   86.00
 1763    5.00  100.00  190.00    4.00    0.00   95.00
 1764    4.00  100.00  180.00    3.00    0.00  128.00
 1765    4.00  100.00  190.00    5.00    0.00  126.00
 1766    3.00  100.00  200.00    4.00    0.00  130.00
 1767    3.00  100.00  210.00    4.00    0.00  102.00
 1768    4.00  100.00  200.00    3.00    0.00   59.00
 1769    4.00  100.00  200.00    7.00    0.00   41.00
 1770    4.00  100.00  210.00    4.00    0.00    0.00
 1771    4.00  100.00  200.00    4.00    0.00    0.00
 1772    4.00  100.00  200.00    3.00    0.00    0.00
 1773    3.00  100.00  200.00    3.00    0.00    0.00
 1774    4.00  100.00  200.00    4.50    0.00    0.00
 1775    4.00  100.00  200.00    5.00    0.00    0.00
 1776    4.00  100.00  200.00    3.50    0.00    0.00
 1777    4.00   93.18  200.00    3.00    0.00    0.00
 1778    4.00  100.00  200.00    3.50    0.00    0.00
 1779    4.00   93.18  170.00    3.00    0.00    0.00
 1780    4.00   93.18  170.00    3.00    0.00    0.00
 1781    4.00   93.18  170.00    3.00    0.00    0.00
 1782    4.00  100.00  160.00    4.00    0.00    0.00
 1783    4.00  100.00  120.00    2.50    0.00    0.00
 1784    4.00  100.00  140.00    5.00    0.00   28.00
 1785    5.00  100.00  140.00    6.00    0.00   64.00
 1786    5.00   93.23  140.00    6.00    0.00  162.00
 1787    6.00  100.00  140.00    6.00    0.00  265.00
 1788    7.00   81.18  140.00    8.00    0.00  265.00
 1789    7.00   75.65  160.00    9.00    0.00  145.00
 1790    7.00   81.18  150.00    9.00    0.00  138.00
 1791    7.00   81.18  150.00    9.00    0.00  112.00
 1792    7.00   87.07  160.00    7.00    0.00   75.00
 1793    7.00   81.18  160.00    9.00    0.00   32.00
 1794    6.00   93.29  150.00   10.00    0.00    0.00
 1795    6.00   93.29  150.00    9.00    0.00    0.00
 1796    6.00   93.29  140.00   10.00    0.00    0.00
 1797    6.00  100.00  160.00   10.00    0.00    0.00
 1798    7.00   93.34  160.00   11.00    0.00    0.00
 1799    7.00   93.34  160.00   10.00    0.00    0.00
 1800    8.00   87.17  160.00    9.50    0.00    0.00
 1801    7.00   93.34  170.00    9.00    0.00    0.00
 1802    7.00   93.34  180.00    9.00    0.00    0.00
 1803    6.00   93.29  160.00    8.00    0.00    0.00
 1804    6.00   93.29  150.00    8.00    0.00    0.00
 1805    6.00   93.29  140.00    9.00    0.00    0.00
 1806    6.00   93.29  160.00    9.00    0.00    0.00
 1807    6.00   93.29  170.00    7.00    0.00    0.00
 1808    6.00  100.00  170.00    7.00    0.00   28.00
 1809    5.00  100.00  170.00    7.00    0.00   60.00
 1810    5.00  100.00  180.00    7.00    0.00   86.00
 1811    5.00  100.00  200.00    3.00    0.00  104.00
 1812    6.00  100.00  230.00    3.00    0.00  111.00
 1813    6.00  100.00  240.00    3.00    0.00   95.00
 1814    6.00  100.00  240.00    3.00    0.00   90.00
 1815    6.00  100.00  240.00    3.00    0.00   96.00
 1816    6.00  100.00  200.00    3.00    0.00   67.00
 1817    7.00   93.34  230.00    3.00    0.00   38.00
 1818    6.00  100.00  260.00    2.50    0.00    0.00
 1819    6.00   93.29  190.00    1.00    0.00    0.00
 1820    5.00   93.23  150.00    2.00    0.00    0.00
 1821    5.00   93.23  190.00    2.50    0.00    0.00
 1822    5.00   93.23  130.00    1.00    0.00    0.00
 1823    5.00   93.23  140.00    2.00    0.00    0.00
 1824    4.00  100.00  150.00    2.00    0.00    0.00
 1825    4.00  100.00  150.00    2.00    0.00    0.00
 1826    4.00  100.00  160.00    3.00    0.00    0.00
 1827    4.00  100.00  130.00    3.00    0.00    0.00
 1828    4.00  100.00  140.00    2.00    0.00    0.00
 1829    4.00  100.00  130.00    2.00    0.00    0.00
 1830    4.00  100.00  130.00    3.00    0.00    0.00
 1831    5.00  100.00  130.00    1.00    0.00    0.00
 1832    5.00  100.00  140.00    3.00    0.00   27.00
 1833    6.00   93.29  130.00    3.00   34.29  108.00
 1834    6.00   93.29  110.00    3.00    0.00  114.00
 1835    6.00   93.29  120.00    3.00    0.00  214.00
 1836    6.00  100.00  120.00    2.00    0.00  224.00
 1837    6.00   93.29   90.00    3.00    0.00  218.00
 1838    6.00   93.29   90.00    3.00    0.00  199.00
 1839    6.00  100.00  100.00    2.00    0.00  211.00
 1840    6.00  100.00  100.00    2.00    0.00  107.00
 1841    6.00  100.00  110.00    3.00    0.00   54.00
 1842    5.00  100.00  110.00    1.00    0.00    0.00
 1843    5.00  100.00  110.00    1.00    0.00    0.00
 1844    5.00  100.00  110.00    1.00    0.00    0.00
 1845    5.00  100.00  120.00    1.00    0.00    0.00
 1846    5.00  100.00  120.00    1.00    0.00    0.00
 1847    4.00   86.78  110.00    0.50    0.00    0.00
 1848    4.00  100.00  120.00    1.00    0.00    0.00
 1849    4.00  100.00  120.00    1.00    0.00    0.00
 1850    4.00  100.00  110.00    1.00    0.00    0.00
 1851    4.00  100.00  110.00    1.00    0.00    0.00
 1852    4.00  100.00  100.00    2.00    0.00    0.00
 1853    4.00   93.18  100.00    2.00    0.00    0.00
 1854    4.00   93.18  110.00    2.00    0.00    0.00
 1855    1.00  100.00  100.00    4.00    0.00    0.00
 1856    1.00  100.00   90.00    3.00    0.00   29.00
 1857    2.00  100.00  100.00    2.00    0.00   76.00
 1858    3.00   93.13  100.00    3.50  133.05  139.00
 1859    3.00  100.00  100.00    4.00   94.32  155.00
 1860    4.00   93.18   90.00    3.00  188.55  173.00
 1861    4.00  100.00   90.00    3.00  183.98  172.00
 1862    4.00  100.00   90.00    2.50  174.61  158.00
 1863    4.00   93.18   80.00    2.50   80.64  127.00
 1864    4.00   93.18   90.00    2.50    0.00   84.00
 1865    4.00   93.18   90.00    2.50    0.00   40.00
 1866    3.00   93.13   90.00    3.00    0.00    0.00
 1867    3.00   93.13   90.00    3.00    0.00    0.00
 1868    3.00   93.13   90.00    3.00    0.00    0.00
 1869    3.00   93.13   90.00    1.00    0.00    0.00
 1870    3.00   93.13   80.00    3.00    0.00    0.00
 1871    3.00   93.13   60.00    1.00    0.00    0.00
 1872    3.00  100.00   70.00    2.00    0.00    0.00
 1873    3.00  100.00   60.00    2.00    0.00    0.00
 1874    3.00  100.00   60.00    1.00    0.00    0.00
 1875    2.00  100.00   40.00    2.00    0.00    0.00
 1876    2.00  100.00   50.00    2.00    0.00    0.00
 1877    2.00  100.00   40.00    2.00    0.00    0.00
 1878    2.00  100.00   20.00    3.00    0.00    0.00
 1879    1.00  100.00   30.00    2.00    0.00    1.00
 1880    1.00  100.00   10.00    3.00    0.00   72.00
 1881    0.00  100.00   20.00    1.00    0.00  144.00
 1882    0.00  100.00   20.00    1.00    0.00  192.00
 1883    0.00  100.00   10.00    1.00    0.00  254.00
 1884    0.00  100.00   20.00    2.00    0.00  240.00
 1885    1.00  100.00   20.00    2.00    0.00  192.00
 1886    1.00  100.00   20.00    2.00    0.00  227.00
 1887    1.00  100.00   20.00    2.00    0.00  101.00
 1888    1.00  100.00   20.00    2.00    0.00   73.00
 1889    1.00  100.00   20.00    2.50    0.00   54.00
 1890    1.00  100.00   20.00    2.50    0.00    1.00
 1891    1.00  100.00   30.00    2.00    0.00    0.00
 1892    1.00  100.00   40.00    2.50    0.00    0.00
 1893    2.00  100.00   40.00    3.00    0.00    0.00
 1894    2.00  100.00   40.00    3.00    0.00    0.00
 1895    2.00  100.00   50.00    3.00    0.00    0.00
 1896    2.00  100.00   50.00    3.00    0.00    0.00
 1897    2.00  100.00   50.00    2.50    0.00    0.00
 1898    2.00  100.00   40.00    2.50    0.00    0.00
 1899    2.00  100.00   30.00    3.00    0.00    0.00
 1900    1.00  100.00   40.00    3.00    0.00    0.00
 1901    1.00  100.00   50.00    3.50    0.00    0.00
 1902    1.00  100.00   40.00    4.00    0.00    0.00
 1903    1.00  100.00   40.00    3.50    0.00    2.00
 1904    1.00  100.00   40.00    3.00    0.00   40.00
 1905    1.00  100.00   40.00    3.00    0.00   84.00
 1906    2.00   93.07   50.00    3.00    0.00  113.00
 1907    1.00  100.00   40.00    3.00    0.00  131.00
 1908    1.00  100.00   40.00    3.00    0.00  147.00
 1909    1.00  100.00   40.00    3.00    0.00  152.00
 1910    2.00  100.00   40.00    3.00    0.00  242.00
 1911    2.00  100.00   40.00    3.00    0.00  196.00
 1912    3.00   93.13   40.00    3.00    0.00  127.00
 1913    2.00  100.00   60.00    2.50    0.00   43.00
 1914    2.00   93.07   60.00    2.00    0.00    3.00
 1915    2.00   93.07   40.00    1.50    0.00    0.00
 1916    2.00   93.07   40.00    1.00    0.00    0.00
 1917    1.00  100.00   30.00    1.00    0.00    0.00
 1918    1.00  100.00   40.00    1.00    0.00    0.00
 1919    2.00  100.00   30.00    0.50    0.00    0.00
 1920    2.00   93.07   50.00    0.50    0.00    0.00
 1921    2.00  100.00   40.00    0.50    0.00    0.00
 1922    1.00  100.00   40.00    1.00    0.00    0.00
 1923    1.00  100.00   50.00    0.50    0.00    0.00
 1924    1.00  100.00   50.00    0.50    0.00    0.00
 1925    1.00  100.00   50.00    0.50    0.00    0.00
 1926    2.00  100.00   40.00    0.50    0.00    0.00
 1927    2.00  100.00   20.00    0.50    0.00    3.00
 1928    1.00  100.00   40.00    1.00    0.00   40.00
 1929    2.00  100.00   50.00    1.00    0.00   80.00
 1930    2.00  100.00   90.00    2.00    0.00  120.00
 1931    2.00  100.00   80.00    2.00    0.00  148.00
 1932    3.00   93.13   70.00    1.50    0.00  162.00
 1933    3.00   93.13   60.00    1.00    0.00  162.00
 1934    3.00   86.68   60.00    1.00    0.00  149.00
 1935    3.00   86.68   70.00    1.00    0.00  123.00
 1936    3.00   86.68   20.00    0.50    0.00   88.00
 1937    3.00   93.13    0.00    0.50    0.00   45.00
 1938    2.00  100.00    0.00    0.50    0.00    3.00
 1939    2.00   93.07    0.00    0.00    0.00    0.00
 1940    1.00   82.47   20.00    1.00    0.00    0.00
 1941    0.00   88.66   10.00    1.00    0.00    0.00
 1942   -0.10   92.84   20.00    0.50    0.00    0.00
 1943   -1.00   92.02   20.00    0.50    0.00    0.00
 1944   -1.00  100.00    0.00    0.00    0.00    0.00
 1945   -1.00   92.02    0.00    0.00    0.00    0.00
 1946   -1.00  100.00    0.00    0.00    0.00    0.00
 1947   -2.00  100.00    0.00    0.00    0.00    0.00
 1948   -2.00  100.00    0.00    0.00    0.00    0.00
 1949   -2.00  100.00    0.00    0.00    0.00    0.00
 1950   -2.00  100.00    0.00    0.00    0.00    0.00
 1951   -1.00  100.00   20.00    0.50   26.64    9.00
 1952   -1.00  100.00   10.00    1.00   41.23   53.00
 1953   -1.00  100.00  350.00    0.50    0.00   83.00
 1954   -0.10   92.84  340.00    0.50    0.00  115.00
 1955   -0.10   92.84    0.00    0.50    0.00  138.00
 1956    0.00   88.66   20.00    1.00    0.00  158.00
 1957    1.00   93.02   20.00    1.00    0.00  161.00
 1958    2.00   93.07   30.00    1.00  151.30  174.00
 1959    3.00   86.68   20.00    1.00  333.11  143.00
 1960    4.00   80.77    0.00    1.00  428.37  104.00
 1961    5.00   86.88   10.00    0.50  293.19   60.00
 1962    5.00   86.88  280.00    0.50   40.81    6.00
 1963    3.00   93.13    0.00    0.00    0.00    0.00
 1964    2.00   93.07    0.00    0.00    0.00    0.00
 1965    1.00  100.00    0.00    0.00    0.00    0.00
 1966    1.00  100.00    0.00    0.00    0.00    0.00
 1967    0.00   88.66    0.00    0.00    0.00    0.00
 1968   -1.00  100.00    0.00    0.00    0.00    0.00
 1969   -1.00   92.02    0.00    0.00    0.00    0.00
 1970   -1.00   92.02    0.00    0.00    0.00    0.00
 1971   -1.00   92.02    0.00    0.00    0.00    0.00
 1972   -1.00   92.02    0.00    0.00    0.00    0.00
 1973   -2.00  100.00    0.00    0.00    0.00    0.00
 1974   -2.00  100.00    0.00    0.00    0.00    0.00
 1975   -2.00  100.00    0.00    0.00   72.98   15.00
 1976   -1.00   92.02    0.00    0.00  572.78   68.00
 1977    2.00   93.07   30.00    1.00  533.44  128.00
 1978    5.00   86.88  150.00    2.00  397.06  205.00
 1979    8.00   65.79   90.00    4.00  510.92  212.00
 1980   10.00   57.47  130.00    1.50  407.91  251.00
 1981   11.00   50.04  120.00    1.00  100.74  330.00
 1982   12.00   50.32  110.00    1.00  199.54  288.00
 1983   12.00   57.98  120.00    1.50   90.95  260.00
 1984   12.00   66.67  270.00    2.00    0.00  198.00
 1985   11.00   66.45  260.00    0.50  112.56   91.00
 1986   10.00   61.72    0.00    0.00    7.83   12.00
 1987   10.00   61.72    0.00    0.00    0.00    0.00
 1988    9.00   57.22  100.00    0.50    0.00    0.00
 1989    7.00   54.07    0.00    0.00    0.00    0.00
 1990    7.00   54.07  110.00    2.00    0.00    0.00
 1991    7.00   54.07  110.00    0.50    0.00    0.00
 1992    7.00   54.07  110.00    0.50    0.00    0.00
 1993    6.00   45.06  110.00    1.00    0.00    0.00
 1994    5.00   48.30    0.00    0.00    0.00    0.00
 1995    5.00   52.55    0.00    0.00    0.00    0.00
 1996    5.00   57.14    0.00    0.00    0.00    0.00
 1997    4.00   61.29    0.00    0.00    0.00    0.00
 1998    4.00   66.61  180.00    1.00    0.00    0.00
 1999    4.00   80.77  180.00    3.00    0.00   18.00
 2000    4.00   86.78  190.00    4.50    0.00   81.00
 2001    5.00   93.23  190.00    5.00    0.00   85.00
 2002    5.00  100.00  190.00    4.00    0.00   88.00
 2003    4.00  100.00  230.00    3.50    0.00  123.00
 2004    4.00  100.00  240.00    5.50    0.00  133.00
 2005    5.00  100.00  240.00    6.00    0.00  151.00
 2006    6.00   93.29  250.00    7.00   75.92  167.00
 2007    6.00   86.97  250.00    8.50  263.22  196.00
 2008    6.00   81.04  250.00    9.50  413.55   96.00
 2009    6.00   81.04  250.00    9.00   91.30   61.00
 2010    5.00   86.88  250.00    9.00   45.18   12.00
 2011    4.00   93.18  250.00   10.00    0.00    0.00
 2012    4.00   93.18  240.00    8.00    0.00    0.00
 2013    4.00   93.18  230.00    8.50    0.00    0.00
 2014    4.00   93.18  250.00    7.00    0.00    0.00
 2015    4.00  100.00  260.00    8.00    0.00    0.00
 2016    3.00  100.00  280.00    6.00    0.00    0.00
 2017    3.00   93.13  280.00    5.00    0.00    0.00
 2018    2.00   93.07  310.00    3.00    0.00    0.00
 2019    3.00   93.13  350.00    2.00    0.00    0.00
 2020    3.00   86.68  350.00    4.50    0.00    0.00
 2021    2.00   82.68  350.00    3.00    0.00    0.00
 2022    1.00   82.47   30.00    1.00    0.00    0.00
 2023    0.00   81.59  350.00    1.00  121.25   18.00
 2024    1.00   75.89  340.00    1.00  608.24   46.00
 2025    2.00   70.63   20.00    1.50  833.88   64.00
 2026    4.00   66.61    0.00    1.00  770.05   91.00
 2027    4.00   66.61   90.00    0.50  524.25  138.00
 2028    6.00   75.47   80.00    1.00  649.63  128.00
 2029    6.00   70.25  280.00    3.00  638.42  128.00
 2030    6.00   75.47  260.00    5.00  732.44  101.00
 2031    5.00   75.30  270.00    4.00  702.29  195.00
 2032    6.00   70.25  270.00    3.00  611.71  146.00
 2033    5.00   62.10  270.00    0.50  458.81   78.00
 2034    5.00   62.10    0.00    0.00   94.27   15.00
 2035    4.00   66.61    0.00    0.00    0.00    0.00
 2036    2.00   64.96  170.00    0.50    0.00    0.00
 2037    2.00   82.68    0.00    0.00    0.00    0.00
 2038    2.00   82.68   70.00    1.00    0.00    0.00
 2039    2.00   82.68  180.00    1.00    0.00    0.00
 2040    2.00   86.57    0.00    0.00    0.00    0.00
 2041    2.00   93.07    0.00    0.00    0.00    0.00
 2042    2.00   93.07   90.00    2.50    0.00    0.00
 2043    1.00   93.02  100.00    2.00    0.00    0.00
 2044    1.00  100.00  100.00    3.00    0.00    0.00
 2045    1.00  100.00  110.00    1.50    0.00    0.00
 2046    1.00  100.00  170.00    2.50    0.00    0.00
 2047    1.00  100.00  220.00    3.00   31.89   17.00
 2048    1.00  100.00  180.00    1.50  137.70   66.00
 2049    2.00   93.07  190.00    2.00  180.52  112.00
 2050    3.00   93.13  210.00    2.50  201.36  148.00
 2051    2.00   93.07  280.00    4.00    0.00  149.00
 2052    1.00  100.00  290.00    2.00    0.00  147.00
 2053    1.00  100.00  280.00    3.00    0.00  158.00
 2054    1.00   82.47  320.00    3.00    0.00  168.00
 2055    2.00   93.07  260.00    4.00    0.00  141.00
 2056    2.00   86.57  260.00    3.00   92.83  111.00
 2057    2.00   76.76  240.00    3.00    0.00   63.00
 2058    2.00   86.57  250.00    2.00    0.00   14.00
 2059    1.00   69.79  250.00    0.50    0.00    0.00
 2060    1.00   75.89   40.00    2.00    0.00    0.00
 2061   -0.10   92.84   40.00    5.00    0.00    0.00
 2062   -1.00   92.02   40.00    7.00    0.00    0.00
 2063   -2.00   91.96   40.00    5.00    0.00    0.00
 2064   -3.00   91.91   40.00    9.00    0.00    0.00
 2065   -3.00  100.00   40.00    7.00    0.00    0.00
 2066   -4.00   91.85   40.00    7.00    0.00    0.00
 2067   -4.00   91.85   30.00    7.00    0.00    0.00
 2068   -4.00   91.85   30.00    8.00    0.00    0.00
 2069   -4.00   84.30   30.00    8.00    0.00    0.00
 2070   -4.00   84.30   20.00    7.00    0.00    0.00
 2071   -4.00   70.89   20.00    7.00  174.20   33.00
 2072   -3.00   71.07   20.00    5.00  207.28  102.00
 2073   -3.00   77.48   20.00    8.00  247.14  167.00
 2074   -3.00   77.48   20.00    9.00  752.21  143.00
 2075   -3.00   71.07   30.00    8.00  494.09  157.00
 2076   -2.00   71.25   20.00    8.00  664.44  132.00
 2077   -1.00   60.14   20.00    6.00  651.88  132.00
 2078   -1.00   55.13   20.00    8.00  629.14  125.00
 2079   -0.10   51.18   20.00    7.50  587.33  111.00
 2080   -0.10   42.92   20.00    8.00  521.52   90.00
 2081   -0.10   60.87    0.00    8.50  398.63   60.00
 2082   -0.10   60.87   20.00    7.00  202.60   22.00
 2083   -1.00   65.57   10.00    4.00    0.00    0.00
 2084   -2.00   71.25    0.00    3.00    0.00    0.00
 2085   -3.00   77.48    0.00    2.00    0.00    0.00
 2086   -3.00   77.48    0.00    2.00    0.00    0.00
 2087   -4.00   77.33    0.00    2.00    0.00    0.00
 2088   -4.00   77.33    0.00    2.00    0.00    0.00
 2089   -4.00   77.33   20.00    1.00    0.00    0.00
 2090   -6.00   84.09   20.00    1.00    0.00    0.00
 2091   -6.00   84.09   10.00    1.00    0.00    0.00
 2092   -7.00   76.87    0.00    1.00    0.00    0.00
 2093   -7.00   76.87   30.00    1.00    0.00    0.00
 2094   -7.00   83.97   20.00    0.50    0.00    0.00
 2095   -7.00   83.97   20.00    0.50  106.61   25.00
 2096   -7.00   83.97   30.00    0.50  525.93   75.00
 2097   -4.00   70.89    0.00    0.00  857.66   73.00
 2098   -2.00   77.63    0.00    0.00  727.83  114.00
 2099   -1.00   71.43    0.00    0.00  741.11  128.00
 2100    1.00   75.89  260.00    3.00  735.48  135.00
 2101    1.00   75.89  260.00    4.00  601.93  152.00
 2102    1.00   75.89  280.00    5.00  579.12  144.00
 2103    1.00   64.14  270.00    5.00  544.09  126.00
 2104    2.00   70.63  300.00    4.00  479.52   99.00
 2105    1.00   64.14  300.00    4.00  373.76   66.00
 2106    1.00   64.14  310.00    3.00  195.90   24.00
 2107   -2.00   59.91  290.00    2.00    0.00    0.00
 2108   -2.00   59.91  280.00    0.50    0.00    0.00
 2109   -3.00   77.48  280.00    1.00    0.00    0.00
 2110   -3.00   84.41  280.00    0.50    0.00    0.00
 2111   -4.00   64.94    0.00    0.00    0.00    0.00
 2112   -4.00   70.89  150.00    0.50    0.00    0.00
 2113   -3.00   65.15  150.00    0.50    0.00    0.00
 2114   -4.00   70.89  140.00    1.00    0.00    0.00
 2115   -4.00   77.33  150.00    1.00    0.00    0.00
 2116   -3.00   91.91  140.00    2.00    0.00    0.00
 2117   -4.00   70.89  130.00    2.00    0.00    0.00
 2118   -2.00   77.63  220.00    2.00    0.00    0.00
 2119   -1.00   77.77  230.00    5.00  209.41   38.00
 2120   -0.10   85.43  230.00    5.00  431.24   74.00
 2121    2.00   64.96  240.00    7.00  493.30  101.00
 2122    3.00   60.49  240.00    6.00  520.30  162.00
 2123    3.00   55.59  250.00    7.00  267.08  173.00
 2124    4.00   56.37  240.00    7.00  398.17  171.00
 2125    5.00   57.14  220.00    7.00  520.27  154.00
 2126    5.00   57.14  220.00    8.00  751.92  105.00
 2127    5.00   57.14  200.00    7.00  821.52   76.00
 2128    3.00   55.59  200.00    8.00  708.77   75.00
 2129    2.00   64.96  220.00    7.00  471.03   61.00
 2130    2.00   54.83  200.00    7.00  214.94   27.00
 2131    1.00   64.14  180.00    5.00    0.00    0.00
 2132    0.00   68.95  180.00    5.00    0.00    0.00
 2133    0.00   75.03  170.00    5.00    0.00    0.00
 2134    0.00   68.95  170.00    4.00    0.00    0.00
 2135    0.00   68.95  180.00    3.00    0.00    0.00
 2136    0.00   68.95  180.00    4.00    0.00    0.00
 2137   -1.00   71.43  180.00    3.00    0.00    0.00
 2138   -1.00   71.43  180.00    3.00    0.00    0.00
 2139   -1.00   71.43  180.00    3.00    0.00    0.00
 2140   -1.00   71.43  180.00    2.00    0.00    0.00
 2141   -2.00   71.25    0.00    0.00    0.00    0.00
 2142   -2.00   71.25  130.00    2.00    0.00    0.00
 2143   -2.00   77.63  150.00    3.00  259.75   29.00
 2144   -0.10   72.20  150.00    4.00  301.62   75.00
 2145    0.00   63.33  180.00    7.00  230.60  121.00
 2146    1.00   58.91  180.00    7.00  356.12  153.00
 2147    0.00   63.33  180.00    8.00  241.42  184.00
 2148    1.00   54.07  190.00    8.00  248.30  195.00
 2149    0.00   58.13  200.00    9.00  189.39  233.00
 2150    1.00   58.91  180.00    9.00  469.63  161.00
 2151    1.00   58.91  200.00    8.00  660.68  116.00
 2152    1.00   58.91  200.00    8.00  491.82  104.00
 2153    1.00   58.91  180.00    8.00  381.17   72.00
 2154   -1.00   65.57  190.00    7.00  189.94   30.00
 2155   -1.00   65.57  170.00    4.00    0.00    0.00
 2156   -1.00   65.57  160.00    3.00    0.00    0.00
 2157   -1.00   65.57  180.00    5.00    0.00    0.00
 2158   -1.00   65.57  160.00    5.00    0.00    0.00
 2159   -2.00   65.36  160.00    7.00    0.00    0.00
 2160   -2.00   65.36  140.00    3.00    0.00    0.00
 2161   -3.00   71.07  120.00    3.00    0.00    0.00
 2162   -3.00   65.15  130.00    5.00    0.00    0.00
 2163   -4.00   70.89  120.00    5.00    0.00    0.00
 2164   -4.00   70.89  130.00    5.50    0.00    0.00
 2165   -4.00   70.89  120.00    7.00    0.00    0.00
 2166   -4.00   70.89  130.00    7.00    0.00    0.00
 2167   -4.00   77.33  130.00    7.00  117.51   35.00
 2168   -3.00   77.48  130.00    7.00   83.12  107.00
 2169   -2.00   77.63  130.00    7.00    0.00  214.00
 2170   -2.00   77.63  130.00    7.00    0.00  267.00
 2171   -2.00   91.96  130.00    7.00    0.00  241.00
 2172   -1.00   84.62  130.00    8.00    0.00  198.00
 2173   -1.00   84.62  140.00   10.00    0.00  213.00
 2174   -0.10   85.43  150.00    7.00    0.00  138.00
 2175   -0.10   85.43  150.00    7.00    0.00  105.00
 2176    0.00   81.59  150.00    7.00    0.00   79.00
 2177    1.00   93.02  140.00    8.00    0.00   52.00
 2178    1.00   93.02  140.00    8.00    0.00   16.00
 2179    1.00   93.02  150.00    8.00    0.00    0.00
 2180    2.00  100.00  150.00    8.00    0.00    0.00
 2181    2.00  100.00  150.00    7.00    0.00    0.00
 2182    3.00  100.00  160.00    9.00    0.00    0.00
 2183    4.00  100.00  150.00    8.50    0.00    0.00
 2184    4.00  100.00  160.00    9.00    0.00    0.00
 2185    4.00  100.00  150.00    7.50    0.00    0.00
 2186    4.00  100.00  150.00    7.50    0.00    0.00
 2187    4.00  100.00  170.00    6.00    0.00    0.00
 2188    4.00  100.00  180.00    7.00    0.00    0.00
 2189    4.00  100.00  170.00    6.00    0.00    0.00
 2190    4.00  100.00  180.00   10.00    0.00    0.00
 2191    4.00   93.18  200.00    8.00    0.00   19.00
 2192    4.00   93.18  220.00    7.00    0.00   60.00
 2193    4.00   93.18  210.00    7.50    0.00  109.00
 2194    4.00   93.18  200.00    7.00    0.00  142.00
 2195    4.00   93.18  190.00    9.00    0.00  159.00
 2196    4.00   93.18  180.00    9.00    0.00  172.00
 2197    4.00  100.00  190.00   11.00    0.00  167.00
 2198    5.00  100.00  200.00   12.00    0.00  156.00
 2199    5.00  100.00  200.00    9.00    0.00  137.00
 2200    5.00  100.00  200.00    9.00    0.00  104.00
 2201    4.00  100.00  230.00   11.00    0.00   62.00
 2202    3.00   93.13  260.00   10.00    0.00   19.00
 2203    2.00   93.07  250.00    6.00    0.00    0.00
 2204    2.00   93.07  200.00    3.00    0.00    0.00
 2205    3.00   93.13  210.00    4.50    0.00    0.00
 2206    4.00   93.18  220.00    6.00    0.00    0.00
 2207    4.00   93.18  230.00    7.00    0.00    0.00
 2208    4.00   93.18  230.00    6.00    0.00    0.00
 2209    4.00   93.18  240.00    4.00    0.00    0.00
 2210    4.00   93.18  230.00    5.00    0.00    0.00
 2211    4.00   93.18  220.00    5.00    0.00    0.00
 2212    4.00   93.18  230.00    5.00    0.00    0.00
 2213    4.00   93.18  220.00    6.00    0.00    0.00
 2214    4.00   93.18  210.00    5.00    0.00    0.00
 2215    4.00   93.18  210.00    5.00   37.56   23.00
 2216    3.00   86.68  210.00    6.00    0.00   67.00
 2217    4.00   86.78  230.00    7.00   73.81  119.00
 2218    4.00   86.78  220.00    6.00   72.27  156.00
 2219    4.00   86.78  230.00    7.00   74.82  183.00
 2220    4.00   93.18  260.00    5.00    0.00  177.00
 2221    4.00   93.18  250.00    4.00    0.00  185.00
 2222    4.00   93.18  270.00    4.00    0.00  172.00
 2223    5.00   93.23  270.00    4.00   85.42  174.00
 2224    5.00   93.23  270.00    3.00   75.47  174.00
 2225    5.00   93.23  270.00    2.00   61.50   72.00
 2226    4.00   93.18  310.00    0.50   28.06   24.00
 2227    4.00   93.18    0.00    0.00    0.00    0.00
 2228    3.00   93.13   40.00    2.00    0.00    0.00
 2229    3.00   93.13  130.00    2.00    0.00    0.00
 2230    3.00   93.13   40.00    1.00    0.00    0.00
 2231    2.00   93.07   20.00    1.00    0.00    0.00
 2232    2.00   93.07   20.00    1.00    0.00    0.00
 2233    2.00   93.07   30.00    1.00    0.00    0.00
 2234    1.00  100.00    0.00    1.00    0.00    0.00
 2235    1.00   93.02    0.00    1.00    0.00    0.00
 2236   -0.10   92.84   10.00    3.00    0.00    0.00
 2237   -0.10   92.84    0.00    2.00    0.00    0.00
 2238   -0.10   85.43   30.00    2.00    0.00    0.00
 2239   -0.10   85.43   20.00    2.00   62.01   54.00
 2240    0.00   81.59    0.00    1.00   96.89  144.00
 2241    2.00   76.76   10.00    1.00  435.46  168.00
 2242    3.00   71.48   20.00    1.00  707.30  148.00
 2243    5.00   57.14   30.00    1.00  911.91  103.00
 2244    6.00   45.06   60.00    3.00  917.02  107.00
 2245    7.00   42.05   60.00    3.00  772.95  111.00
 2246    8.00   42.73   20.00    2.00  746.60  106.00
 2247    8.00   54.39   30.00    2.00  695.87   95.00
 2248    9.00   57.22  260.00    5.00  620.03   79.00
 2249    7.00   65.57  300.00    4.00  509.63   80.00
 2250    5.00   48.30  320.00    1.00  223.82   39.00
 2251    4.00   56.37    0.00    0.00    0.00    0.00
 2252    3.00   60.49    0.00    0.00    0.00    0.00
 2253    3.00   60.49  150.00    1.00    0.00    0.00
 2254    2.00   64.96  200.00    1.00    0.00    0.00
 2255    2.00   64.96  170.00    3.00    0.00    0.00
 2256    3.00   80.62  200.00    3.00    0.00    0.00
 2257    3.00   80.62  190.00    2.00    0.00    0.00
 2258    3.00   80.62  200.00    2.00    0.00    0.00
 2259    2.00   93.07  190.00    6.00    0.00    0.00
 2260    1.00  100.00  180.00    6.00    0.00    0.00
 2261    2.00  100.00  200.00    7.00    0.00    0.00
 2262    2.00  100.00  190.00    7.00    0.00    0.00
 2263    3.00  100.00  200.00    6.00    0.00   21.00
 2264    3.00  100.00  200.00    5.00    0.00   62.00
 2265    4.00   93.18  200.00    5.00    0.00  102.00
 2266    4.00  100.00  210.00    4.00    0.00  117.00
 2267    5.00  100.00  270.00    5.00    0.00  102.00
 2268    5.00  100.00  280.00    6.00   67.85  199.00
 2269    6.00   93.29  270.00    5.00  573.82  161.00
 2270    7.00   87.07  250.00    7.00  589.94  136.00
 2271    7.00   87.07  260.00    5.00  664.40  104.00
 2272    8.00   81.32  250.00    4.00  592.16  113.00
 2273    7.00   75.65  270.00    4.00  555.02   63.00
 2274    7.00   87.07  260.00    5.00  276.38   28.00
 2275    5.00   86.88  250.00    7.00    0.00    0.00
 2276    4.00  100.00  250.00    5.00    0.00    0.00
 2277    4.00  100.00  250.00    6.50    0.00    0.00
 2278    5.00   93.23  240.00    6.00    0.00    0.00
 2279    5.00  100.00  240.00    7.00    0.00    0.00
 2280    5.00  100.00  250.00    9.00    0.00    0.00
 2281    5.00  100.00  240.00    9.00    0.00    0.00
 2282    5.00  100.00  250.00   10.00    0.00    0.00
 2283    5.00  100.00  240.00    8.00    0.00    0.00
 2284    3.00   80.62  260.00   11.00    0.00    0.00
 2285    2.00   70.63  270.00   10.00    0.00    0.00
 2286    2.00   70.63  270.00   11.00    0.00    0.00
 2287    2.00   70.63  270.00   11.00  302.63   41.00
 2288    3.00   71.48  270.00   12.00  253.59  119.00
 2289    3.00   60.49  270.00   11.00   96.28  158.00
 2290    3.00   80.62  280.00   11.00    0.00  124.00
 2291    1.00  100.00  270.00   11.00    0.00  163.00
 2292    2.00  100.00  280.00   11.50    0.00  175.00
 2293    1.00  100.00  290.00    9.50  116.36  222.00
 2294    2.00   93.07  280.00   10.00    0.00  145.00
 2295    1.00  100.00  280.00   10.00    0.00  127.00
 2296    1.00  100.00  290.00    8.00    0.00   91.00
 2297    2.00  100.00  290.00    8.50   30.88   77.00
 2298    1.00  100.00  320.00    5.00    0.00   20.00
 2299    0.00   88.66  320.00    5.00    0.00    0.00
 2300    1.00  100.00  320.00    4.00    0.00    0.00
 2301    0.00   88.66  340.00    4.00    0.00    0.00
 2302   -0.10  100.00  340.00    2.50    0.00    0.00
 2303   -1.00   92.02  350.00    4.50    0.00    0.00
 2304   -1.00   92.02  350.00    4.00    0.00    0.00
 2305   -2.00   91.96    0.00    4.00    0.00    0.00
 2306   -3.00   91.91    0.00    4.00    0.00    0.00
 2307   -2.00   84.52    0.00    6.00    0.00    0.00
 2308   -3.00   91.91  350.00    4.00    0.00    0.00
 2309   -4.00   91.85  350.00    5.00    0.00    0.00
 2310   -4.00   84.30    0.00    5.00    0.00    0.00
 2311   -4.00   84.30    0.00    5.00   68.26   45.00
 2312   -4.00   84.30    0.00    4.50   86.31   85.00
 2313   -3.00   77.48   10.00    5.00   66.61  129.00
 2314   -3.00   77.48    0.00    6.00    0.00  131.00
 2315   -3.00   71.07   10.00    3.50   98.08  216.00
 2316   -2.00   65.36    0.00    4.00   92.65  232.00
 2317   -3.00   71.07  350.00    6.00   41.67  204.00
 2318   -2.00   59.91   10.00    4.50  175.95  202.00
 2319   -2.00   59.91   10.00    3.00   82.19  169.00
 2320   -2.00   59.91  350.00    4.00  150.94  137.00
 2321   -1.00   77.77    0.00    1.00  130.81   98.00
 2322   -1.00   71.43  350.00    3.00   80.81   46.00
 2323   -2.00   77.63    0.00    1.00    0.00    0.00
 2324   -3.00   77.48   40.00    1.00    0.00    0.00
 2325   -3.00   84.41    0.00    0.00    0.00    0.00
 2326   -4.00   84.30    0.00    0.00    0.00    0.00
 2327   -4.00   84.30    0.00    0.00    0.00    0.00
 2328   -4.00   84.30    0.00    0.00    0.00    0.00
 2329   -5.00   91.79   80.00    1.00    0.00    0.00
 2330   -5.00   84.20   70.00    0.50    0.00    0.00
 2331   -6.00   84.09    0.00    0.00    0.00    0.00
 2332   -6.00   91.73    0.00    0.00    0.00    0.00
 2333   -6.00   84.09    0.00    0.00    0.00    0.00
 2334   -6.00   91.73    0.00    0.00    0.00    0.00
 2335   -6.00   91.73  350.00    2.50  311.40   46.00
 2336   -4.00   84.30  350.00    1.50  172.37   90.00
 2337   -3.00   71.07  350.00    0.50  446.55  124.00
 2338   -2.00   54.88  330.00    4.00  729.95  254.00
 2339   -1.00   46.24  330.00    2.00  629.62  149.00
 2340    0.00   48.88  260.00    4.50  663.86  140.00
 2341    1.00   49.60  310.00    4.50  653.17  140.00
 2342   -1.00   42.30  340.00    4.00  636.39  134.00
 2343    0.00   44.78  300.00    6.00  601.57  120.00
 2344    0.00   40.99  300.00    5.00  657.38   86.00
 2345    1.00   38.13  300.00    3.00  458.66   72.00
 2346    1.00   38.13  330.00    3.00  295.72   39.00
 2347    0.00   40.99  320.00    2.00    0.00    0.00
 2348   -2.00   50.24  310.00    2.00    0.00    0.00
 2349   -2.00   59.91    0.00    0.00    0.00    0.00
 2350   -2.00   50.24    0.00    0.00    0.00    0.00
 2351   -3.00   45.69    0.00    0.00    0.00    0.00
 2352   -3.00   45.69  130.00    0.50    0.00    0.00
 2353   -5.00   59.21  130.00    0.50    0.00    0.00
 2354   -5.00   64.73  130.00    1.50    0.00    0.00
 2355   -5.00   64.73  130.00    2.00    0.00    0.00
 2356   -4.00   59.45  130.00    2.00    0.00    0.00
 2357   -4.00   54.39  140.00    2.00    0.00    0.00
 2358   -4.00   59.45  130.00    2.00    0.00    0.00
 2359   -3.00   65.15  160.00    3.00  159.41   43.00
 2360   -0.10   72.20  160.00    3.00  100.43   91.00
 2361    1.00   69.79  200.00    5.00    0.00  117.00
 2362    1.00   69.79  170.00    4.00   47.45  168.00
 2363    0.00   81.59  160.00    5.00   67.00  196.00
 2364    0.00   81.59  200.00    5.00  207.68  211.00
 2365    0.00   81.59  220.00    2.00  241.18  206.00
 2366    1.00   75.89  280.00    3.00  468.00  170.00
 2367    2.00   64.96  260.00    3.00  553.97  137.00
 2368    3.00   60.49  270.00    3.00  504.86  112.00
 2369    2.00   59.70  260.00    2.00  525.99   70.00
 2370    2.00   54.83  230.00    2.00  346.56   37.00
 2371    0.00   68.95   20.00    2.00    0.00    0.00
 2372   -2.00   91.96   30.00    2.00    0.00    0.00
 2373   -2.00   91.96   20.00    1.00    0.00    0.00
 2374   -2.00   91.96   20.00    1.00    0.00    0.00
 2375   -3.00   91.91   20.00    0.50    0.00    0.00
 2376   -3.00   91.91   40.00    0.50    0.00    0.00
 2377   -4.00   91.85   40.00    0.50    0.00    0.00
 2378   -4.00   91.85   60.00    2.00    0.00    0.00
 2379   -4.00   84.30  100.00    0.50    0.00    0.00
 2380   -4.00   70.89   90.00    1.50    0.00    0.00
 2381   -5.00   70.70   60.00    1.50    0.00    0.00
 2382   -5.00   77.18   20.00    1.50    0.00    1.00
 2383   -5.00   84.20   20.00    1.50  408.47   39.00
 2384   -3.00   65.15   20.00    2.00  673.99   67.00
 2385   -2.00   71.25    0.00    3.00  842.11   53.00
 2386   -2.00   71.25    0.00    5.00  919.69   55.00
 2387    1.00   58.91    0.00    5.00  925.84   84.00
 2388    2.00   54.83    0.00    5.00  928.34   86.00
 2389    2.00   54.83  340.00    6.00  379.99  190.00
 2390    1.00   58.91   20.00    6.00  122.59  202.00
 2391    1.00   58.91   20.00    9.00  581.81  130.00
 2392    1.00   58.91   20.00    5.00  530.12  107.00
 2393    0.00   63.33   20.00    5.00  268.07   88.00
 2394    1.00   41.65   30.00    4.00   61.15   44.00
 2395    0.00   40.99   30.00    4.00    0.00    1.00
 2396   -1.00   50.51   20.00    5.00    0.00    0.00
 2397   -1.00   50.51   20.00    5.00    0.00    0.00
 2398   -2.00   59.91   20.00    8.00    0.00    0.00
 2399   -2.00   84.52    0.00    4.00    0.00    0.00
 2400   -2.00   84.52  340.00    5.00    0.00    0.00
 2401   -3.00   84.41  330.00    5.00    0.00    0.00
 2402   -3.00   84.41  320.00    4.00    0.00    0.00
 2403   -3.00   84.41  350.00    6.00    0.00    0.00
 2404   -3.00   91.91  340.00    5.00    0.00    0.00
 2405   -3.00   91.91  350.00    6.00    0.00    0.00
 2406   -3.00   91.91  350.00    6.00    0.00    0.00
 2407   -3.00   91.91    0.00    5.00    0.00   77.00
 2408   -3.00   91.91  350.00    6.00    0.00  170.00
 2409   -2.00   91.96  350.00    5.00    0.00  247.00
 2410   -2.00  100.00  350.00    4.00    0.00  296.00
 2411   -1.00   92.02  330.00    3.00    0.00  334.00
 2412   -1.00   92.02  330.00    3.00    0.00  358.00
 2413   -1.00  100.00  330.00    2.00    0.00  361.00
 2414    0.00   88.66  330.00    2.00    0.00  159.00
 2415    0.00   95.50  330.00    1.00    0.00  135.00
 2416    1.00  100.00  330.00    1.00    0.00  105.00
 2417    1.00  100.00  330.00    2.00    0.00   70.00
 2418    0.00  100.00  330.00    2.00    0.00   32.00
 2419    0.00  100.00  330.00    2.00    0.00    0.00
 2420    1.00  100.00  330.00    2.00    0.00    0.00
 2421    1.00  100.00  330.00    2.00    0.00    0.00
 2422    1.00  100.00  330.00    1.00    0.00    0.00
 2423    1.00  100.00  330.00    1.00    0.00    0.00
 2424    1.00  100.00  220.00    2.00    0.00    0.00
 2425    1.00  100.00  200.00    3.00    0.00    0.00
 2426    1.00  100.00  200.00    2.00    0.00    0.00
 2427    1.00  100.00  200.00    3.00    0.00    0.00
 2428    1.00  100.00  260.00    3.00    0.00    0.00
 2429    0.00   88.66  240.00    4.00    0.00    0.00
 2430    0.00   88.66  240.00    4.00    0.00    0.00
 2431    0.00   88.66  210.00    2.50    0.00   39.00
 2432    1.00   93.02  220.00    3.00    0.00   83.00
 2433    1.00   82.47  210.00    3.00    0.00  128.00
 2434    1.00   75.89  210.00    5.00   95.66  177.00
 2435    2.00   70.63  220.00    4.50  197.21  206.00
 2436    2.00   70.63  180.00    4.00  104.42  216.00
 2437    3.00   65.78  210.00    5.00  206.31  216.00
 2438    4.00   61.29  180.00    5.00  500.38  228.00
 2439    4.00   51.80  180.00    6.00   94.72  264.00
 2440    3.00   65.78  180.00    5.00    0.00  134.00
 2441    2.00   82.68  150.00    5.00    0.00   82.00
 2442    2.00   93.07  140.00    6.00    0.00   51.00
 2443    3.00   93.13  160.00    9.00    0.00    0.00
 2444    3.00  100.00  170.00    7.50    0.00    0.00
 2445    3.00  100.00  170.00    7.00    0.00    0.00
 2446    3.00  100.00  200.00    6.50    0.00    0.00
 2447    3.00  100.00  190.00    4.00    0.00    0.00
 2448    3.00  100.00  190.00    2.50    0.00    0.00
 2449    3.00  100.00  190.00    3.00    0.00    0.00
 2450    3.00  100.00  200.00    2.50    0.00    0.00
 2451    3.00  100.00  160.00    1.50    0.00    0.00
 2452    3.00  100.00  170.00    3.50    0.00    0.00
 2453    3.00  100.00  160.00    3.50    0.00    0.00
 2454    3.00  100.00  150.00    3.50    0.00    0.00
 2455    3.00  100.00  170.00    4.00    0.00   33.00
 2456    3.00  100.00  190.00    4.00    0.00   77.00
 2457    2.00  100.00  180.00    4.00    0.00  116.00
 2458    1.00  100.00  170.00    2.50    0.00  121.00
 2459    1.00  100.00  150.00    1.50    0.00  150.00
 2460    1.00  100.00  160.00    2.00    0.00  170.00
 2461    1.00  100.00  180.00    4.50    0.00  196.00
 2462    2.00  100.00  210.00    4.50    0.00  183.00
 2463    5.00   93.23  270.00    7.00   74.43  176.00
 2464    4.00  100.00  250.00    7.50   67.72  138.00
 2465    4.00  100.00  260.00    8.00  156.70  125.00
 2466    4.00  100.00  260.00    7.50  101.36   62.00
 2467    4.00   93.18  250.00    7.00    0.00    0.00
 2468    3.00   93.13  240.00    5.00    0.00    0.00
 2469    3.00   93.13  240.00    7.00    0.00    0.00
 2470    3.00   93.13  230.00    6.00    0.00    0.00
 2471    3.00   93.13  240.00    6.00    0.00    0.00
 2472    3.00   93.13  250.00    6.00    0.00    0.00
 2473    3.00  100.00  240.00    6.00    0.00    0.00
 2474    3.00  100.00  240.00    5.00    0.00    0.00
 2475    3.00   93.13  230.00    6.00    0.00    0.00
 2476    3.00   93.13  250.00    5.00    0.00    0.00
 2477    3.00   93.13  240.00    3.00    0.00    0.00
 2478    4.00   86.78  230.00    4.00    0.00    0.00
 2479    3.00   93.13  230.00    5.00  257.92   51.00
 2480    3.00   93.13  230.00    6.00  171.76   98.00
 2481    4.00   93.18  230.00    6.00  192.49  142.00
 2482    4.00   86.78  220.00    5.00  101.19  178.00
 2483    5.00   80.91  230.00    4.50  336.69  193.00
 2484    4.00   80.77  240.00    4.00  339.09  205.00
 2485    4.00   86.78  300.00    4.00   81.90  219.00
 2486    5.00   86.88  190.00    4.00   99.83  204.00
 2487    6.00   81.04  210.00    6.00  189.84  178.00
 2488    6.00   81.04  210.00    4.00  173.96  142.00
 2489    5.00   86.88  250.00    2.00  146.40   97.00
 2490    5.00   86.88  220.00    2.00  146.79   49.00
 2491    4.00   80.77  210.00    1.00   10.45    2.00
 2492    2.00   82.68    0.00    0.00    0.00    0.00
 2493    2.00   93.07    0.00    0.00    0.00    0.00
 2494    1.00   93.02    0.00    0.00    0.00    0.00
 2495    0.00   95.50  350.00    1.00    0.00    0.00
 2496    0.00   88.66    0.00    0.50    0.00    0.00
 2497   -1.00   92.02    0.00    0.00    0.00    0.00
 2498   -1.00   92.02    0.00    0.00    0.00    0.00
 2499   -1.00   92.02    0.00    0.00    0.00    0.00
 2500   -2.00   91.96    0.00    1.00    0.00    0.00
 2501   -2.00   91.96    0.00    0.00    0.00    0.00
 2502   -2.00   91.96    0.00    0.00   42.04    8.00
 2503   -2.00   91.96    0.00    0.00   66.52   96.00
 2504   -1.00   92.02    0.00    0.00   82.71  175.00
 2505    3.00  100.00  290.00    1.00  535.75  163.00
 2506    3.00  100.00  260.00    2.50  445.27  188.00
 2507    7.00   70.45  320.00    2.00  622.12  177.00
 2508    7.00   70.45  290.00    4.00  624.33  187.00
 2509    8.00   70.65  250.00    5.00  615.87  187.00
 2510    7.00   65.57  280.00    6.00  602.46  178.00
 2511    8.00   65.79  300.00    6.00  571.92  158.00
 2512    9.00   47.19  300.00    5.00  440.10  139.00
 2513    8.00   61.23  300.00    4.00  403.67   92.00
 2514    7.00   58.24    0.00    1.00  279.30   51.00
 2515    7.00   58.24    0.00    3.00   29.85    5.00
 2516    5.00   57.14    0.00    1.00    0.00    0.00
 2517    3.00   60.49    0.00    1.00    0.00    0.00
 2518    2.00   59.70   20.00    1.00    0.00    0.00
 2519    2.00   59.70    0.00    1.00    0.00    0.00
 2520    1.00   58.91    0.00    0.00    0.00    0.00
 2521   -0.10   72.20    0.00    0.00    0.00    0.00
 2522   -0.10   72.20    0.00    0.00    0.00    0.00
 2523   -1.00   77.77    0.00    0.00    0.00    0.00
 2524   -1.00   77.77    0.00    0.00    0.00    0.00
 2525   -2.00   77.63    0.00    0.00    0.00    0.00
 2526   -1.00   92.02    0.00    0.00   70.15    8.00
 2527   -1.00   92.02    0.00    0.00  506.54   54.00
 2528    0.00   81.59    0.00    0.00  747.29   75.00
 2529    3.00   86.68  180.00    1.00  841.10   93.00
 2530    6.00   65.34  210.00    3.00  286.61  324.00
 2531    9.00   57.22  220.00    4.00  612.16  161.00
 2532    8.00   61.23  240.00    5.00  368.80  205.00
 2533    9.00   61.47  240.00    5.00  364.81  204.00
 2534    7.00   60.99  250.00    5.00  348.25  197.00
 2535    7.00   60.99  260.00    7.00  441.13  164.00
 2536    6.00   65.34  270.00    6.00  507.98  125.00
 2537    6.00   65.34  240.00    4.00  536.09   82.00
 2538    5.00   66.89  190.00    3.00   62.25   52.00
 2539    4.00   61.29  180.00    3.00    0.00    5.00
 2540    3.00   80.62  190.00    8.00    0.00    0.00
 2541    3.00   93.13  170.00    8.00    0.00    0.00
 2542    3.00  100.00  170.00   10.00    0.00    0.00
 2543    3.00  100.00  180.00   10.00    0.00    0.00
 2544    3.00  100.00  180.00   10.00    0.00    0.00
 2545    3.00  100.00  190.00    9.00    0.00    0.00
 2546    3.00  100.00  200.00    9.00    0.00    0.00
 2547    3.00  100.00  200.00   10.00    0.00    0.00
 2548    3.00  100.00  190.00    9.00    0.00    0.00
 2549    3.00   93.13  230.00    8.00    0.00    0.00
 2550    4.00   93.18  220.00    8.50   16.97    4.00
 2551    4.00   93.18  230.00   11.00    0.00   46.00
 2552    3.00   93.13  230.00   10.00    0.00   95.00
 2553    4.00   93.18  250.00   10.00  384.18  167.00
 2554    5.00   86.88  260.00   11.00  535.01  188.00
 2555    5.00   80.91  260.00   10.00  589.62  195.00
 2556    6.00   81.04  250.00   10.00  624.22  190.00
 2557    6.00   75.47  260.00   10.00  852.24  122.00
 2558    6.00   75.47  260.00   10.00  829.59  118.00
 2559    6.00   70.25  260.00   11.50  793.07  108.00
 2560    6.00   70.25  250.00   10.00  729.54   95.00
 2561    6.00   70.25  250.00   10.00  628.10   74.00
 2562    5.00   70.04  260.00   10.00  447.96   47.00
 2563    4.00   66.61  270.00    9.00  100.05    9.00
 2564    3.00   65.78  270.00    8.00    0.00    0.00
 2565    3.00   65.78  270.00    8.00    0.00    0.00
 2566    2.00   64.96  270.00    7.00    0.00    0.00
 2567    2.00   64.96  270.00    7.00    0.00    0.00
 2568    2.00   64.96  270.00    7.00    0.00    0.00
 2569    2.00   70.63  280.00    5.50    0.00    0.00
 2570    2.00   64.96  280.00    6.50    0.00    0.00
 2571    2.00   64.96  290.00    6.00    0.00    0.00
 2572    1.00   64.14  300.00    4.00    0.00    0.00
 2573    1.00   64.14  300.00    4.00    0.00    0.00
 2574    2.00   64.96  310.00    6.50   31.06   16.00
 2575    1.00   75.89  310.00    5.50   50.56   84.00
 2576    1.00   82.47  300.00    5.50    0.00   91.00
 2577    1.00   93.02  310.00    7.00  185.40  153.00
 2578    3.00   71.48  310.00    9.00   97.35  187.00
 2579    4.00   56.37  320.00    9.00  103.33  214.00
 2580    5.00   52.55  310.00   10.00  342.67  213.00
 2581    6.00   49.02  300.00   10.00  492.54  192.00
 2582    7.00   45.76  300.00   13.00  480.45  182.00
 2583    7.00   45.76  300.00   10.50  572.41  148.00
 2584    7.00   45.76  310.00    9.00  531.15  123.00
 2585    6.00   45.06  290.00    8.00  565.46   83.00
 2586    6.00   49.02  280.00    9.00  411.78   51.00
 2587    5.00   57.14  280.00    7.00  113.42   11.00
 2588    4.00   61.29  280.00    7.00    0.00    0.00
 2589    3.00   71.48  290.00    5.00    0.00    0.00
 2590    3.00   71.48   20.00    2.00    0.00    0.00
 2591    2.00   70.63    0.00    0.00    0.00    0.00
 2592    3.00   71.48  330.00    1.50    0.00    0.00
 2593    2.00   70.63  340.00    2.00    0.00    0.00
 2594    1.00   69.79  340.00    2.00    0.00    0.00
 2595    0.00   75.03  330.00    1.00    0.00    0.00
 2596   -0.10   78.56    0.00    0.00    0.00    0.00
 2597   -1.00   77.77    0.00    0.00    0.00    0.00
 2598   -1.00   77.77    0.00    0.00  126.06   16.00
 2599    1.00   69.79    0.00    0.00  547.22   52.00
 2600    1.00   69.79  310.00    2.50  724.63   82.00
 2601    4.00   51.80  290.00    4.00  833.40   91.00
 2602    4.00   51.80  280.00    5.50  746.76  124.00
 2603    5.00   48.30  270.00    6.00  936.98   86.00
 2604    6.00   45.06  280.00    7.50  806.35  120.00
 2605    6.00   45.06  280.00    7.50  798.34  120.00
 2606    6.00   45.06  280.00    7.00  778.49  116.00
 2607    7.00   49.76  280.00    7.50  742.34  106.00
 2608    7.00   49.76  280.00    7.50  686.63   93.00
 2609    6.00   57.93  280.00    6.00  595.32   73.00
 2610    6.00   53.31  280.00    6.00  294.50   76.00
 2611    5.00   62.10  280.00    6.00   41.92   19.00
 2612    4.00   75.13  280.00    6.00    0.00    0.00
 2613    4.00   75.13  260.00    5.00    0.00    0.00
 2614    4.00   80.77  260.00    5.00    0.00    0.00
 2615    4.00   93.18  250.00    4.00    0.00    0.00
 2616    3.00   93.13  250.00    5.00    0.00    0.00
 2617    3.00  100.00  260.00    4.00    0.00    0.00
 2618    3.00  100.00  260.00    3.50    0.00    0.00
 2619    3.00  100.00  240.00    4.00    0.00    0.00
 2620    2.00  100.00  240.00    4.00    0.00    0.00
 2621    2.00   93.07  250.00    6.00    0.00    0.00
 2622    2.00   93.07  250.00    6.00  106.44   15.00
 2623    4.00   93.18  250.00    5.00  253.56   78.00
 2624    5.00   86.88  250.00    6.50  318.59  134.00
 2625    5.00   86.88  230.00    7.00    0.00  201.00
 2626    5.00   86.88  240.00    7.00    0.00  251.00
 2627    5.00   86.88  210.00    9.00   92.37  317.00
 2628    5.00   93.23  210.00    6.00    0.00  289.00
 2629    4.00   93.18  200.00    7.00    0.00  263.00
 2630    4.00  100.00  200.00    9.00    0.00  177.00
 2631    4.00  100.00  210.00    9.00    0.00  155.00
 2632    4.00  100.00  210.00    9.00    0.00  135.00
 2633    5.00   93.23  210.00    7.50    0.00   86.00
 2634    4.00  100.00  220.00    8.00    0.00   41.00
 2635    5.00  100.00  230.00    6.50    0.00    4.00
 2636    5.00  100.00  230.00    7.00    0.00    0.00
 2637    5.00  100.00  220.00    7.50    0.00    0.00
 2638    5.00  100.00  220.00    4.50    0.00    0.00
 2639    5.00  100.00  220.00    6.00    0.00    0.00
 2640    5.00  100.00  220.00    5.50    0.00    0.00
 2641    5.00  100.00  220.00    5.00    0.00    0.00
 2642    5.00  100.00  220.00    5.50    0.00    0.00
 2643    5.00  100.00  220.00    5.00    0.00    0.00
 2644    5.00  100.00  220.00    4.50    0.00    0.00
 2645    5.00  100.00  220.00    5.50    0.00    0.00
 2646    5.00  100.00  210.00    5.50    0.00    7.00
 2647    5.00  100.00  210.00    4.50    0.00   38.00
 2648    5.00  100.00  210.00    4.00    0.00   84.00
 2649    5.00  100.00  200.00    4.00    0.00  119.00
 2650    6.00  100.00  190.00    4.00    0.00  144.00
 2651    6.00  100.00  190.00    3.50    0.00  158.00
 2652    6.00  100.00  190.00    4.00    0.00  169.00
 2653    6.00  100.00  220.00    4.00    0.00  126.00
 2654    7.00  100.00  240.00    5.00    0.00  126.00
 2655    7.00  100.00  230.00    9.00    0.00  127.00
 2656    7.00  100.00  240.00    7.00    0.00  127.00
 2657    7.00  100.00  240.00    8.50   50.83  167.00
 2658    7.00   93.34  250.00    8.00   45.52  100.00
 2659    6.00   93.29  250.00   10.50   15.57   15.00
 2660    6.00   93.29  250.00    9.50    0.00    0.00
 2661    6.00   93.29  230.00    8.00    0.00    0.00
 2662    6.00  100.00  230.00    7.50    0.00    0.00
 2663    6.00  100.00  230.00    8.50    0.00    0.00
 2664    6.00  100.00  220.00    5.50    0.00    0.00
 2665    6.00  100.00  220.00    6.00    0.00    0.00
 2666    6.00  100.00  210.00    4.00    0.00    0.00
 2667    6.00  100.00  200.00    5.00    0.00    0.00
 2668    6.00  100.00  210.00    4.00    0.00    0.00
 2669    6.00  100.00  190.00    4.00    0.00    0.00
 2670    6.00  100.00  200.00    4.00    0.00    8.00
 2671    6.00  100.00  220.00    4.00    0.00   44.00
 2672    6.00  100.00  250.00    5.50    0.00   75.00
 2673    6.00  100.00  260.00    4.50    0.00   93.00
 2674    7.00  100.00  250.00    6.00    0.00  104.00
 2675    7.00  100.00  250.00    7.50   81.78  317.00
 2676    7.00  100.00  250.00    8.50  294.41  332.00
 2677    9.00   87.26  250.00   10.00  592.05  180.00
 2678    9.00   87.26  250.00    9.50  461.92  188.00
 2679    9.00   81.45  250.00    9.50  312.81  180.00
 2680    8.00   75.82  250.00    8.50  485.93  134.00
 2681    8.00   87.17  250.00    7.00  419.86   98.00
 2682    7.00   87.07  260.00    8.00  309.61   59.00
 2683    6.00   86.97  250.00    7.00  120.29   14.00
 2684    5.00   93.23  240.00    6.00    0.00    0.00
 2685    4.00   93.18  250.00    3.00    0.00    0.00
 2686    4.00   93.18  240.00    1.00    0.00    0.00
 2687    4.00   93.18  220.00    4.00    0.00    0.00
 2688    4.00   93.18  180.00    3.00    0.00    0.00
 2689    3.00   93.13  210.00    2.00    0.00    0.00
 2690    4.00   93.18  210.00    3.00    0.00    0.00
 2691    4.00   93.18  180.00    2.00    0.00    0.00
 2692    4.00   93.18  200.00    3.00    0.00    0.00
 2693    4.00   93.18  210.00    3.00    0.00    0.00
 2694    4.00   93.18  200.00    4.00   33.02   23.00
 2695    5.00  100.00  180.00    2.00    0.00  113.00
 2696    5.00  100.00  180.00    2.00    0.00  103.00
 2697    5.00  100.00    0.00    0.00    0.00  140.00
 2698    5.00  100.00   60.00    1.00    0.00  159.00
 2699    6.00  100.00    0.00    0.00    0.00  191.00
 2700    6.00  100.00  230.00    2.00    0.00  192.00
 2701    6.00  100.00  200.00    3.50    0.00  194.00
 2702    7.00  100.00  210.00    5.00    0.00  182.00
 2703    7.00   93.34  230.00    6.50    0.00  173.00
 2704    7.00   93.34  230.00    5.00    0.00  139.00
 2705    7.00   93.34  210.00    4.00    0.00   99.00
 2706    7.00   93.34  220.00    4.50    0.00   53.00
 2707    6.00   93.29  220.00    5.00    0.00   10.00
 2708    5.00   93.23  230.00    6.00    0.00    0.00
 2709    4.00   93.18  230.00    7.00    0.00    0.00
 2710    4.00   93.18  240.00    6.00    0.00    0.00
 2711    4.00   93.18  240.00    6.00    0.00    0.00
 2712    4.00   93.18  240.00    6.00    0.00    0.00
 2713    4.00   93.18  240.00    4.00    0.00    0.00
 2714    3.00  100.00  230.00    3.00    0.00    0.00
 2715    4.00  100.00  200.00    4.00    0.00    0.00
 2716    4.00  100.00  210.00    4.00    0.00    0.00
 2717    4.00  100.00  210.00    2.00    0.00    0.00
 2718    4.00  100.00  230.00    4.00    0.00   19.00
 2719    4.00   93.18  250.00    4.00    0.00   61.00
 2720    4.00   86.78  250.00    5.00    0.00  115.00
 2721    5.00   86.88  240.00    5.00  111.66  162.00
 2722    5.00   93.23  250.00    5.00    0.00  199.00
 2723    6.00   86.97  250.00    6.00    0.00  227.00
 2724    6.00   86.97  260.00    5.00    0.00  233.00
 2725    6.00   86.97  260.00    4.50  112.16  233.00
 2726    6.00   81.04  270.00    4.50  117.02  225.00
 2727    6.00   81.04  250.00    3.50   97.96  195.00
 2728    6.00   81.04  250.00    4.50  103.70  203.00
 2729    5.00   86.88  250.00    4.00    0.00  109.00
 2730    5.00   86.88  270.00    4.00    0.00   61.00
 2731    4.00   93.18  260.00    2.50    0.00   14.00
 2732    4.00   93.18  270.00    1.50    0.00    0.00
 2733    4.00   93.18    0.00    0.00    0.00    0.00
 2734    4.00  100.00  350.00    3.00    0.00    0.00
 2735    3.00  100.00    0.00    3.00    0.00    0.00
 2736    3.00   93.13  340.00    3.00    0.00    0.00
 2737    2.00   93.07  330.00    3.00    0.00    0.00
 2738    2.00   93.07  330.00    3.00    0.00    0.00
 2739    2.00   93.07  340.00    3.50    0.00    0.00
 2740    1.00   82.47  330.00    3.00    0.00    0.00
 2741    0.00   81.59  330.00    1.00    0.00    0.00
 2742    1.00   93.02  330.00    2.00  196.89   24.00
 2743    2.00   93.07  320.00    2.00  424.08   74.00
 2744    3.00   86.68  330.00    2.00  453.75  138.00
 2745    5.00   75.30  330.00    2.00  196.55  237.00
 2746    6.00   81.04  250.00    4.00  205.58  244.00
 2747    7.00   65.57  260.00    4.50  569.84  183.00
 2748    8.00   61.23  270.00    4.00  458.36  208.00
 2749    8.00   61.23  280.00    4.50  568.81  191.00
 2750    8.00   61.23  280.00    4.50  588.96  178.00
 2751    8.00   61.23  270.00    5.00  791.55  123.00
 2752    9.00   66.01  280.00    3.50  628.76  122.00
 2753    9.00   61.47  290.00    3.00  572.57   90.00
 2754    7.00   60.99  220.00    3.00   74.69   69.00
 2755    6.00   70.25  200.00    3.00   34.15   19.00
 2756    5.00   70.04  170.00    1.50    0.00    0.00
 2757    4.00   71.75    0.00    0.00    0.00    0.00
 2758    4.00   71.75  170.00    2.00    0.00    0.00
 2759    4.00   75.13  170.00    3.00    0.00    0.00
 2760    4.00   80.77  170.00    3.00    0.00    0.00
 2761    5.00   86.88  140.00    3.00    0.00    0.00
 2762    5.00   86.88  160.00    4.00    0.00    0.00
 2763    5.00   86.88  160.00    7.00    0.00    0.00
 2764    5.00   86.88  150.00    8.00    0.00    0.00
 2765    4.00  100.00  150.00    7.00    0.00    0.00
 2766    5.00  100.00  150.00    8.00    0.00   14.00
 2767    5.00  100.00  160.00    9.00    0.00   54.00
 2768    6.00  100.00  160.00    9.00    0.00  102.00
 2769    6.00  100.00  170.00    8.00    0.00  125.00
 2770    7.00  100.00  170.00    6.00    0.00  120.00
 2771    7.00  100.00  190.00    4.00    0.00  136.00
 2772    8.00  100.00  180.00    2.50    0.00  162.00
 2773    8.00  100.00  190.00    4.00    0.00  195.00
 2774    9.00   93.44  170.00    4.00    0.00  194.00
 2775   10.00   93.49  160.00    5.50    0.00  174.00
 2776    9.00   93.44  150.00    5.00    0.00  141.00
 2777    9.00   93.44  140.00    4.00    0.00   93.00
 2778    9.00  100.00  140.00    6.00    0.00   51.00
 2779    9.00  100.00  160.00    9.00    0.00   10.00
 2780    9.00  100.00  160.00    9.50    0.00    0.00
 2781    9.00  100.00  160.00    9.00    0.00    0.00
 2782    9.00  100.00  170.00   10.00    0.00    0.00
 2783   10.00  100.00  170.00   10.00    0.00    0.00
 2784   10.00  100.00  170.00   10.00    0.00    0.00
 2785   10.00  100.00  170.00   11.00    0.00    0.00
 2786   10.00  100.00  160.00   10.00    0.00    0.00
 2787    9.00  100.00  170.00   10.50    0.00    0.00
 2788    9.00  100.00  170.00   12.00    0.00    0.00
 2789    7.00  100.00  230.00    8.00    0.00    0.00
 2790    5.00  100.00  260.00    8.00    0.00   17.00
 2791    5.00  100.00  240.00    7.50    0.00   61.00
 2792    5.00  100.00  230.00    9.00   79.40  117.00
 2793    6.00   86.97  230.00   11.00   86.38  163.00
 2794    7.00   87.07  230.00   11.00  289.53  203.00
 2795    8.00   81.32  230.00   12.00  592.39  206.00
 2796    9.00   75.98  230.00   14.00  695.02  203.00
 2797    9.00   75.98  230.00   15.00  591.73  216.00
 2798    9.00   75.98  230.00   14.00  481.74  216.00
 2799   10.00   81.59  240.00   12.00  184.17  201.00
 2800    9.00   87.26  240.00   11.00  319.03  172.00
 2801    8.00   87.17  240.00   11.00  281.86  128.00
 2802    8.00   87.17  240.00    9.00  293.46   74.00
 2803    7.00   75.65  240.00    8.00  148.22   25.00
 2804    6.00   75.47  220.00    5.00    0.00    0.00
 2805    5.00   75.30  220.00    6.00    0.00    0.00
 2806    5.00   75.30  220.00    7.00    0.00    0.00
 2807    5.00   86.88  220.00    7.00    0.00    0.00
 2808    5.00   86.88  220.00    8.00    0.00    0.00
 2809    5.00   93.23  230.00    9.00    0.00    0.00
 2810    5.00   93.23  240.00    9.00    0.00    0.00
 2811    5.00   93.23  250.00   10.00    0.00    0.00
 2812    5.00   93.23  250.00   10.00    0.00    0.00
 2813    5.00   93.23  250.00    9.00    0.00    0.00
 2814    5.00   86.88  260.00    9.00   34.17   23.00
 2815    6.00   93.29  250.00    8.00  279.01   77.00
 2816    6.00   86.97  250.00    7.00   86.25  120.00
 2817    7.00   87.07  250.00    7.00   95.55  163.00
 2818    8.00   87.17  250.00    7.50  505.09  185.00
 2819    9.00   75.98  240.00    8.00  627.28  191.00
 2820   10.00   71.04  260.00    7.00  526.02  215.00
 2821   11.00   66.45  240.00    6.00  521.88  215.00
 2822   11.00   61.95  270.00    5.00  510.88  205.00
 2823   13.00   54.30  270.00    4.00  491.80  184.00
 2824   13.00   54.30  280.00    4.00  551.42  147.00
 2825   12.00   57.98  200.00    3.00  489.72  113.00
 2826   11.00   53.76  190.00    4.00  391.38   73.00
 2827    9.00   66.01  170.00    3.00  119.14   27.00
 2828    8.00   75.82  170.00    3.00    0.00    0.00
 2829    7.00   81.18  140.00    3.00    0.00    0.00
 2830    6.00   86.97  120.00    2.00    0.00    0.00
 2831    6.00   86.97  110.00    3.00    0.00    0.00
 2832    6.00   86.97  110.00    2.00    0.00    0.00
 2833    6.00   93.29  100.00    4.00    0.00    0.00
 2834    6.00   86.97  110.00    4.00    0.00    0.00
 2835    5.00   86.88   90.00    4.00    0.00    0.00
 2836    5.00   80.91   90.00    3.00    0.00    0.00
 2837    5.00   75.30   90.00    4.00    0.00    0.00
 2838    6.00   70.25  100.00    4.00   90.12   39.00
 2839    8.00   61.23  100.00    7.00  230.70  120.00
 2840    8.00   61.23  110.00    7.00  276.30  199.00
 2841   10.00   49.76  110.00    7.00  297.95  271.00
 2842   11.00   46.54  110.00    8.00    0.00  402.00
 2843   12.00   54.03  110.00    8.50    0.00  398.00
 2844   12.00   62.19  110.00    8.50    0.00  362.00
 2845   11.00   81.72  120.00   11.00    0.00  375.00
 2846    8.00   87.17  120.00    5.00    0.00  334.00
 2847    7.00   93.34  120.00    7.00    0.00  239.00
 2848    7.00   93.34  170.00    5.50    0.00  207.00
 2849    7.00  100.00  180.00    5.50    0.00   97.00
 2850    7.00  100.00  200.00    4.50    0.00   59.00
 2851    7.00   93.34  220.00    3.00   18.32   22.00
 2852    7.00   93.34  230.00    2.50    0.00    0.00
 2853    6.00  100.00  170.00    1.50    0.00    0.00
 2854    5.00   93.23  140.00    2.50    0.00    0.00
 2855    6.00   93.29  170.00    3.00    0.00    0.00
 2856    5.00   93.23  140.00    2.50    0.00    0.00
 2857    5.00  100.00  140.00    3.00    0.00    0.00
 2858    5.00  100.00  140.00    2.50    0.00    0.00
 2859    5.00   93.23  140.00    2.00    0.00    0.00
 2860    5.00  100.00  140.00    2.50    0.00    0.00
 2861    5.00  100.00  130.00    3.00    0.00    0.00
 2862    6.00  100.00  140.00    3.00   55.14   26.00
 2863    6.00   93.29  130.00    3.00   53.74   73.00
 2864    7.00   93.34  130.00    3.00  142.91  129.00
 2865    9.00   81.45  170.00    5.00  647.53  151.00
 2866   10.00   71.04  170.00    6.00  679.98  178.00
 2867   12.00   66.67  180.00    6.00  691.64  196.00
 2868   12.00   62.19  170.00    5.00  613.05  212.00
 2869   14.00   47.40  180.00    6.00  420.27  230.00
 2870   13.00   47.12  170.00    5.00  200.43  364.00
 2871   14.00   47.40  170.00    5.00   95.93  350.00
 2872   13.00   50.59  180.00    5.00   88.16  287.00
 2873   13.00   50.59  190.00    5.00   78.96  224.00
 2874   11.00   57.73  270.00    2.00   59.59  134.00
 2875   11.00   71.23    0.00    0.00    0.00   43.00
 2876    9.00   75.98    0.00    0.00    0.00    0.00
 2877    9.00   75.98   30.00    1.00    0.00    0.00
 2878    9.00   81.45   60.00    1.00    0.00    0.00
 2879    9.00   81.45   70.00    1.00    0.00    0.00
 2880    8.00   87.17   80.00    1.00    0.00    0.00
 2881    9.00   81.45   90.00    1.00    0.00    0.00
 2882    8.00   93.39    0.00    0.00    0.00    0.00
 2883    8.00   81.32   90.00    2.50    0.00    0.00
 2884    8.00   93.39  180.00    1.00    0.00    0.00
 2885    8.00   93.39    0.00    0.00    0.00    0.00
 2886    7.00   93.34    0.00    0.00    0.00   27.00
 2887    7.00   93.34   90.00    2.00    0.00   74.00
 2888    8.00   87.17   20.00    1.00   83.26  131.00
 2889   10.00   81.59   90.00    1.00  192.06  186.00
 2890   12.00   71.42   10.00    2.50  437.82  206.00
 2891   14.00   54.56   80.00    4.00  485.17  216.00
 2892   15.00   44.43   30.00    4.50  414.37  227.00
 2893   15.00   44.43   50.00    5.00  206.34  238.00
 2894   15.00   44.43   50.00    6.00  202.23  225.00
 2895   15.00   44.43   50.00    7.00   96.94  251.00
 2896   14.00   47.40   40.00    7.00   91.20  225.00
 2897   14.00   54.56   50.00    6.00    0.00  176.00
 2898   13.00   58.24   50.00    5.00    0.00  135.00
 2899   12.00   66.67   70.00    4.50    0.00   40.00
 2900    9.00   93.44   40.00    5.00    0.00    0.00
 2901    9.00   93.44   50.00    6.00    0.00    0.00
 2902    8.00  100.00   40.00    7.00    0.00    0.00
 2903    7.00   93.34   40.00    6.00    0.00    0.00
 2904    8.00   87.17   50.00    7.00    0.00    0.00
 2905    8.00   87.17   60.00    7.50    0.00    0.00
 2906    7.00   93.34   50.00    6.00    0.00    0.00
 2907    7.00  100.00   40.00    5.00    0.00    0.00
 2908    7.00   93.34   60.00    4.50    0.00    0.00
 2909    8.00   93.39   50.00    4.00    0.00    0.00
 2910    8.00   93.39   60.00    4.50    0.00   20.00
 2911    7.00   93.34   50.00    4.00    0.00   63.00
 2912    8.00   93.39   60.00    3.50    0.00  109.00
 2913    8.00   87.17   70.00    3.50    0.00  151.00
 2914    8.00   93.39   70.00    3.00    0.00  167.00
 2915    8.00   93.39   70.00    3.00    0.00  191.00
 2916    8.00   93.39   90.00    2.00    0.00  217.00
 2917    9.00   93.44   40.00    1.00    0.00  214.00
 2918    9.00   93.44  170.00    2.00    0.00  172.00
 2919    8.00  100.00  270.00    2.00    0.00  156.00
 2920    8.00   93.39  270.00    1.00    0.00  144.00
 2921    9.00   93.44  270.00    0.50    0.00  105.00
 2922    9.00   93.44  270.00    1.00    0.00   59.00
 2923    8.00  100.00   30.00    1.50    0.00   18.00
 2924    8.00  100.00   40.00    1.50    0.00    0.00
 2925    7.00  100.00   20.00    1.50    0.00    0.00
 2926    7.00  100.00   30.00    2.00    0.00    0.00
 2927    6.00  100.00    0.00    2.00    0.00    0.00
 2928    6.00   93.29  350.00    1.00    0.00    0.00
 2929    6.00  100.00   10.00    1.00    0.00    0.00
 2930    6.00  100.00   20.00    2.00    0.00    0.00
 2931    6.00  100.00   30.00    1.00    0.00    0.00
 2932    6.00  100.00   30.00    4.00    0.00    0.00
 2933    5.00  100.00   20.00    4.00    0.00    0.00
 2934    6.00  100.00   30.00    4.00    0.00   22.00
 2935    6.00   93.29   30.00    4.00    0.00   67.00
 2936    6.00   93.29   40.00    4.00    0.00  113.00
 2937    7.00   93.34   40.00    3.50    0.00  154.00
 2938    8.00   87.17   30.00    4.00    0.00  192.00
 2939    8.00   87.17   50.00    4.50    0.00  213.00
 2940    8.00   93.39   40.00    4.50    0.00  225.00
 2941    7.00   93.34   60.00    4.00    0.00  226.00
 2942    8.00   87.17   60.00    4.50    0.00  217.00
 2943    8.00   87.17   60.00    4.50    0.00  192.00
 2944    9.00   81.45   50.00    3.50    0.00  160.00
 2945    8.00   87.17   50.00    3.00    0.00  115.00
 2946    7.00   87.07   40.00    4.00    0.00   69.00
 2947    7.00   87.07   30.00    2.00    0.00   24.00
 2948    7.00   87.07    0.00    3.00    0.00    0.00
 2949    6.00   93.29    0.00    3.00    0.00    0.00
 2950    6.00   93.29   10.00    3.00    0.00    0.00
 2951    6.00  100.00   10.00    2.00    0.00    0.00
 2952    6.00  100.00   10.00    2.00    0.00    0.00
 2953    6.00  100.00   20.00    2.00    0.00    0.00
 2954    6.00  100.00   20.00    2.00    0.00    0.00
 2955    6.00   93.29   20.00    2.00    0.00    0.00
 2956    6.00   93.29   50.00    5.00    0.00    0.00
 2957    6.00   93.29   50.00    4.50    0.00    0.00
 2958    6.00   93.29   50.00    4.00    0.00   24.00
 2959    6.00   93.29   50.00    5.00    0.00   67.00
 2960    7.00   93.34   30.00    5.00    0.00  145.00
 2961    8.00   87.17   30.00    4.00  134.53  180.00
 2962   10.00   87.36   20.00    5.00  290.66  316.00
 2963   12.00   76.48   20.00    5.00  170.58  402.00
 2964   15.00   76.96   30.00    6.00  192.59  427.00
 2965   16.00   72.18   30.00    4.00  202.02  426.00
 2966   19.00   72.73   40.00    6.00   98.20  435.00
 2967   20.00   68.34   60.00    4.00   93.80  367.00
 2968   22.00   68.74   50.00    5.00   85.83  300.00
 2969   22.00   64.47   40.00    3.00    0.00  219.00
 2970   22.00   64.47   60.00    5.00   50.32  122.00
 2971   21.00   68.54   60.00    5.00   21.68   31.00
 2972   20.00   72.91   70.00    7.50    0.00    0.00
 2973   20.00   68.34   90.00    8.00    0.00    0.00
 2974   19.00   72.73   90.00    7.00    0.00    0.00
 2975   18.00   72.55   90.00    9.00    0.00    0.00
 2976   18.00   67.93   90.00    7.50    0.00    0.00
 2977   16.00   72.18   80.00    6.00    0.00    0.00
 2978   16.00   72.18   90.00    6.50    0.00    0.00
 2979   17.00   67.73  100.00    7.00    0.00    0.00
 2980   16.00   72.18  100.00    5.00    0.00    0.00
 2981   16.00   72.18   90.00    5.50    0.00    0.00
 2982   16.00   72.18   90.00    4.00   73.26   43.00
 2983   17.00   59.23   90.00    3.00  134.26  128.00
 2984   19.00   48.80  100.00    4.00  164.50  216.00
 2985   20.00   56.11   90.00    5.00  176.79  291.00
 2986   23.00   53.28   90.00    8.00  258.78  320.00
 2987   25.00   47.24  100.00    8.00  442.09  306.00
 2988   27.00   44.80  100.00    7.00  620.96  248.00
 2989   28.00   48.06  120.00    7.00  610.00  247.00
 2990   30.00   42.81  130.00    8.00  596.19  234.00
 2991   29.00   39.86  140.00    9.00  576.68  192.00
 2992   29.00   45.35  120.00    7.00  604.15  152.00
 2993   28.00   51.22  240.00    2.00  522.76  115.00
 2994   24.00   53.54  230.00    2.50  360.48   77.00
 2995   21.00   60.19  170.00    1.50  164.42   29.00
 2996   22.00   56.62  150.00    2.00    0.00    0.00
 2997   19.00   59.71  240.00    1.00    0.00    0.00
 2998   16.00   72.18  180.00    1.00    0.00    0.00
 2999   16.00   72.18    0.00    0.00    0.00    0.00
 3000   16.00   77.12    0.00    0.00    0.00    0.00
 3001   16.00   77.12    0.00    0.00    0.00    0.00
 3002   15.00   76.96    0.00    0.00    0.00    0.00
 3003   15.00   76.96    0.00    0.00    0.00    0.00
 3004   12.00   93.59  180.00    3.00    0.00    0.00
 3005   11.00  100.00  170.00    2.00    0.00    0.00
 3006   10.00  100.00  170.00    5.00    0.00   17.00
 3007   10.00  100.00  180.00    5.00    0.00   47.00
 3008   10.00  100.00  200.00    4.00    0.00   81.00
 3009   10.00  100.00  220.00    5.50    0.00  115.00
 3010    9.00  100.00  210.00    5.00    0.00  138.00
 3011    9.00  100.00  220.00    4.00    0.00  209.00
 3012    9.00  100.00  220.00    5.00    0.00  210.00
 3013    9.00  100.00  220.00    5.00    0.00  216.00
 3014   10.00   93.49  230.00    5.00    0.00  212.00
 3015   11.00   87.45  240.00    5.50   73.04  204.00
 3016   11.00   81.72  240.00    4.00    0.00  120.00
 3017   12.00   81.85  280.00    3.00  127.99  131.00
 3018   10.00   87.36  260.00    2.00   52.21   76.00
 3019   10.00   87.36  230.00    2.00   31.17   28.00
 3020    9.00   93.44  280.00    2.00    0.00    0.00
 3021    8.00   87.17  280.00    2.00    0.00    0.00
 3022    8.00   87.17  280.00    5.00    0.00    0.00
 3023    8.00   87.17  270.00    5.00    0.00    0.00
 3024    7.00   93.34  280.00    5.00    0.00    0.00
 3025    7.00   93.34  260.00    7.00    0.00    0.00
 3026    7.00   93.34  270.00    6.00    0.00    0.00
 3027    7.00   93.34  280.00    6.00    0.00    0.00
 3028    6.00   93.29  260.00    5.00    0.00    0.00
 3029    6.00   93.29  270.00    6.00    0.00    0.00
 3030    6.00   86.97  260.00    5.00  264.52   41.00
 3031    6.00   86.97  240.00    3.00   68.64   80.00
 3032    7.00   87.07  250.00    2.00   78.32  129.00
 3033   10.00   71.04  250.00    4.00  595.26  171.00
 3034   10.00   71.04  250.00    5.00  623.14  201.00
 3035   12.00   71.42  270.00    5.00  632.64  220.00
 3036   12.00   71.42  270.00    4.00  636.78  231.00
 3037   12.00   71.42  280.00    4.00  632.54  231.00
 3038   13.00   71.62  260.00    5.00  618.41  219.00
 3039   14.00   54.56  270.00    4.00  514.80  209.00
 3040   14.00   62.66  270.00    2.50  559.95  170.00
 3041   14.00   54.56  260.00    4.00  451.03  200.00
 3042   13.00   71.62  220.00    2.00  173.08  131.00
 3043   11.00   71.23  220.00    3.00   66.17   50.00
 3044   10.00   71.04  230.00    1.00    0.00    0.00
 3045   10.00   71.04  230.00    2.00    0.00    0.00
 3046    9.00   75.98  230.00    2.00    0.00    0.00
 3047    8.00   81.32    0.00    0.00    0.00    0.00
 3048    7.00   87.07    0.00    0.00    0.00    0.00
 3049    6.00   86.97    0.00    0.00    0.00    0.00
 3050    6.00   86.97   30.00    1.00    0.00    0.00
 3051    6.00   86.97   60.00    1.00    0.00    0.00
 3052    5.00   93.23    0.00    0.00    0.00    0.00
 3053    5.00   93.23    0.00    0.00    0.00    0.00
 3054    4.00   93.18    0.00    0.00   30.68   58.00
 3055    5.00   93.23  330.00    1.00   50.78   82.00
 3056    5.00   93.23  340.00    1.00   61.15  130.00
 3057    8.00   87.17   30.00    1.00   46.05  170.00
 3058    9.00   93.44   10.00    2.00  188.89  272.00
 3059   13.00   71.62  270.00    1.00  361.22  241.00
 3060   15.00   58.74  270.00    3.00  511.49  372.00
 3061   16.00   55.08  270.00    2.50  508.13  372.00
 3062   15.00   51.14  280.00    6.00  287.87  236.00
 3063   15.00   62.89  280.00    5.00  602.66  262.00
 3064   16.00   55.08  310.00    4.00  565.38  207.00
 3065   14.00   71.80  310.00    2.50  404.13  166.00
 3066   12.00   71.42  310.00    5.00  396.38   98.00
 3067   12.00   66.67  300.00    4.00  234.62   43.00
 3068    9.00   75.98  300.00    1.00    0.00    0.00
 3069    9.00   81.45  300.00    2.00    0.00    0.00
 3070    8.00   81.32    0.00    0.00    0.00    0.00
 3071    7.00   81.18    0.00    0.00    0.00    0.00
 3072    6.00   86.97    0.00    0.00    0.00    0.00
 3073    6.00   86.97    0.00    0.00    0.00    0.00
 3074    6.00   86.97  150.00    0.50    0.00    0.00
 3075    7.00   93.34  170.00    0.50    0.00    0.00
 3076    7.00  100.00  190.00    0.50    0.00    0.00
 3077    7.00  100.00  180.00    2.00    0.00    0.00
 3078    8.00   93.39  200.00    3.00    0.00   27.00
 3079    9.00   93.44  270.00    3.00    0.00   68.00
 3080    9.00   93.44  260.00    3.00    0.00  119.00
 3081   10.00   93.49  250.00    5.00    0.00  160.00
 3082    9.00   87.26  270.00    5.00    0.00  187.00
 3083    9.00   87.26  250.00    3.50    0.00  212.00
 3084   10.00   81.59  260.00    5.00   82.24  248.00
 3085    9.00   81.45  250.00    5.00   69.84  248.00
 3086    9.00   87.26  250.00    4.00    0.00  212.00
 3087    9.00   81.45  260.00    5.00    0.00  196.00
 3088    9.00   81.45  250.00    5.00   72.87  174.00
 3089   10.00   76.15  250.00    5.00   64.70  131.00
 3090   10.00   66.23  260.00    4.00  216.84   98.00
 3091    9.00   87.26  280.00    3.00   93.07   38.00
 3092    8.00   81.32  270.00    2.50    0.00    0.00
 3093    7.00   81.18  250.00    2.50    0.00    0.00
 3094    7.00   81.18  260.00    3.00    0.00    0.00
 3095    7.00   81.18  250.00    3.00    0.00    0.00
 3096    7.00   81.18  240.00    1.50    0.00    0.00
 3097    6.00   81.04  210.00    2.00    0.00    0.00
 3098    6.00   81.04  220.00    2.00    0.00    0.00
 3099    6.00   81.04  210.00    2.00    0.00    0.00
 3100    6.00   81.04  200.00    2.00    0.00    0.00
 3101    6.00   86.97  200.00    2.00    0.00    0.00
 3102    6.00   86.97  160.00    2.00   35.09   59.00
 3103    8.00   87.17  180.00    2.00    0.00  143.00
 3104    8.00   87.17  190.00    2.00    0.00  214.00
 3105    8.00   87.17  190.00    1.50    0.00  246.00
 3106    8.00   87.17  190.00    3.00    0.00  298.00
 3107    8.00   93.39  180.00    3.50    0.00  306.00
 3108    9.00   93.44  180.00    5.50    0.00  230.00
 3109   10.00   87.36  190.00    5.00    0.00  228.00
 3110    9.00   93.44  180.00    5.00    0.00  341.00
 3111    9.00   93.44  180.00    5.00    0.00  181.00
 3112    8.00  100.00  170.00    3.00    0.00  149.00
 3113    9.00  100.00  190.00    7.00    0.00  101.00
 3114    9.00  100.00  200.00    8.00    0.00   64.00
 3115    9.00  100.00  210.00    5.00    0.00   24.00
 3116    9.00  100.00  240.00    2.50    0.00    0.00
 3117    8.00  100.00  260.00    2.00    0.00    0.00
 3118    8.00   93.39  210.00    1.50    0.00    0.00
 3119    8.00   93.39  250.00    3.00    0.00    0.00
 3120    8.00   93.39  250.00    2.00    0.00    0.00
 3121    8.00  100.00  270.00    4.00    0.00    0.00
 3122    7.00  100.00  270.00    5.00    0.00    0.00
 3123    7.00  100.00  270.00    5.00    0.00    0.00
 3124    6.00  100.00  260.00    5.00    0.00    0.00
 3125    6.00  100.00  250.00    6.00    0.00    0.00
 3126    7.00  100.00  240.00    5.00   45.75   36.00
 3127    7.00   87.07  240.00    5.00  146.63   89.00
 3128    8.00   87.17  250.00    5.50   89.44  133.00
 3129    8.00   87.17  240.00    5.00  101.22  176.00
 3130    8.00   87.17  220.00    5.00  106.08  211.00
 3131    9.00   87.26  240.00    6.00    0.00  232.00
 3132    9.00   87.26  200.00    5.50    0.00  245.00
 3133   11.00   81.72  200.00    7.00  205.26  307.00
 3134   12.00   76.48  200.00    6.00  301.94  230.00
 3135   12.00   76.48  190.00    7.00  291.17  207.00
 3136   13.00   71.62  190.00    8.00  365.46  169.00
 3137   12.00   76.48  190.00    6.00  163.67  134.00
 3138   11.00   81.72  190.00    5.00  133.82   86.00
 3139   11.00   81.72  180.00    6.00   80.33   37.00
 3140   11.00   81.72  180.00    5.00    0.00    0.00
 3141   11.00   81.72  160.00    7.00    0.00    0.00
 3142   10.00   81.59  150.00    6.00    0.00    0.00
 3143   10.00   81.59  140.00    7.00    0.00    0.00
 3144   10.00   87.36  150.00    7.00    0.00    0.00
 3145    8.00   93.39  160.00    6.00    0.00    0.00
 3146    8.00   93.39  160.00   10.00    0.00    0.00
 3147    9.00   93.44  160.00    9.00    0.00    0.00
 3148   10.00   93.49  170.00    7.00    0.00    0.00
 3149   10.00   93.49  180.00    8.00    0.00    0.00
 3150   10.00   93.49  190.00    8.00    0.00   26.00
 3151   10.00   93.49  200.00    7.00    0.00   70.00
 3152   10.00   93.49  200.00    7.00    0.00  116.00
 3153   10.00   93.49  200.00    7.00    0.00  155.00
 3154   10.00  100.00  200.00    7.00    0.00  186.00
 3155   12.00   87.55  200.00    8.00  207.19  267.00
 3156   12.00   87.55  200.00    6.00  208.41  282.00
 3157   11.00   87.45  170.00    7.00   69.03  249.00
 3158   11.00   87.45  180.00    5.00    0.00  210.00
 3159   11.00   93.54  180.00    5.00    0.00  234.00
 3160   10.00   93.49  160.00    5.00    0.00  194.00
 3161   10.00   93.49  110.00    3.00    0.00  114.00
 3162   10.00   93.49   50.00    3.00    0.00   68.00
 3163   10.00   93.49  170.00    4.00    0.00   29.00
 3164   10.00   93.49  270.00    7.50    0.00    0.00
 3165   10.00   93.49  260.00    7.00    0.00    0.00
 3166    9.00   93.44  230.00    5.00    0.00    0.00
 3167    8.00   93.39  200.00    4.00    0.00    0.00
 3168    8.00   93.39  200.00    6.50    0.00    0.00
 3169    8.00   93.39  200.00    8.00    0.00    0.00
 3170    8.00   93.39  200.00    8.00    0.00    0.00
 3171    8.00   87.17  190.00    8.00    0.00    0.00
 3172    8.00   87.17  190.00    7.00    0.00    0.00
 3173    8.00   87.17  190.00    7.00    0.00    0.00
 3174    9.00   93.44  200.00    6.00   43.86   38.00
 3175    9.00   93.44  200.00    7.00  133.74   91.00
 3176    9.00   93.44  200.00    6.00  178.39  136.00
 3177    9.00   93.44  200.00    6.00   96.48  177.00
 3178    9.00   81.45  190.00    6.50  202.56  214.00
 3179   11.00   81.72  200.00    5.00  411.34  224.00
 3180   11.00   81.72  200.00    6.00  310.79  244.00
 3181   12.00   76.48  200.00    5.00  389.30  246.00
 3182   13.00   71.62  210.00    5.00  286.08  240.00
 3183   13.00   71.62  200.00    4.00  276.83  215.00
 3184   12.00   71.42  210.00    4.00   86.58  178.00
 3185   12.00   76.48  260.00    3.00   77.57  199.00
 3186   11.00   81.72  270.00    2.00    0.00  164.00
 3187    9.00   87.26  310.00    2.00    0.00   71.00
 3188    8.00   93.39  300.00    2.00    0.00    0.00
 3189    7.00   93.34  280.00    2.00    0.00    0.00
 3190    7.00  100.00  290.00    2.00    0.00    0.00
 3191    6.00   93.29  300.00    2.00    0.00    0.00
 3192    6.00   93.29  290.00    1.50    0.00    0.00
 3193    6.00   93.29  290.00    2.00    0.00    0.00
 3194    6.00   93.29  280.00    2.00    0.00    0.00
 3195    6.00   93.29  200.00    1.00    0.00    0.00
 3196    6.00   86.97  240.00    1.00    0.00    0.00
 3197    6.00   86.97  250.00    2.00    0.00    1.00
 3198    6.00   86.97  260.00    1.00   43.01   42.00
 3199    6.00   86.97  200.00    4.00  396.88   91.00
 3200    7.00   87.07  250.00    5.00  665.79  157.00
 3201    7.00   87.07  200.00    5.50  717.88  200.00
 3202    9.00   81.45  220.00    6.00  597.41  164.00
 3203   10.00   81.59  210.00    5.00  524.86  179.00
 3204   10.00   81.59  200.00    5.00  659.69  158.00
 3205   10.00   81.59  190.00    6.00  655.57  158.00
 3206   11.00   81.72  190.00    5.00  798.55  226.00
 3207   11.00   76.32  240.00    4.00  744.87  113.00
 3208   11.00   76.32  260.00    5.00  724.60  237.00
 3209   10.00   76.15  270.00    3.00  106.21  191.00
 3210    9.00   75.98  260.00    2.50    0.00   90.00
 3211    9.00   75.98  270.00    2.50  107.92   72.00
 3212    9.00   75.98  260.00    2.00    0.00    0.00
 3213    7.00   75.65  190.00    2.00    0.00    0.00
 3214    7.00   75.65  170.00    2.00    0.00    0.00
 3215    5.00   75.30  200.00    2.00    0.00    0.00
 3216    5.00   75.30  170.00    2.00    0.00    0.00
 3217    5.00  100.00  150.00    1.00    0.00    0.00
 3218    5.00  100.00  200.00    0.50    0.00    0.00
 3219    5.00  100.00  180.00    0.50    0.00    0.00
 3220    5.00  100.00  270.00    0.50    0.00    0.00
 3221    5.00  100.00  270.00    0.50   15.01    1.00
 3222    6.00  100.00  280.00    1.00  343.03   59.00
 3223    8.00  100.00  280.00    3.00  476.94  123.00
 3224    9.00   81.45  300.00    3.00  213.70  137.00
 3225   10.00   76.15  290.00    4.00  645.16  199.00
 3226   11.00   76.32  210.00    5.00  668.82  236.00
 3227   11.00   66.45  270.00    5.00  686.73  299.00
 3228   11.00   71.23  270.00    6.00  689.80  348.00
 3229   12.00   71.42  260.00    6.00  758.97  239.00
 3230   12.00   66.67  270.00    6.00  743.39  208.00
 3231   12.00   66.67  260.00    6.00  718.44  190.00
 3232   11.00   66.45  280.00    4.00  680.67  186.00
 3233   11.00   66.45  280.00    6.00  643.53  118.00
 3234   11.00   66.45  270.00    5.00  584.95   67.00
 3235    9.00   61.47  270.00    4.00  407.33   41.00
 3236    8.00   81.32  270.00    3.00   20.26    1.00
 3237    7.00   87.07  260.00    2.00    0.00    0.00
 3238    5.00   86.88  240.00    2.00    0.00    0.00
 3239    5.00  100.00  180.00    1.00    0.00    0.00
 3240    4.00  100.00  210.00    1.00    0.00    0.00
 3241    4.00  100.00  210.00    1.00    0.00    0.00
 3242    4.00  100.00  200.00    1.00    0.00    0.00
 3243    4.00  100.00  190.00    2.00    0.00    0.00
 3244    4.00  100.00  200.00    2.00    0.00    0.00
 3245    4.00  100.00  190.00    1.00   57.18    4.00
 3246    4.00   93.18  130.00    1.00  119.24   47.00
 3247    5.00   93.23   90.00    1.00  141.97   97.00
 3248    7.00   93.34   80.00    1.00  362.61  138.00
 3249    9.00   75.98   90.00    0.50  576.82  143.00
 3250   11.00   71.23  240.00    2.00  718.67  143.00
 3251   13.00   58.24  270.00    1.50  857.00  127.00
 3252   14.00   58.49  270.00    2.50  860.63  130.00
 3253   15.00   58.74  270.00    6.00  852.74  130.00
 3254   15.00   54.82  270.00    5.00  839.52  126.00
 3255   15.00   47.68  270.00    5.00  815.91  118.00
 3256   15.00   47.68  280.00    6.00  771.04  107.00
 3257   14.00   44.14  290.00    6.00  606.59  105.00
 3258   14.00   62.66  300.00    4.00  593.57   63.00
 3259   13.00   62.43  320.00    2.00  340.21   44.00
 3260   12.00   81.85  330.00    2.00    0.00    0.00
 3261   10.00   71.04  340.00    2.00    0.00    0.00
 3262    9.00   61.47   10.00    2.00    0.00    0.00
 3263    9.00   70.84   20.00    2.00    0.00    0.00
 3264    9.00   70.84   20.00    2.00    0.00    0.00
 3265    7.00   70.45   10.00    2.00    0.00    0.00
 3266    6.00   70.25   10.00    2.00    0.00    0.00
 3267    5.00   70.04   10.00    2.00    0.00    0.00
 3268    5.00   75.30   40.00    2.00    0.00    0.00
 3269    5.00   75.30   20.00    2.00  110.38    9.00
 3270    6.00   81.04   20.00    1.50  475.85   44.00
 3271    9.00   81.45   30.00    2.50  700.11   63.00
 3272   11.00   66.45   30.00    3.00  826.59   50.00
 3273   13.00   54.30   30.00    2.50  875.01   78.00
 3274   14.00   47.40   30.00    5.00  781.70  115.00
 3275   14.00   54.56   20.00    5.00  660.16  154.00
 3276   15.00   62.89   20.00    5.00  790.84  126.00
 3277   15.00   58.74   20.00    2.50  788.52  126.00
 3278   16.00   58.98   30.00    5.00  771.45  121.00
 3279   16.00   58.98   30.00    5.00  744.64  114.00
 3280   16.00   55.08   30.00    3.50  705.81  102.00
 3281   16.00   51.41   40.00    3.50  752.06   69.00
 3282   16.00   51.41   30.00    2.50  635.13   54.00
 3283   16.00   51.41   20.00    2.00  425.60   35.00
 3284   14.00   54.56   70.00    1.00   56.73    3.00
 3285   13.00   54.30  110.00    0.50    0.00    0.00
 3286   11.00   57.73    0.00    0.00    0.00    0.00
 3287    9.00   66.01    0.00    0.00    0.00    0.00
 3288    7.00   70.45   30.00    1.00    0.00    0.00
 3289    7.00   75.65    0.00    0.00    0.00    0.00
 3290    6.00   81.04    0.00    0.00    0.00    0.00
 3291    5.00   86.88   30.00    0.50    0.00    0.00
 3292    5.00   86.88  120.00    0.50    0.00    0.00
 3293    4.00   86.78   80.00    1.00  104.80   10.00
 3294    7.00   75.65   80.00    1.00  436.38   53.00
 3295   10.00   76.15  170.00    0.50  703.88   64.00
 3296   12.00   66.67  140.00    1.00  812.11   68.00
 3297   15.00   51.14  150.00    1.00  874.39   78.00
 3298   16.00   58.98  160.00    2.00  608.64  159.00
 3299   18.00   51.95  190.00    5.00  364.77  221.00
 3300   17.00   63.35  210.00    3.00  621.44  179.00
 3301   17.00   59.23  230.00    4.50  496.38  204.00
 3302   17.00   55.34  220.00    4.00  609.79  173.00
 3303   17.00   55.34  210.00    3.50  471.93  178.00
 3304   17.00   55.34  270.00    3.50  218.73  179.00
 3305   16.00   58.98  270.00    4.00  296.60  133.00
 3306   14.00   71.80  270.00    2.00  163.57   93.00
 3307   13.00   76.64  280.00    1.00  216.20   49.00
 3308   13.00   81.98  290.00    0.50    0.00    0.00
 3309   12.00   76.48  290.00    0.50    0.00    0.00
 3310   10.00   76.15    0.00    0.00    0.00    0.00
 3311   10.00   81.59    0.00    0.00    0.00    0.00
 3312    9.00   81.45   20.00    2.00    0.00    0.00
 3313    9.00   81.45   30.00    2.00    0.00    0.00
 3314    8.00   81.32   30.00    1.00    0.00    0.00
 3315    8.00   81.32   20.00    1.00    0.00    0.00
 3316    7.00   87.07   20.00    2.00    0.00    0.00
 3317    6.00   86.97   10.00    1.00   37.80   10.00
 3318    6.00   86.97   20.00    2.00   69.15   79.00
 3319    8.00   75.82   90.00    2.00  288.24  148.00
 3320   10.00   71.04   80.00    2.00  217.01  243.00
 3321   14.00   67.10    0.00    0.00  352.00  273.00
 3322   16.00   55.08  270.00    2.00  499.38  175.00
 3323   17.00   55.34  270.00    2.00  253.17  232.00
 3324   17.00   55.34  270.00    3.00  254.73  243.00
 3325   18.00   51.95  270.00    4.00  253.16  243.00
 3326   19.00   48.80  280.00    4.00  248.41  232.00
 3327   18.00   51.95  260.00    5.00  240.13  209.00
 3328   16.00   63.12    0.00    5.00  222.70  177.00
 3329   16.00   55.08  280.00    3.00  203.99  139.00
 3330   16.00   58.98  340.00    3.00  340.66   86.00
 3331   16.00   55.08  340.00    2.00  301.11   48.00
 3332   15.00   62.89  340.00    2.00   26.66    3.00
 3333   14.00   62.66   10.00    1.50    0.00    0.00
 3334   11.00   66.45   20.00    1.00    0.00    0.00
 3335   11.00   71.23    0.00    1.00    0.00    0.00
 3336   10.00   71.04   10.00    1.00    0.00    0.00
 3337    9.00   75.98   10.00    1.00    0.00    0.00
 3338    9.00   75.98  350.00    1.00    0.00    0.00
 3339    8.00   65.79   30.00    1.50    0.00    0.00
 3340    7.00   75.65   20.00    1.00    0.00    0.00
 3341    7.00   75.65   30.00    1.00  140.85   10.00
 3342    7.00   75.65   10.00    1.50  496.63   49.00
 3343   10.00   76.15   40.00    1.00  663.95   78.00
 3344   12.00   66.67   50.00    1.00  757.36  104.00
 3345   15.00   58.74   30.00    1.00  692.32  145.00
 3346   16.00   55.08   10.00    2.00  734.57  159.00
 3347   18.00   51.95    0.00    2.00  498.04  198.00
 3348   19.00   45.57   60.00    5.00  376.51  229.00
 3349   18.00   51.95    0.00    5.00  248.61  279.00
 3350   18.00   48.52    0.00    5.00  244.99  266.00
 3351   18.00   55.60   30.00    2.00  352.45  224.00
 3352   18.00   55.60   10.00    3.00  333.42  190.00
 3353   20.00   49.07   30.00    4.50  630.61  137.00
 3354   19.00   45.57   20.00    5.00  536.40  103.00
 3355   18.00   51.95   20.00    4.50  235.28   68.00
 3356   17.00   48.24   20.00    3.00   69.08    8.00
 3357   16.00   55.08   20.00    2.50    0.00    0.00
 3358   13.00   66.88  110.00    0.50    0.00    0.00
 3359   11.00   66.45    0.00    0.00    0.00    0.00
 3360   10.00   66.23    0.00    0.50    0.00    0.00
 3361   10.20   65.35  350.00    1.50    0.00    0.00
 3362    8.70   77.54  130.00    4.00    0.00    0.00
 3363    7.50   90.19  330.00    1.00    0.00    0.00
 3364    6.30   85.19    0.00    2.00    0.00    0.00
 3365    6.00   86.97   10.00    0.50  150.61   10.00
 3366    6.90   87.67   20.00    1.50  502.89   40.00
 3367   10.70   83.37   20.00    5.00  682.28   62.00
 3368   12.40   74.49   30.00    5.00  809.01   82.00
 3369   14.90   67.74   20.00    5.50  907.00   51.00
 3370   16.20   47.35    0.00    6.00  951.07   50.00
 3371   17.00   41.96   30.00    5.00  976.95   50.00
 3372   17.00   39.10   30.00    9.00  935.42   91.00
 3373   18.00   55.60   10.00    8.00  916.97   89.00
 3374   18.00   45.29    0.00    7.00  907.37   88.00
 3375   18.40   35.79    0.00    6.00  885.20   85.00
 3376   18.60   32.92   10.00    6.00  842.30   79.00
 3377   17.70   40.14   30.00    5.00  766.97   70.00
 3378   17.00   39.10   20.00    6.00  659.97   57.00
 3379   17.20   41.43   30.00    4.00  468.73   37.00
 3380   15.80   52.08   40.00    1.00  100.82    7.00
 3381   15.80   52.08   40.00    1.00    0.00    0.00
 3382   13.00   54.30  340.00    1.00    0.00    0.00
 3383   12.10   57.60    0.00    0.00    0.00    0.00
 3384   11.40   60.33  290.00    2.00    0.00    0.00
 3385    9.30   69.42    0.00    0.00    0.00    0.00
 3386    8.70   77.54   20.00    0.50    0.00    0.00
 3387    8.00   81.32    0.00    0.00    0.00    0.00
 3388    9.10   80.90    0.00    0.00    0.00    0.00
 3389    9.40   73.96    0.00    0.00   34.13   15.00
 3390    9.90   82.13  160.00    0.50  251.11   72.00
 3391   11.80   88.71  150.00    0.50  328.28  133.00
 3392   14.10   81.58  330.00    1.00  486.72  165.00
 3393   15.20   71.07    0.00    2.00  685.00  164.00
 3394   17.70   64.79   20.00    2.00  710.56  143.00
 3395   19.20   48.19   70.00    3.50  609.89  235.00
 3396   19.40   44.45   30.00    4.00  738.68  162.00
 3397   20.10   42.56   10.00    4.00  734.08  162.00
 3398   20.60   44.18    0.00    3.50  743.66  241.00
 3399   19.60   50.31   20.00    4.00  747.04  203.00
 3400   19.60   43.90   30.00    6.00  711.80  103.00
 3401   19.50   54.14   10.00    3.00  639.71   85.00
 3402   19.00   42.54   10.00    5.00  557.27   67.00
 3403   18.40   47.32   30.00    6.00  386.54   41.00
 3404   17.60   53.28   10.00    2.00   81.86    7.00
 3405   15.00   62.89   60.00    2.00    0.00    0.00
 3406   13.10   66.45   40.00    1.00    0.00    0.00
 3407   12.20   70.49   20.00    1.00    0.00    0.00
 3408   11.00   71.23   20.00    2.50    0.00    0.00
 3409    9.50   78.75  100.00    1.50    0.00    0.00
 3410    8.90   76.50   80.00    2.00    0.00    0.00
 3411    8.30   69.22  110.00    2.00    0.00    0.00
 3412    7.20   85.89   30.00    1.00    0.00    0.00
 3413    6.90   81.74   50.00    0.50  169.27   12.00
 3414    8.30   74.28    0.00    0.00  514.48   44.00
 3415   11.10   66.01    0.00    0.00  720.20   46.00
 3416   13.20   66.01    0.00    0.00  815.65   84.00
 3417   16.00   63.12  320.00    0.50  866.66   96.00
 3418   19.00   52.22  260.00    2.50  900.46   84.00
 3419   19.00   52.22  270.00    4.00  918.29   87.00
 3420   19.80   49.68  270.00    4.00  816.50  300.00
 3421   20.00   49.07  260.00    4.00  811.39  300.00
 3422   20.20   42.30  270.00    5.00  387.74  210.00
 3423   19.80   43.36  270.00    5.00  251.04  208.00
 3424   20.10   48.77  270.00    4.50  449.39  336.00
 3425   18.20   51.30  260.00    4.00  606.76  224.00
 3426   17.20   54.65  260.00    3.00  183.53  176.00
 3427   16.50   69.91  270.00    2.50  119.38   85.00
 3428   15.60   74.05  280.00    2.50   15.97    5.00
 3429   13.80   77.81  250.00    1.00    0.00    0.00
 3430   12.80   72.56  270.00    1.00    0.00    0.00
 3431   11.90   82.39  160.00    1.00    0.00    0.00
 3432   11.70   78.01  230.00    1.00    0.00    0.00
 3433   11.60   84.04  220.00    0.50    0.00    0.00
 3434   10.80   82.81  180.00    1.00    0.00    0.00
 3435   10.60   89.81  180.00    1.00    0.00    0.00
 3436   10.80  100.00  180.00    1.00    0.00    0.00
 3437   11.00  100.00  190.00    1.00   42.89    7.00
 3438   12.30   85.83  220.00    1.00  277.43   72.00
 3439   14.00   71.80  280.00    3.00  479.68  118.00
 3440   15.20   75.98  270.00    3.00  359.38  200.00
 3441   16.40   65.81  230.00    3.00  389.27  257.00
 3442   17.50   79.91  260.00    4.00  695.99  191.00
 3443   18.40   66.25  260.00    5.00  776.49  173.00
 3444   19.90   68.77  260.00    4.00  776.56  154.00
 3445   19.80   73.82  260.00    5.50  697.64  169.00
 3446   19.60   74.74  270.00    7.00  667.88  253.00
 3447   18.20   71.64  280.00    6.50  599.45  257.00
 3448   19.00   68.14  270.00    6.00  494.53  152.00
 3449   18.80   68.99  260.00    5.00  432.63  127.00
 3450   17.80   73.47  270.00    5.00  346.23   93.00
 3451   16.60   79.27  280.00    3.00  232.12   48.00
 3452   15.30   70.62  280.00    3.00   46.79    6.00
 3453   13.30   85.94  290.00    3.00    0.00    0.00
 3454   12.90   88.21   50.00    1.00    0.00    0.00
 3455   13.00   87.64   20.00    0.50    0.00    0.00
 3456   12.90   88.21   30.00    6.00    0.00    0.00
 3457   12.10   61.78   30.00    4.00    0.00    0.00
 3458   11.20   61.14   40.00    1.00    0.00    0.00
 3459   10.40   60.09   70.00    4.00    0.00    0.00
 3460    7.60   62.93   80.00    3.50    0.00    0.00
 3461    7.30   57.06   70.00    3.00  186.67   21.00
 3462    8.70   67.36   80.00    3.00  260.61   85.00
 3463    9.60   63.40   80.00    4.00  401.88  146.00
 3464   10.50   59.69   70.00    3.00  700.78  152.00
 3465   11.30   52.70   70.00    5.00  789.40  170.00
 3466   12.40   49.01   60.00    3.00  816.48  194.00
 3467   13.00   62.43    0.00    4.00  926.78   88.00
 3468   12.90   58.62   20.00    3.50  933.41   90.00
 3469   14.50   56.62    0.00    4.00  924.98   90.00
 3470   15.00   51.14    0.00    3.00  911.51   88.00
 3471   15.50   49.52    0.00    3.00  882.32   85.00
 3472   17.00   55.34  310.00    5.50  829.18   78.00
 3473   17.10   54.99  290.00    7.00  542.07  104.00
 3474   16.20   54.38  280.00    6.00  465.37  114.00
 3475   14.60   52.48  320.00    5.00  342.44   67.00
 3476   13.10   50.26  330.00    2.00  183.00   14.00
 3477   11.50   55.85  340.00    2.00    0.00    0.00
 3478   10.80   62.78  340.00    1.00    0.00    0.00
 3479   10.10   61.30   40.00    0.50    0.00    0.00
 3480    8.60   78.07    0.00    0.00    0.00    0.00
 3481    8.10   75.30    0.00    0.00    0.00    0.00
 3482    5.40   84.49   70.00    1.00    0.00    0.00
 3483    5.70   88.80    0.00    0.00    0.00    0.00
 3484    5.70   95.25    0.00    0.00    0.00    0.00
 3485    6.10   80.48   70.00    0.50  111.88   23.00
 3486    7.70   88.97    0.00    0.00  307.62   78.00
 3487    9.70   83.24    0.00    0.00  393.67  136.00
 3488   12.50   84.71  250.00    3.00  328.98  218.00
 3489   14.30   75.32  260.00    4.00  742.92  141.00
 3490   15.30   70.62  260.00    4.00  900.06  109.00
 3491   16.60   74.23  270.00    5.00  910.01  111.00
 3492   17.10   58.85  270.00    5.00  793.00  127.00
 3493   17.30   54.30  280.00    5.00  749.23  153.00
 3494   17.50   57.38  260.00    5.00  854.77  117.00
 3495   16.90   55.70  270.00    6.00  875.49   84.00
 3496   17.90   48.83  290.00    6.00  713.88  104.00
 3497   17.00   45.00  280.00    5.50  681.69  199.00
 3498   16.90   55.70  300.00    5.00  184.91  168.00
 3499   15.80   73.11  290.00    4.50  127.06   83.00
 3500   14.30   70.42  270.00    2.50   52.24   14.00
 3501   12.50   79.20  280.00    1.50    0.00    0.00
 3502   11.50   84.60  260.00    0.50    0.00    0.00
 3503   11.20   86.30    0.00    0.00    0.00    0.00
 3504   10.50   90.42    0.00    0.00    0.00    0.00
 3505    9.60   83.81    0.00    0.00    0.00    0.00
 3506    9.50   96.68    0.00    0.00    0.00    0.00
 3507   10.40   91.02    0.00    0.00    0.00    0.00
 3508    8.50  100.00    0.00    0.00    0.00    0.00
 3509    8.80  100.00    0.00    0.00  148.98   11.00
 3510   10.10   92.87    0.00    0.00  528.47   45.00
 3511   11.00   93.54    0.00    0.00  348.81   95.00
 3512   13.40   85.38    0.00    0.00  688.67  103.00
 3513   15.20   81.18  150.00    1.00  838.24  105.00
 3514   17.20   76.30  180.00    0.50  868.73  115.00
 3515   20.00   59.95  190.00    2.00  889.47  124.00
 3516   20.60   61.70  180.00    3.00  891.57  127.00
 3517   20.60   61.70  230.00    3.00  774.94  155.00
 3518   20.70   57.42  220.00    4.00  847.49  115.00
 3519   20.60   57.77  210.00    3.00  818.34  109.00
 3520   21.00   68.54  270.00    4.00  760.94   97.00
 3521   20.50   70.69  260.00    4.00  690.22   82.00
 3522   19.50   70.50  250.00    3.00  584.35   63.00
 3523   17.00   72.36  230.00    2.50  472.60   36.00
 3524   15.90   72.64  240.00    2.50   87.75    8.00
 3525   14.70   78.47  250.00    2.00    0.00    0.00
 3526   13.10   93.03  170.00    1.00    0.00    0.00
 3527   12.00   93.59  190.00    2.50    0.00    0.00
 3528   11.30   98.03  190.00    2.00    0.00    0.00
 3529   10.70   95.43  200.00    2.00    0.00    0.00
 3530   10.50   96.71  200.00    3.50    0.00    0.00
 3531   10.50   96.71  210.00    3.50    0.00    0.00
 3532    9.70   95.39  210.00    2.00    0.00    0.00
 3533   10.20   80.50  180.00    2.00   58.28   13.00
 3534   11.10   81.18  200.00    3.00  452.52   48.00
 3535   13.10   81.44  170.00    2.00  580.91   76.00
 3536   14.20   81.05  170.00    1.00  654.83  101.00
 3537   15.30   80.66  180.00    1.00  582.35  140.00
 3538   15.70   83.96   40.00    2.50  603.30  159.00
 3539   16.70   78.76  100.00    1.00  878.31  105.00
 3540   19.40   66.46   20.00    2.00  742.03  152.00
 3541   20.40   66.67  260.00    7.00  734.71  151.00
 3542   20.60   70.25  270.00    7.00  598.02  172.00
 3543   21.00   64.25  270.00    5.00  719.66  210.00
 3544   20.50   66.26  280.00    6.00  546.47  139.00
 3545   19.40   66.46  260.00    7.50  499.94  113.00
 3546   18.10   63.18  260.00    6.00  431.11   84.00
 3547   15.70   64.35  260.00    6.00  317.02   66.00
 3548   14.40   61.06  250.00    3.00  136.26   15.00
 3549   12.50   64.51  230.00    4.00    0.00    0.00
 3550   11.60   63.86  230.00    3.00    0.00    0.00
 3551   11.20   70.29  200.00    2.00    0.00    0.00
 3552   10.60   78.38  250.00    2.00    0.00    0.00
 3553   10.00   81.59  260.00    1.00    0.00    0.00
 3554    9.10   86.68  280.00    1.00    0.00    0.00
 3555    8.00   87.17  300.00    1.00    0.00    0.00
 3556    7.80   88.37   20.00    6.00    0.00    0.00
 3557    8.90   76.50   10.00    5.00  217.19   18.00
 3558    9.00   81.45   20.00    6.00  492.48   57.00
 3559    8.90   76.50   10.00    5.00  636.76   92.00
 3560    9.00   75.98   20.00    7.50  735.30  113.00
 3561    9.40   73.96   30.00    7.00  669.43  136.00
 3562   10.00   71.04   30.00    7.00  691.39  154.00
 3563   10.80   62.78   10.00    7.00  704.60  167.00
 3564   11.10   61.54   20.00    5.50  708.06  173.00
 3565   11.80   54.75   20.00    4.00  494.99  219.00
 3566   11.50   52.01   20.00    4.00  365.19  230.00
 3567   11.20   45.93   20.00    4.00  355.39  211.00
 3568   11.40   45.32   20.00    4.50  460.52  164.00
 3569   11.50   45.02   30.00    5.00  319.06  144.00
 3570   10.60   42.38   60.00    3.00  279.80  104.00
 3571   11.00   41.27   30.00    3.00  216.84   61.00
 3572   10.10   43.82   50.00    0.50  168.97   21.00
 3573    8.90   40.20   30.00    1.00    0.00    0.00
 3574    8.00   42.73    0.00    0.00    0.00    0.00
 3575    6.90   50.10    0.00    0.00    0.00    0.00
 3576    5.10   47.96    0.00    0.00    0.00    0.00
 3577    4.00   86.78   20.00    0.50    0.00    0.00
 3578    3.80   88.01   20.00    1.00    0.00    0.00
 3579    3.00   93.13    0.00    0.50    0.00    0.00
 3580    3.00   86.68    0.00    1.00    0.00    0.00
 3581    3.20   70.48    0.00    2.00  223.90   20.00
 3582    4.40   64.76    0.00    3.00  357.56   57.00
 3583    6.60   67.39   10.00    3.00  435.43   92.00
 3584    7.20   69.49   30.00    4.00  483.02  123.00
 3585    8.80   58.00   10.00    3.00  639.30  131.00
 3586    8.90   57.60   20.00    3.00  396.07  197.00
 3587    8.90   53.58   50.00    3.00  403.33  216.00
 3588   10.70   47.48    0.00    4.00  366.44  247.00
 3589    9.40   68.96   70.00    2.00  378.86  235.00
 3590    9.30   69.42    0.00    3.00  252.76  240.00
 3591    9.30   69.42    0.00    3.00  244.66  218.00
 3592    8.60   78.07   20.00    3.00  232.70  186.00
 3593    9.30   69.42   30.00    5.50  214.38  148.00
 3594    9.40   68.96   20.00    3.00  280.70  100.00
 3595   10.10   53.13    0.00    3.00  363.07   55.00
 3596    9.20   52.51    0.00    3.00  172.94   21.00
 3597    8.40   55.43    0.00    2.50    0.00    0.00
 3598    8.30   60.00    0.00    0.00    0.00    0.00
 3599    5.00   70.04    0.00    0.00    0.00    0.00
 3600    3.80   76.19    0.00    0.00    0.00    0.00
 3601    1.60   72.68   20.00    1.00    0.00    0.00
 3602    2.20   69.63    0.00    1.00    0.00    0.00
 3603    1.60   72.68   20.00    1.00    0.00    0.00
 3604    1.20   74.80    0.00    0.00    0.00    0.00
 3605    1.00   75.89    0.00    0.00  230.22   20.00
 3606    2.80   72.50    0.00    0.00  540.82   49.00
 3607    6.20   69.28    0.00    0.00  738.67   60.00
 3608    9.20   50.14    0.00    0.00  730.44   92.00
 3609   11.80   50.98  270.00    3.00  717.65  276.00
 3610   11.80   50.98  280.00    5.00  740.20  258.00
 3611   11.60   44.73  260.00    5.00  754.17  248.00
 3612   12.90   50.93  270.00    5.00  752.69  297.00
 3613   13.00   50.59  250.00    5.00  400.38  299.00
 3614   15.10   50.81  270.00    5.00  130.60  443.00
 3615   14.80   51.81  270.00    6.00  252.38  377.00
 3616   14.10   50.54  270.00    6.00  241.46  322.00
 3617   13.80   63.48  260.00    5.00  110.58  255.00
 3618   12.20   65.79  270.00    5.00   94.71  107.00
 3619   11.80   77.50  280.00    4.00   69.78   57.00
 3620   11.10   75.81  270.00    4.00   27.21   15.00
 3621   10.60   78.38  260.00    3.00    0.00    0.00
 3622   10.10   81.04  250.00    2.00    0.00    0.00
 3623    9.60   89.74  240.00    2.00    0.00    0.00
 3624    9.40   79.28  250.00    2.00    0.00    0.00
 3625    9.00   81.45  240.00    2.00    0.00    0.00
 3626    8.70   89.05  240.00    1.00    0.00    0.00
 3627    8.40   84.83  250.00    2.00    0.00    0.00
 3628    9.10   86.68  230.00    2.00    0.00    0.00
 3629    9.80   82.69  180.00    1.00    0.00   14.00
 3630   10.00   87.36  140.00    1.00    0.00   58.00
 3631    9.90   87.95  120.00    2.00    0.00  107.00
 3632   11.60   89.89  100.00    1.50    0.00  146.00
 3633   12.10   86.97  110.00    2.00  106.32  191.00
 3634   13.30   85.94  130.00    1.00  738.76  263.00
 3635   15.50   79.63  310.00    1.00  242.68  348.00
 3636   15.80   68.39  330.00    2.00  125.44  369.00
 3637   15.30   70.62    0.00    2.50  124.59  265.00
 3638   15.10   71.53   20.00    2.00  121.39  253.00
 3639   15.10   62.49    0.00    2.00  118.97  230.00
 3640   15.00   62.89    0.00    2.00  225.02  259.00
 3641   16.20   44.15    0.00    2.00  210.82  208.00
 3642   15.80   55.79    0.00    3.00  180.97  105.00
 3643   15.00   58.74    0.00    4.00  134.76   59.00
 3644   14.00   62.66    0.00    2.00   26.78   15.00
 3645   13.20   70.68  290.00    1.00    0.00    0.00
 3646   13.00   76.64  300.00    2.00    0.00    0.00
 3647   12.60   84.16  330.00    2.00    0.00    0.00
 3648   15.30   75.20  320.00    2.00    0.00    0.00
 3649   14.60   77.20  340.00    2.50    0.00    0.00
 3650   14.00   78.60  330.00    2.00    0.00    0.00
 3651   13.80   79.80  340.00    2.00    0.00    0.00
 3652   13.60   80.50   30.00    1.50    0.00    0.00
 3653   13.40   82.40    0.00    1.00  159.85   16.00
 3654   13.40   83.40    0.00    2.00  413.80   50.00
 3655   13.50   85.30   20.00    3.00  628.14   70.00
 3656   13.70   85.80   20.00    2.00  715.98   91.00
 3657   13.70   85.50  340.00    2.50  750.93  145.00
 3658   14.20   83.40  330.00    5.00  651.51  147.00
 3659   14.70   80.40  320.00    5.00  663.02  158.00
 3660   16.90   72.20  340.00    2.50  530.70  196.00
 3661   18.90   61.50  270.00    7.50  522.11  283.00
 3662   20.00   56.40  280.00    5.50  641.49  156.00
 3663   19.70   58.50  280.00    5.00  625.27  145.00
 3664   19.70   53.50  290.00    6.50  353.07  166.00
 3665   21.10   48.90  300.00    4.00  323.59  132.00
 3666   21.90   44.40  300.00    4.00  184.97  152.00
 3667   20.90   47.40  290.00    2.50  130.08   92.00
 3668   19.80   51.80  280.00    1.00   19.78   23.00
 3669   18.60   55.60  290.00    1.00    0.00    0.00
 3670   17.20   60.10  250.00    1.00    0.00    0.00
 3671   15.70   64.80  290.00    0.50    0.00    0.00
 3672   14.50   67.90  280.00    0.50    0.00    0.00
 3673   13.40   71.60   80.00    0.50    0.00    0.00
 3674   12.60   75.20    0.00    0.00    0.00    0.00
 3675   12.40   78.40    0.00    0.00    0.00    0.00
 3676   12.40   81.10    0.00    0.00    0.00    0.00
 3677   12.40   82.30   50.00    0.50   78.80   17.00
 3678   12.40   84.40    0.00    0.00   63.59   57.00
 3679   13.10   85.60    0.00    0.00   65.87  184.00
 3680   13.80   86.80    0.00    0.00  218.32  241.00
 3681   14.40   87.20  280.00    2.00  243.19  305.00
 3682   15.40   83.90  270.00    2.00  178.68  312.00
 3683   15.80   80.40  270.00    3.00  300.43  243.00
 3684   15.70   80.00  270.00    4.00  303.32  258.00
 3685   15.80   81.90  270.00    5.00  386.03  254.00
 3686   16.00   82.50  260.00    5.50  282.60  247.00
 3687   16.30   82.30  250.00    6.00  181.80  315.00
 3688   16.50   83.80  280.00    5.00  220.66  184.00
 3689   16.90   81.80  280.00    6.50  301.71  138.00
 3690   17.30   80.70  300.00    5.00  525.20   78.00
 3691   17.20   83.20  290.00    4.00  347.82   50.00
 3692   17.00   84.90  280.00    5.50   91.01   12.00
 3693   16.70   86.70  270.00    3.50    0.00    0.00
 3694   16.10   88.80  260.00    4.50    0.00    0.00
 3695   15.70   87.70  190.00    1.50    0.00    0.00
 3696   15.50   85.50  190.00    4.00    0.00    0.00
 3697   15.10   83.80  220.00    3.50    0.00    0.00
 3698   14.70   83.30  230.00    3.50    0.00    0.00
 3699   14.20   83.80  280.00    6.00    0.00    0.00
 3700   13.50   85.20  290.00    5.00    0.00    0.00
 3701   12.90   85.80  310.00    5.50  121.00   22.00
 3702   13.00   83.60  320.00    5.50  459.39   89.00
 3703   13.90   78.90  330.00    8.00  670.11  149.00
 3704   15.40   73.10  330.00    8.00  749.06  143.00
 3705   18.30   62.00  330.00    6.50  762.90  107.00
 3706   21.20   53.00  310.00    7.00  784.98  118.00
 3707   23.40   44.20  320.00    8.00  797.39  126.00
 3708   25.10   38.10  290.00    9.00  794.91  128.00
 3709   26.00   35.60  320.00    8.00  789.28  128.00
 3710   25.90   34.80  310.00    8.00  804.39  269.00
 3711   26.10   35.80  290.00    7.00  780.68  247.00
 3712   24.80   38.10  270.00    7.00  738.32  213.00
 3713   25.10   44.20  270.00    6.00  674.68  203.00
 3714   23.30   55.30  280.00    7.00  583.79  144.00
 3715   20.00   64.40  270.00    5.00  391.57   93.00
 3716   19.10   68.00  260.00    5.50  147.51   22.00
 3717   18.10   71.60  260.00    4.50    0.00    0.00
 3718   17.40   76.80  250.00    4.50    0.00    0.00
 3719   16.80   80.60  250.00    5.00    0.00    0.00
 3720   16.20   82.30  260.00    5.50    0.00    0.00
 3721   15.80   83.90  260.00    5.50    0.00    0.00
 3722   15.40   84.70  200.00    1.50    0.00    0.00
 3723   14.90   86.10  270.00    0.50    0.00    0.00
 3724   14.80   87.10  280.00    2.50    0.00    0.00
 3725   14.70   87.30  280.00    3.00   93.95   32.00
 3726   14.60   87.00  270.00    7.00  335.38  112.00
 3727   15.20   82.90  260.00    8.00  392.61  186.00
 3728   15.60   81.70  260.00    7.00  672.27  220.00
 3729   16.80   76.60  260.00    6.50  252.22  185.00
 3730   17.40   73.50  260.00    6.50  471.73  259.00
 3731   18.20   69.40  230.00    4.50    0.00  350.00
 3732   19.30   63.60  190.00    5.00    0.00  321.00
 3733   20.10   59.80  180.00    5.00    0.00  318.00
 3734   20.20   55.80  190.00    6.00    0.00  334.00
 3735   20.00   58.30  170.00    7.00    0.00  298.00
 3736   17.60   72.70  180.00    9.00    0.00  248.00
 3737   17.30   75.80  180.00    8.00    0.00  172.00
 3738   17.10   77.60  180.00    9.00    0.00  132.00
 3739   16.70   78.80  180.00    7.00    0.00   72.00
 3740   16.90   78.70  190.00    7.00    0.00   16.00
 3741   16.40   81.50  180.00    5.00    0.00    0.00
 3742   15.30   81.40  130.00    7.00    0.00    0.00
 3743   14.80   86.80  130.00    8.00    0.00    0.00
 3744   14.60   87.00  140.00    7.00    0.00    0.00
 3745   14.30   86.90  230.00    8.00    0.00    0.00
 3746   13.90   87.30  210.00    8.00    0.00    0.00
 3747   13.80   88.20  230.00   10.00    0.00    0.00
 3748   13.80   89.30  230.00   11.00    0.00    0.00
 3749   13.70   88.20  240.00   10.00   42.24   20.00
 3750   13.40   87.80  230.00   10.00   75.09   62.00
 3751   13.60   88.40  230.00   10.00  100.59  112.00
 3752   14.50   87.20  230.00   11.00    0.00  151.00
 3753   14.90   84.80  230.00   10.00  100.40  197.00
 3754   15.50   80.00  240.00   10.00  103.90  230.00
 3755   17.10   71.10  240.00   14.00  113.99  254.00
 3756   18.60   63.50  230.00   12.50  114.67  266.00
 3757   18.80   62.30  240.00   14.00  226.45  259.00
 3758   19.30   59.10  240.00   15.00  363.54  232.00
 3759   19.30   57.60  240.00   13.00  350.50  211.00
 3760   17.90   63.90  240.00   12.50  335.55  183.00
 3761   17.50   70.10  240.00   12.00  315.61  145.00
 3762   19.50   66.60  240.00   11.00  278.44  105.00
 3763   19.80   61.00  250.00    9.00  435.47   78.00
 3764   19.30   59.30  240.00    8.00  212.68   23.00
 3765   17.70   65.20  230.00    5.50    0.00    0.00
 3766   16.00   72.50  210.00    3.00    0.00    0.00
 3767   15.10   76.80  190.00    1.50    0.00    0.00
 3768   15.00   78.50  150.00    1.50    0.00    0.00
 3769   14.90   76.40  160.00    1.00    0.00    0.00
 3770   14.20   75.80  160.00    1.50    0.00    0.00
 3771   13.50   75.70  120.00    2.00    0.00    0.00
 3772   13.10   77.30  110.00    3.00    0.00    0.00
 3773   12.60   78.40  120.00    4.00   33.46   32.00
 3774   12.20   82.60  130.00    6.00    0.00   81.00
 3775   12.80   81.80  130.00    8.00    0.00  146.00
 3776   13.90   74.80  130.00    7.00    0.00  211.00
 3777   14.90   65.30  130.00    6.50    0.00  310.00
 3778   15.80   60.50  120.00    8.50    0.00  295.00
 3779   16.90   55.40  130.00    9.00    0.00  233.00
 3780   18.20   50.30  130.00    8.00    0.00  338.00
 3781   19.50   44.80  130.00    6.00    0.00  293.00
 3782   20.60   42.30  140.00    6.00    0.00  282.00
 3783   21.60   37.80  150.00    6.50    0.00  203.00
 3784   21.90   38.10  160.00    5.50    0.00  169.00
 3785   20.90   40.10  160.00    6.00    0.00  126.00
 3786   20.10   42.90  170.00    7.00    0.00   91.00
 3787   19.10   45.80  160.00    6.50    0.00   50.00
 3788   18.50   48.20  170.00    7.00   12.37   16.00
 3789   17.70   51.90  170.00    6.00    0.00    0.00
 3790   16.40   56.20  170.00    5.00    0.00    0.00
 3791   14.70   61.80  170.00    5.00    0.00    0.00
 3792   13.00   67.20  170.00    8.50    0.00    0.00
 3793   12.10   70.10  200.00    7.50    0.00    0.00
 3794   11.40   71.80  220.00    4.50    0.00    0.00
 3795   10.30   74.60  220.00    5.00    0.00    0.00
 3796   10.50   76.40  220.00    5.00    0.00    0.00
 3797   10.90   76.80  210.00    4.50  182.44   22.00
 3798   11.30   75.50  200.00    6.00  223.41   64.00
 3799   11.70   75.00  210.00    5.00  559.97  122.00
 3800   12.80   73.40  200.00    5.50  222.20  172.00
 3801   14.50   67.10  190.00    8.00  116.55  251.00
 3802   16.00   62.00  190.00    7.00  120.70  294.00
 3803   17.40   60.00  170.00    7.00  470.46  330.00
 3804   18.70   58.00  190.00    8.00  472.41  348.00
 3805   19.50   56.50  180.00    8.00  244.20  258.00
 3806   20.10   53.70  180.00   10.50    0.00  211.00
 3807   22.10   49.20  190.00    8.00  394.32  216.00
 3808   21.80   53.50  190.00    7.00  331.00  228.00
 3809   19.50   65.40  180.00    8.00  259.96  172.00
 3810   18.80   69.40  170.00    7.00  297.85  109.00
 3811   18.60   72.40  170.00    6.00  287.95   78.00
 3812   19.20   68.50  170.00    6.00  134.60   26.00
 3813   18.50   72.60  200.00    3.00    0.00    0.00
 3814   17.50   70.50  210.00    4.00    0.00    0.00
 3815   16.30   73.80  190.00    3.00    0.00    0.00
 3816   15.10   76.30  190.00    3.00    0.00    0.00
 3817   14.10   78.90  200.00    2.00    0.00    0.00
 3818   13.60   82.50  210.00    3.00    0.00    0.00
 3819   13.30   84.90  200.00    3.00    0.00    0.00
 3820   13.10   86.60  230.00    2.00    0.00    0.00
 3821   13.20   88.20  210.00    1.50   65.82   28.00
 3822   13.40   88.20  220.00    1.00   70.09  112.00
 3823   14.20   88.50  210.00    1.50  521.02  175.00
 3824   15.80   83.20  170.00    1.50  443.78  137.00
 3825   17.60   71.60  170.00    1.50  587.03  151.00
 3826   17.80   69.80  180.00    2.50  631.28  159.00
 3827   18.50   66.60  190.00    3.00  613.35  186.00
 3828   19.90   59.50  230.00    3.50  770.59  146.00
 3829   21.60   55.20  180.00    3.00  836.68  146.00
 3830   23.10   47.80  190.00    3.00  703.87  170.00
 3831   24.40   43.80  260.00    2.50  321.50  318.00
 3832   25.20   40.90  200.00    2.00  202.21  325.00
 3833   24.80   41.80  270.00    1.50  277.80  215.00
 3834   24.90   41.30  290.00    0.50   78.98  183.00
 3835   22.70   47.40  310.00    0.50    0.00   86.00
 3836   21.90   50.30    0.00    1.50    0.00   27.00
 3837   20.40   55.10   10.00    1.50    0.00    0.00
 3838   19.20   58.80   80.00    2.00    0.00    0.00
 3839   18.10   63.10  110.00    2.00    0.00    0.00
 3840   17.30   65.20  110.00    3.00    0.00    0.00
 3841   16.40   69.00  110.00    2.00    0.00    0.00
 3842   15.40   71.60  110.00    1.50    0.00    0.00
 3843   14.80   75.00  110.00    1.00    0.00    0.00
 3844   14.40   76.20  110.00    5.00    0.00    0.00
 3845   13.90   77.30  110.00    7.00    0.00   19.00
 3846   14.10   76.20  100.00    5.00    0.00  100.00
 3847   14.50   77.30  110.00    5.00   78.15  160.00
 3848   15.10   77.40  100.00    2.50    0.00  208.00
 3849   15.70   75.90  110.00    2.50    0.00  261.00
 3850   15.90   76.90   90.00    3.50    0.00  218.00
 3851   15.80   84.40  110.00    4.00    0.00  243.00
 3852   16.40   81.40  140.00    5.50  194.01  412.00
 3853   15.50   86.00  140.00    4.50  198.60  454.00
 3854   15.60   85.40  200.00    4.00  194.02  248.00
 3855   15.70   80.90  200.00    2.50  182.27  227.00
 3856   16.50   73.20  200.00    1.50   86.28  328.00
 3857   15.70   75.50  200.00    1.00   77.59  253.00
 3858   15.20   76.70  120.00    2.00  131.17  117.00
 3859   14.80   70.80  100.00    1.50   48.05   87.00
 3860   14.40   70.60  100.00    1.00   24.00   16.00
 3861   13.90   65.80   80.00    1.00    0.00    0.00
 3862   13.00   66.10   80.00    1.50    0.00    0.00
 3863   12.10   69.60   80.00    1.50    0.00    0.00
 3864   11.50   74.00   70.00    1.00    0.00    0.00
 3865   11.40   77.40   70.00    1.50    0.00    0.00
 3866   11.20   77.70   70.00    1.50    0.00    0.00
 3867   10.90   79.30   70.00    1.00    0.00    0.00
 3868   10.80   81.00   70.00    1.50    0.00    0.00
 3869   10.60   81.30  120.00    1.00   16.24   17.00
 3870   10.90   82.20  100.00    1.00    0.00   96.00
 3871   11.70   81.40  180.00    2.00   53.81  166.00
 3872   12.20   78.80  200.00    2.00   60.38  269.00
 3873   12.10   75.90  210.00    2.50  224.24  290.00
 3874   13.70   74.90  200.00    7.00   77.90  328.00
 3875   14.00   72.50  200.00    6.00   69.62  249.00
 3876   14.50   69.50  200.00    5.50    0.00  233.00
 3877   15.90   57.60  250.00    4.50    0.00  237.00
 3878   18.00   45.50  270.00    4.50    0.00  213.00
 3879   17.80   45.60  250.00    4.50    0.00  197.00
 3880   17.80   45.10  280.00    2.00    0.00  175.00
 3881   18.10   43.40  280.00    3.00    0.00  140.00
 3882   17.60   44.20  290.00    2.00    0.00   98.00
 3883   17.30   43.40  270.00    2.00    0.00   54.00
 3884   16.80   56.10  280.00    1.50   17.84   18.00
 3885   15.30   59.80  290.00    1.50    0.00    0.00
 3886   14.40   65.10  280.00    1.00    0.00    0.00
 3887   13.50   68.60  290.00    0.50    0.00    0.00
 3888   12.20   71.30    0.00    0.00    0.00    0.00
 3889   11.10   74.10  280.00    0.50    0.00    0.00
 3890   10.40   76.70  300.00    1.00    0.00    0.00
 3891   10.00   78.60    0.00    0.00    0.00    0.00
 3892    9.30   78.20    0.00    0.00    0.00    0.00
 3893    8.70   78.70    0.00    0.00   48.49   34.00
 3894    9.10   81.80  340.00    1.00  139.07   99.00
 3895   10.90   79.40  300.00    0.50  131.67  163.00
 3896   13.10   71.60    0.00    1.00  217.17  170.00
 3897   14.90   63.20  340.00    1.00  143.94  297.00
 3898   16.50   54.50   20.00    1.00  267.51  360.00
 3899   17.90   43.30   20.00    2.00  390.37  360.00
 3900   20.00   36.90   20.00    1.50  196.16  469.00
 3901   20.50   33.80   20.00    2.00  243.24  474.00
 3902   20.90   31.10   20.00    2.50  238.86  443.00
 3903   22.00   28.10    0.00    2.00  230.62  402.00
 3904   21.60   29.90    0.00    1.50  218.03  342.00
 3905   22.60   27.20    0.00    2.00  202.29  265.00
 3906   22.80   26.10    0.00    1.50   66.36  188.00
 3907   21.70   28.70   10.00    1.00   50.99   89.00
 3908   21.00   29.10   20.00    1.50   23.60   24.00
 3909   18.90   30.70   20.00    1.00    0.00    0.00
 3910   16.80   35.90   30.00    1.00    0.00    0.00
 3911   14.90   41.90   30.00    1.50    0.00    0.00
 3912   13.20   48.80   20.00    1.00    0.00    0.00
 3913   11.40   55.30   30.00    0.50    0.00    0.00
 3914    9.70   62.80   40.00    1.00    0.00    0.00
 3915    9.10   65.10   50.00    1.00    0.00    0.00
 3916    8.00   68.70   70.00    0.50    0.00    0.00
 3917    7.30   70.90   60.00    1.00  128.76   20.00
 3918    7.70   73.50   70.00    1.00  224.57   92.00
 3919   10.70   74.10   60.00    1.00  289.93  160.00
 3920   13.30   67.80   60.00    1.50  363.71  222.00
 3921   15.10   58.60   60.00    2.00  304.06  297.00
 3922   13.70   69.40   50.00    2.00  315.47  349.00
 3923   16.90   52.30   70.00    2.00  240.79  416.00
 3924   18.80   45.40   20.00    3.00  494.99  407.00
 3925   18.10   49.10   60.00    1.50  490.97  375.00
 3926   20.90   40.30  330.00    3.00  233.61  266.00
 3927   20.40   38.50   80.00    5.00   75.88  245.00
 3928   20.20   38.60  120.00    1.00   68.99  184.00
 3929   19.20   41.30  130.00    6.00   64.23  198.00
 3930   17.90   49.10  130.00    2.00    0.00  127.00
 3931   17.40   55.20  110.00    2.00   40.62   68.00
 3932   16.00   67.90  210.00    1.00   23.42   13.00
 3933   15.20   73.90   30.00    1.00    0.00    0.00
 3934   14.20   78.30   20.00    1.50    0.00    0.00
 3935   13.50   81.00   30.00    1.50    0.00    0.00
 3936   13.00   83.50   60.00    1.50    0.00    0.00
 3937   12.70   86.60   30.00    2.50    0.00    0.00
 3938   12.80   87.50   20.00    2.00    0.00    0.00
 3939   12.60   86.40   40.00    2.00    0.00    0.00
 3940   12.30   86.20   30.00    1.50    0.00    0.00
 3941   12.10   86.30   20.00    1.50   72.19   18.00
 3942   12.10   86.50   30.00    2.50  326.20   78.00
 3943   12.30   85.60   20.00    1.50  426.53  135.00
 3944   12.60   84.30   30.00    1.50  459.93  196.00
 3945   13.80   76.50   40.00    2.00  532.70  227.00
 3946   13.80   75.20   40.00    5.00  502.00  277.00
 3947   14.60   75.30   20.00    3.50  449.17  277.00
 3948   15.60   66.90   50.00    3.50  395.53  278.00
 3949   16.50   61.20   50.00    4.00  239.25  278.00
 3950   17.10   54.20   60.00    4.00  242.19  258.00
 3951   16.90   59.60   30.00    4.00  165.13  227.00
 3952   16.70   59.20  190.00    2.00  146.96  195.00
 3953   16.70   62.10  200.00    4.00   67.78  150.00
 3954   16.30   66.00    0.00    3.00   61.28  105.00
 3955   14.90   70.00   20.00    1.00    0.00   93.00
 3956   14.40   75.50    0.00    2.00    0.00   17.00
 3957   14.00   79.20    0.00    1.50    0.00    0.00
 3958   13.60   81.30   20.00    1.50    0.00    0.00
 3959   13.10   83.10   70.00    1.50    0.00    0.00
 3960   12.50   84.20   50.00    1.50    0.00    0.00
 3961   12.20   85.60   20.00    0.50    0.00    0.00
 3962   11.90   85.80   60.00    1.00    0.00    0.00
 3963   11.60   86.60   20.00    1.00    0.00    0.00
 3964   11.30   88.10   20.00    1.00    0.00    0.00
 3965   11.20   89.30   10.00    1.00  128.02   19.00
 3966   11.30   90.40   10.00    1.00  346.26   76.00
 3967   11.40   91.20   20.00    1.50  445.09  131.00
 3968   11.80   91.10   30.00    2.00  493.92  180.00
 3969   13.40   85.10   10.00    3.50  669.77  173.00
 3970   15.10   75.10   10.00    2.50  695.52  199.00
 3971   15.60   70.20   20.00    5.00  616.26  251.00
 3972   16.60   64.30   30.00    5.00  439.40  258.00
 3973   17.70   59.70    0.00    2.00  175.99  352.00
 3974   17.60   57.40   90.00    4.00   85.27  246.00
 3975   16.00   62.70    0.00    0.00  244.74  251.00
 3976   15.60   65.40    0.00    2.00  149.83  195.00
 3977   15.60   70.60   70.00    5.00  137.14  148.00
 3978   15.20   68.50   50.00    2.50  129.32  138.00
 3979   15.20   67.40  350.00    1.00  245.20   93.00
 3980   14.40   71.70  180.00    1.50   46.22   11.00
 3981   13.60   76.90  200.00    1.00    0.00    0.00
 3982   13.00   81.40    0.00    0.00    0.00    0.00
 3983   12.10   80.00    0.00    0.00    0.00    0.00
 3984   12.10   81.90    0.00    0.00    0.00    0.00
 3985   11.90   77.70    0.00    0.00    0.00    0.00
 3986   11.60   75.50    0.00    0.00    0.00    0.00
 3987   11.10   75.20   20.00    0.50    0.00    0.00
 3988   10.60   76.00    0.00    0.00    0.00    0.00
 3989   10.40   77.50   10.00    0.50   39.94   14.00
 3990   10.10   84.10   40.00    3.50  150.65   64.00
 3991   10.50   89.50   40.00    1.50  276.11  133.00
 3992   11.10   89.20    0.00    1.00  445.67  217.00
 3993   12.10   83.80   70.00    4.00  380.57  275.00
 3994   12.70   81.60   70.00    2.00  474.89  292.00
 3995   13.20   81.00   80.00    1.00  445.02  250.00
 3996   15.30   71.00   40.00    1.50  449.02  262.00
 3997   16.20   64.60   50.00    2.00  440.35  261.00
 3998   16.90   61.80   30.00    3.00  428.54  248.00
 3999   16.30   64.70   20.00    2.50  336.38  233.00
 4000   17.40   58.50   20.00    2.50  316.10  198.00
 4001   18.70   53.40   10.00    3.00  310.36  152.00
 4002   19.60   48.50   30.00    4.00  260.41  128.00
 4003   19.30   50.80   20.00    1.50   93.74   56.00
 4004   19.10   49.90   40.00    2.00   34.47   13.00
 4005   18.10   52.10   60.00    3.00    0.00    0.00
 4006   17.00   57.50   50.00    2.00    0.00    0.00
 4007   16.00   65.60   40.00    2.00    0.00    0.00
 4008   14.70   68.30   30.00    1.50    0.00    0.00
 4009   13.50   72.00   50.00    3.00    0.00    0.00
 4010   12.70   75.30   70.00    3.00    0.00    0.00
 4011   12.40   77.20   50.00    1.00    0.00    0.00
 4012   11.80   78.80   70.00    1.00    0.00    0.00
 4013   11.40   82.40   70.00    1.00    0.00   16.00
 4014   11.50   85.70  100.00    0.50   44.78   78.00
 4015   11.90   85.70   20.00    1.00   64.34  130.00
 4016   12.70   81.70   70.00    1.00   92.35  277.00
 4017   14.90   73.10  300.00    2.50  196.00  327.00
 4018   16.90   64.00   20.00    2.00  101.75  421.00
 4019   18.50   59.40   20.00    2.00  102.88  406.00
 4020   20.60   50.90    0.00    2.00  310.67  257.00
 4021   21.40   47.10   10.00    2.00  574.75  402.00
 4022   21.80   44.80    0.00    4.00  296.80  352.00
 4023   22.10   43.90   10.00    1.00  392.80  315.00
 4024   22.00   45.60   20.00    2.00  373.73  273.00
 4025   22.80   40.70    0.00    2.00  490.39  170.00
 4026   22.60   41.70  350.00    1.00  168.57  181.00
 4027   22.30   43.30   20.00    3.00  130.17  102.00
 4028   21.20   45.90   10.00    2.50   51.44   28.00
 4029   19.10   52.00   20.00    3.00    0.00    0.00
 4030   17.00   57.30   10.00    2.00    0.00    0.00
 4031   15.30   61.60   10.00    2.50    0.00    0.00
 4032   14.10   65.20   20.00    2.00    0.00    0.00
 4033   13.00   69.30   10.00    2.00    0.00    0.00
 4034   12.00   72.30   20.00    3.00    0.00    0.00
 4035   11.10   74.10   30.00    2.00    0.00    0.00
 4036   10.20   76.70   20.00    2.00    0.00    0.00
 4037    9.80   78.10    0.00    0.00   87.82   34.00
 4038   10.10   78.20   40.00    1.00   81.44  118.00
 4039   11.60   75.40   90.00    1.00  252.06  170.00
 4040   13.30   69.20  160.00    3.00  188.75  246.00
 4041   15.20   62.90  160.00    4.00  555.40  348.00
 4042   17.00   57.20  180.00    4.00  325.05  285.00
 4043   18.90   52.00  180.00    4.00  358.75  225.00
 4044   19.90   48.90  190.00    4.00  479.36  215.00
 4045   20.30   48.50  200.00    4.00  495.76  202.00
 4046   20.40   47.60  190.00    4.50  607.06  167.00
 4047   20.50   46.60  190.00    4.00  585.41  154.00
 4048   21.50   42.70  190.00    3.50  551.67  136.00
 4049   21.00   43.10  190.00    3.50  502.49  112.00
 4050   19.50   47.80  190.00    3.50  427.68   83.00
 4051   18.40   50.50  270.00    2.00  349.53   44.00
 4052   17.70   54.00  200.00    2.00  130.86   13.00
 4053   16.90   58.50  200.00    2.00    0.00    0.00
 4054   16.00   64.50    0.00    0.00    0.00    0.00
 4055   15.00   71.60    0.00    0.00    0.00    0.00
 4056   14.20   78.90    0.00    0.00    0.00    0.00
 4057   14.00   82.20    0.00    0.00    0.00    0.00
 4058   14.00   83.80    0.00    0.00    0.00    0.00
 4059   14.00   85.30    0.00    0.00    0.00    0.00
 4060   14.10   87.60    0.00    0.00    0.00    0.00
 4061   14.10   90.40    0.00    0.00   47.94   27.00
 4062   14.20   88.80    0.00    0.00  256.73   62.00
 4063   14.10   85.50  230.00    1.00  268.29  103.00
 4064   14.20   86.50  220.00    1.00  693.02  105.00
 4065   14.50   85.70  250.00    3.00  736.91  125.00
 4066   15.40   82.10  260.00    3.00  761.85  141.00
 4067   16.30   76.70  260.00    4.00  817.80  138.00
 4068   17.30   70.90  260.00    3.50  822.89  144.00
 4069   17.70   69.10  260.00    4.50  815.54  144.00
 4070   18.20   68.60  260.00    3.50  799.47  138.00
 4071   20.80   59.00  260.00    4.00  771.08  130.00
 4072   22.30   52.10  260.00    4.00  727.83  117.00
 4073   22.70   50.00  260.00    4.00  660.13   98.00
 4074   22.40   50.60  260.00    4.00  562.32   75.00
 4075   21.70   51.30  270.00    3.00  355.34   52.00
 4076   21.20   50.70  270.00    2.50  107.67   13.00
 4077   20.10   54.60  200.00    1.50    0.00    0.00
 4078   18.60   60.10  180.00    1.50    0.00    0.00
 4079   17.30   65.50  200.00    1.50    0.00    0.00
 4080   16.20   69.40  190.00    1.50    0.00    0.00
 4081   15.40   71.30  350.00    2.00    0.00    0.00
 4082   14.70   73.10  350.00    2.50    0.00    0.00
 4083   13.80   75.50  340.00    3.00    0.00    0.00
 4084   13.20   77.00    0.00    2.00    0.00    0.00
 4085   12.80   79.20   10.00    3.00   64.04   17.00
 4086   13.10   81.40  350.00    5.00  150.94   62.00
 4087   14.00   82.20   50.00    5.00  604.11   85.00
 4088   15.90   77.90   50.00    6.00  446.19  138.00
 4089   17.70   68.10   70.00    5.00  612.96  141.00
 4090   19.10   62.30   50.00    4.50  374.65  201.00
 4091   22.20   55.10   40.00    4.00  506.67  283.00
 4092   24.60   49.50   70.00    4.00  787.39  128.00
 4093   25.60   47.90    0.00    4.00  768.14  180.00
 4094   26.10   48.50    0.00    4.00  764.18  176.00
 4095   27.50   44.40    0.00    4.00  858.26  106.00
 4096   28.30   44.70   20.00    4.00  820.12   98.00
 4097   28.40   46.30   30.00    4.00  764.83   87.00
 4098   28.50   46.90    0.00    3.00  666.39   71.00
 4099   28.30   47.40   20.00    2.00  540.21   53.00
 4100   27.30   50.00   40.00    2.00  282.38   25.00
 4101   25.90   53.90   60.00    2.00    0.00    0.00
 4102   23.80   61.60   60.00    2.00    0.00    0.00
 4103   22.60   64.90    0.00    1.50    0.00    0.00
 4104   21.50   68.90   20.00    1.00    0.00    0.00
 4105   20.50   71.70   10.00    1.00    0.00    0.00
 4106   19.70   75.70   20.00    1.50    0.00    0.00
 4107   19.40   78.40   80.00    1.00    0.00    0.00
 4108   19.10   80.60   70.00    1.50    0.00    0.00
 4109   18.90   81.90   60.00    1.50  257.62   25.00
 4110   19.30   81.10   70.00    1.00  546.78   64.00
 4111   20.60   75.70    0.00    0.00  723.17   71.00
 4112   21.60   72.60    0.00    0.00  829.38   50.00
 4113   21.30   76.60    0.00    0.00  873.30   97.00
 4114   20.60   83.80    0.00    1.50  900.88  106.00
 4115   20.10   88.40  260.00    1.00  919.64  113.00
 4116   20.50   89.70  260.00    5.00  921.92   88.00
 4117   21.10   87.80  270.00    5.00  909.81   89.00
 4118   23.30   78.10  270.00    5.00  897.78   87.00
 4119   25.60   67.60  270.00    4.50  872.72   85.00
 4120   25.90   62.60  260.00    5.00  819.62   78.00
 4121   26.00   60.20  250.00    3.50  738.77   69.00
 4122   26.10   58.60  260.00    2.50  542.25   69.00
 4123   26.00   55.90  270.00    1.00  413.56   47.00
 4124   24.20   61.90  260.00    0.50   90.11   27.00
 4125   23.00   69.10    0.00    0.00    0.00    0.00
 4126   21.60   74.00    0.00    0.00    0.00    0.00
 4127   20.40   76.30    0.00    0.00    0.00    0.00
 4128   19.30   75.70    0.00    0.00    0.00    0.00
 4129   18.30   75.20    0.00    0.00    0.00    0.00
 4130   17.60   77.30    0.00    0.00    0.00    0.00
 4131   17.00   80.10    0.00    0.00    0.00    0.00
 4132   16.30   81.60    0.00    0.00    0.00    0.00
 4133   15.80   82.50    0.00    0.00  185.21   34.00
 4134   15.50   82.90   30.00    1.00  245.60  103.00
 4135   16.40   79.50    0.00    1.50  417.12   95.00
 4136   17.90   71.20   20.00    1.50  116.76  359.00
 4137   19.50   63.20   20.00    2.50  489.30  257.00
 4138   21.30   47.30   20.00    3.50  498.04  293.00
 4139   22.80   43.20   30.00    2.00  482.46  462.00
 4140   23.90   40.40   20.00    5.00  486.70  487.00
 4141   24.20   36.80   20.00    5.00  480.94  486.00
 4142   24.90   35.60   20.00    4.00  370.06  488.00
 4143   25.20   33.50   10.00    5.00  452.38  418.00
 4144   25.20   32.00   10.00    4.00    0.00  412.00
 4145   25.10   31.50   20.00    4.50  399.06  285.00
 4146   25.00   32.00   20.00    4.00  339.45  209.00
 4147   23.80   34.90   20.00    2.50  261.00  120.00
 4148   23.10   37.10   30.00    1.00  123.62   38.00
 4149   21.50   42.20   70.00    2.00    0.00    0.00
 4150   19.60   50.00  340.00    1.00    0.00    0.00
 4151   17.90   59.20   30.00    1.00    0.00    0.00
 4152   16.60   67.30   30.00    1.50    0.00    0.00
 4153   15.70   71.40    0.00    0.00    0.00    0.00
 4154   14.90   74.80    0.00    0.00    0.00    0.00
 4155   14.40   80.20    0.00    0.00    0.00    0.00
 4156   14.40   83.40    0.00    0.00    0.00    0.00
 4157   14.30   83.80    0.00    0.00  254.74   30.00
 4158   14.20   84.20  130.00    1.00  544.93   71.00
 4159   14.80   82.70  120.00    1.50  722.08   74.00
 4160   16.40   71.90  160.00    1.50  733.56  130.00
 4161   18.70   61.80  170.00    1.50  637.07  205.00
 4162   20.50   48.30  220.00    1.50  645.54  231.00
 4163   22.50   34.20  230.00    4.50  657.67  252.00
 4164   23.50   31.20  250.00    3.50  658.04  263.00
 4165   24.20   30.90  250.00    4.00  785.06  192.00
 4166   25.00   29.10  240.00    2.50  768.81  185.00
 4167   25.30   26.90  200.00    5.00  740.35  171.00
 4168   25.10   26.80  200.00    4.00  591.02  131.00
 4169   25.60   26.70  190.00    3.00  545.69  109.00
 4170   26.40   27.70  190.00    4.00  376.36  150.00
 4171   26.40   28.80  200.00    4.00  267.32   88.00
 4172   25.50   30.40  210.00    3.50  112.20   27.00
 4173   23.30   34.10  200.00    3.50    0.00    0.00
 4174   21.40   39.00  200.00    3.50    0.00    0.00
 4175   19.70   45.40  200.00    3.50    0.00    0.00
 4176   17.50   52.40  200.00    3.50    0.00    0.00
 4177   15.50   59.70  210.00    3.00    0.00    0.00
 4178   14.00   64.30  200.00    2.50    0.00    0.00
 4179   12.90   67.70  210.00    2.00    0.00    0.00
 4180   12.00   70.30  210.00    2.00    0.00    0.00
 4181   11.40   72.30  210.00    2.00  243.84   28.00
 4182   11.60   72.50  220.00    5.00  337.33   66.00
 4183   13.30   73.60  230.00    4.00  102.60  110.00
 4184   15.70   68.30  230.00    3.50    0.00  159.00
 4185   18.40   45.20  250.00    3.00   93.43  194.00
 4186   20.30   43.50  210.00    2.00   96.33  227.00
 4187   22.40   37.20  200.00    4.50  100.43  251.00
 4188   23.50   32.90  180.00    1.50  200.65  262.00
 4189   25.10   29.30  240.00    2.50  296.87  257.00
 4190   26.40   25.30  210.00    1.50  197.52  350.00
 4191   27.60   20.90  190.00    3.50  534.33  253.00
 4192   28.50   23.70  170.00    1.50  633.41  173.00
 4193   28.30   28.50  230.00    2.50  576.28  142.00
 4194   27.50   27.10  200.00    1.50  489.93  105.00
 4195   26.30   28.80  210.00    2.00  227.55   84.00
 4196   23.70   39.60  220.00    2.00   89.66   23.00
 4197   22.10   44.10  220.00    1.50    0.00    0.00
 4198   20.20   51.30  210.00    1.00    0.00    0.00
 4199   18.80   59.60  230.00    5.00    0.00    0.00
 4200   17.90   63.30  250.00    2.50    0.00    0.00
 4201   17.20   63.70  240.00    2.50    0.00    0.00
 4202   16.90   62.00  240.00    3.50    0.00    0.00
 4203   16.70   59.00  230.00    2.50    0.00    0.00
 4204   16.80   56.20  220.00    2.50    0.00    0.00
 4205   16.70   56.60  230.00    4.00   32.71   18.00
 4206   16.70   58.60  230.00    3.50  132.05   64.00
 4207   16.80   60.60  240.00    4.00  240.77  114.00
 4208   17.40   59.30  240.00    3.00  569.81  213.00
 4209   18.30   57.30  250.00    5.00  612.04  310.00
 4210   19.70   54.10  240.00    5.00  630.86  362.00
 4211   21.00   45.10  230.00    5.00  410.98  387.00
 4212   23.00   41.80  230.00    5.00  510.38  322.00
 4213   24.80   35.50  240.00    7.00  509.03  325.00
 4214   25.10   30.80  200.00    8.00  623.87  316.00
 4215   25.40   34.40  270.00    5.00  286.68  220.00
 4216   25.20   42.10  240.00    4.00  359.95  184.00
 4217   26.00   44.50  240.00    2.50    0.00  243.00
 4218   26.30   46.00  210.00    2.50   69.64  178.00
 4219   26.40   47.70  180.00    4.00  102.19   81.00
 4220   25.90   50.40  280.00    2.50   16.80   16.00
 4221   24.10   57.50  320.00    2.00    0.00    0.00
 4222   23.00   62.00  240.00    0.50    0.00    0.00
 4223   22.20   64.70  210.00    3.50    0.00    0.00
 4224   20.90   68.20  240.00    5.00    0.00    0.00
 4225   19.40   72.30  250.00    6.00    0.00    0.00
 4226   18.70   75.40  250.00    6.50    0.00    0.00
 4227   18.30   78.80  250.00    4.00    0.00    0.00
 4228   17.80   80.30  220.00    5.00    0.00    0.00
 4229   17.30   81.40  230.00    3.00    0.00   13.00
 4230   17.20   83.00  220.00    5.50    0.00   51.00
 4231   17.30   82.10  210.00    4.50   46.09  107.00
 4232   17.80   80.20  230.00    5.00    0.00  135.00
 4233   19.40   74.70  230.00    7.00    0.00  173.00
 4234   22.20   66.70  250.00    7.50    0.00  198.00
 4235   24.30   56.70  240.00    8.00   82.51  252.00
 4236   26.00   44.50  240.00    8.50  247.35  286.00
 4237   27.80   40.10  250.00    8.00  271.57  275.00
 4238   29.40   37.70  250.00    8.00  355.14  261.00
 4239   30.20   32.30  250.00    9.00  341.89  237.00
 4240   31.10   30.70  250.00    8.50  323.50  205.00
 4241   31.00   31.50  250.00   11.00  221.02  163.00
 4242   30.40   30.20  250.00    9.00  190.31  116.00
 4243   29.10   29.70  240.00    8.00  138.43   82.00
 4244   28.20   30.50  230.00    6.00   22.41   23.00
 4245   26.10   35.30  230.00    5.00    0.00    0.00
 4246   24.10   41.70  250.00   10.00    0.00    0.00
 4247   22.50   45.40  260.00    7.00    0.00    0.00
 4248   20.80   51.10  270.00    7.00    0.00    0.00
 4249   19.30   56.60  270.00   10.50    0.00    0.00
 4250   18.10   60.20  270.00    8.00    0.00    0.00
 4251   17.20   63.30  270.00    8.00    0.00    0.00
 4252   16.00   66.50  270.00    8.00    0.00    0.00
 4253   15.30   68.40  270.00    8.00  174.21   28.00
 4254   15.30   70.80  270.00    8.50  328.42   82.00
 4255   17.30   66.20  270.00    8.50  410.44  139.00
 4256   20.10   60.00  270.00    9.00  225.03  173.00
 4257   23.20   50.50  270.00    9.00  116.79  199.00
 4258   25.70   40.60  270.00    8.00  457.32  218.00
 4259   27.50   34.90  280.00    9.00  183.19  260.00
 4260   28.70   32.10  280.00    6.00  243.81  322.00
 4261   29.90   31.10  270.00   11.00  363.85  271.00
 4262   30.50   31.50  270.00    9.00  662.95  275.00
 4263   30.80   28.00  270.00    9.00  228.87  222.00
 4264   31.10   27.50  270.00    9.00  215.69  189.00
 4265   31.50   25.00  270.00   10.00  295.32  144.00
 4266   31.30   20.60  270.00    9.00  480.47  152.00
 4267   30.20   22.00  270.00    8.00  405.51   87.00
 4268   28.80   25.10  270.00    8.00  173.78   27.00
 4269   27.20   27.60  270.00    8.00    0.00    0.00
 4270   25.40   32.90  250.00    8.00    0.00    0.00
 4271   23.80   38.90  250.00    8.00    0.00    0.00
 4272   22.50   40.80  250.00    8.00    0.00    0.00
 4273   21.40   46.00  250.00    7.00    0.00    0.00
 4274   20.20   51.40  250.00    7.00    0.00    0.00
 4275   19.30   56.50  250.00    7.00    0.00    0.00
 4276   18.90   61.60  250.00    7.00    0.00    0.00
 4277   18.70   65.80  250.00    7.00  100.40   30.00
 4278   19.10   67.90  250.00    7.00  171.18   89.00
 4279   20.70   65.60  250.00    7.00  204.42  111.00
 4280   23.00   60.50  250.00    7.00  225.46  154.00
 4281   23.90   61.70  270.00   10.00  451.33  256.00
 4282   25.50   58.20  270.00    6.00  681.02  284.00
 4283   24.90   72.20  260.00    8.00  489.34  209.00
 4284   26.40   64.10  250.00    8.00  486.70  216.00
 4285   28.70   55.80  250.00    7.00  485.37  219.00
 4286   32.30   39.30  270.00    6.00  446.72  361.00
 4287   34.20   37.80  270.00    7.00  635.63  312.00
 4288   34.90   37.30  270.00    5.00  600.13  293.00
 4289   34.80   35.70  270.00    6.00  612.53  152.00
 4290   34.30   37.10  200.00    6.00   85.91  165.00
 4291   33.00   42.20  200.00    3.00   62.67  101.00
 4292   31.80   48.10  190.00    1.50   28.07   30.00
 4293   30.40   51.00  190.00    3.00    0.00    0.00
 4294   29.10   55.70  180.00    6.00    0.00    0.00
 4295   27.80   60.60  170.00    4.00    0.00    0.00
 4296   26.50   64.70  140.00    3.50    0.00    0.00
 4297   25.50   67.80  150.00    4.50    0.00    0.00
 4298   24.90   71.00  150.00    2.00    0.00    0.00
 4299   24.00   72.70  140.00    2.00    0.00    0.00
 4300   23.10   76.20  140.00    2.50    0.00    0.00
 4301   22.80   79.50  110.00    1.50   33.78   22.00
 4302   22.50   78.20  160.00    2.00    0.00   57.00
 4303   22.40   76.10  210.00    4.50    0.00   99.00
 4304   22.80   74.10  200.00    3.50    0.00  203.00
 4305   23.00   68.10  210.00    3.50    0.00  283.00
 4306   22.50   75.20  220.00    5.00    0.00  330.00
 4307   22.50   71.40  230.00    4.00    0.00  399.00
 4308   24.10   63.50  220.00    4.00    0.00  380.00
 4309   27.10   52.00  210.00    3.00    0.00  380.00
 4310   29.90   41.20  200.00    4.00    0.00  362.00
 4311   29.90   41.40  210.00    3.00    0.00  334.00
 4312   29.60   42.50  210.00    3.00    0.00  231.00
 4313   29.10   48.10  150.00    2.00    0.00  199.00
 4314   27.50   53.00  280.00    2.00    0.00  139.00
 4315   26.30   57.60  270.00    3.50  267.43  100.00
 4316   26.50   54.50  250.00    4.50  140.59   29.00
 4317   25.50   56.20  260.00    5.00    0.00    0.00
 4318   24.30   61.70  250.00    5.50    0.00    0.00
 4319   23.20   67.00  250.00    6.00    0.00    0.00
 4320   21.90   73.10  250.00    6.00    0.00    0.00
 4321   21.10   77.80  250.00    6.00    0.00    0.00
 4322   20.80   81.30  250.00    5.50    0.00    0.00
 4323   20.60   82.40  270.00    6.50    0.00    0.00
 4324   20.20   83.30  260.00    7.00    0.00    0.00
 4325   19.90   82.40  260.00    6.00  196.28   24.00
 4326   19.80   82.50  250.00    9.50  421.63   62.00
 4327   20.00   80.60  270.00    9.00  301.67  108.00
 4328   20.80   75.90  270.00    8.00  440.63  141.00
 4329   22.30   68.20  270.00    9.00  461.03  172.00
 4330   23.30   60.00  270.00    8.00  486.00  193.00
 4331   23.90   54.60  260.00    9.00  613.16  186.00
 4332   25.30   47.00  260.00    9.00  615.13  194.00
 4333   25.60   43.50  260.00    8.00  606.24  194.00
 4334   26.40   44.40  240.00    9.00  460.95  214.00
 4335   25.80   44.10  250.00    7.50  699.55  237.00
 4336   25.40   40.20  250.00    7.00  658.43  206.00
 4337   25.30   34.90  210.00    6.00  386.38  158.00
 4338   24.50   33.90  200.00    6.00   83.69  179.00
 4339   23.90   36.60  180.00    6.00   59.50   92.00
 4340   22.90   43.30  200.00    6.00    0.00   33.00
 4341   21.00   49.50  210.00    6.00    0.00    0.00
 4342   19.90   51.90  200.00    6.00    0.00    0.00
 4343   18.80   54.50  200.00    7.50    0.00    0.00
 4344   17.70   59.50  210.00    4.00    0.00    0.00
 4345   16.50   67.40  190.00    8.00    0.00    0.00
 4346   15.80   70.70  200.00    6.50    0.00    0.00
 4347   15.30   71.30  200.00    6.00    0.00    0.00
 4348   14.90   72.70  200.00    8.00    0.00    0.00
 4349   14.70   75.80  180.00    6.00    0.00   17.00
 4350   15.10   76.80  180.00    6.00    0.00   66.00
 4351   16.30   74.40  180.00   10.00    0.00  119.00
 4352   17.40   69.40  200.00   10.00    0.00  173.00
 4353   19.10   60.70  200.00   10.00    0.00  214.00
 4354   19.80   54.40  200.00   10.00    0.00  251.00
 4355   21.00   49.90  200.00   11.00    0.00  325.00
 4356   21.90   45.70  200.00   11.00    0.00  341.00
 4357   22.70   43.50  200.00    9.00    0.00  341.00
 4358   23.30   41.20  260.00    4.00    0.00  325.00
 4359   23.40   39.60  170.00    4.00    0.00  330.00
 4360   23.10   40.70  180.00    4.00    0.00  258.00
 4361   22.90   42.30  260.00    4.00   52.64  189.00
 4362   22.40   43.70  250.00    4.50   44.22  158.00
 4363   21.70   47.00  250.00    7.00  112.57   87.00
 4364   20.90   49.90  250.00    6.00   28.28   24.00
 4365   19.90   52.20  250.00    6.00    0.00    0.00
 4366   19.00   56.90  250.00    6.50    0.00    0.00
 4367   18.10   61.40  250.00    7.00    0.00    0.00
 4368   17.60   64.80  250.00    6.50    0.00    0.00
 4369   16.70   67.80  250.00    6.50    0.00    0.00
 4370   16.20   69.80  250.00    6.00    0.00    0.00
 4371   15.70   72.60  250.00    6.50    0.00    0.00
 4372   15.40   74.80  250.00    7.00    0.00    0.00
 4373   14.90   77.00  250.00    6.50  166.01   24.00
 4374   15.10   78.00  250.00    6.00  349.72   64.00
 4375   15.60   77.20  280.00    5.00  522.05   94.00
 4376   17.20   73.50  280.00    6.50  471.53  131.00
 4377   19.40   65.20  280.00    6.00  494.24  159.00
 4378   20.90   56.50  280.00    8.00  378.76  202.00
 4379   21.30   49.30  280.00    8.00  255.41  272.00
 4380   24.20   39.50  280.00    7.50  255.85  284.00
 4381   25.70   37.60  280.00   11.00  253.10  318.00
 4382   26.10   38.20  270.00   10.00  247.10  304.00
 4383   26.90   35.20  280.00   10.00  476.42  182.00
 4384   27.00   34.20  280.00    9.50  700.44  105.00
 4385   27.30   33.90  270.00    8.00  748.56   71.00
 4386   27.30   32.40  280.00    9.00  640.73   58.00
 4387   26.50   34.30  270.00    8.50  361.57   54.00
 4388   25.20   37.60  270.00    7.50  136.24   21.00
 4389   23.10   42.60  280.00    5.00    0.00    0.00
 4390   21.40   48.90  280.00    3.00    0.00    0.00
 4391   19.80   55.00  280.00    3.00    0.00    0.00
 4392   18.10   60.50    0.00    0.00    0.00    0.00
 4393   16.70   65.80  270.00    2.00    0.00    0.00
 4394   15.70   70.30  270.00    2.00    0.00    0.00
 4395   15.10   74.40  270.00    1.50    0.00    0.00
 4396   14.30   74.80  270.00    1.50    0.00    0.00
 4397   13.90   79.20  270.00    1.50   61.98   32.00
 4398   14.10   82.40  270.00    1.50    0.00  113.00
 4399   15.70   81.00    0.00    0.00    0.00  206.00
 4400   16.50   78.00    0.00    0.00  113.07  272.00
 4401   17.30   73.60  110.00    1.00  235.99  308.00
 4402   18.00   66.90  200.00    1.00  241.93  334.00
 4403   18.20   64.50  270.00    3.00  366.08  288.00
 4404   18.40   64.60  270.00    3.50  363.25  236.00
 4405   17.70   70.60  270.00    4.00  479.86  215.00
 4406   17.60   69.90  260.00    4.00  586.25  183.00
 4407   16.90   77.30  260.00    4.00  564.61  168.00
 4408   16.40   80.30  260.00    5.00  662.95  211.00
 4409   15.80   83.20  280.00    4.00  605.66  169.00
 4410   15.90   86.10  290.00    5.00  513.32  155.00
 4411   16.30   87.80  320.00    2.50  182.86   59.00
 4412   16.70   87.30  280.00    2.50   28.51   33.00
 4413   16.50   83.50  270.00    2.00    0.00    0.00
 4414   15.90   85.10  270.00    2.00    0.00    0.00
 4415   15.60   84.80  300.00    2.00    0.00    0.00
 4416   15.30   85.70  320.00    2.00    0.00    0.00
 4417   15.10   86.00  310.00    2.00    0.00    0.00
 4418   14.80   87.50  310.00    2.00    0.00    0.00
 4419   14.70   88.90  310.00    2.00    0.00    0.00
 4420   14.70   89.20  310.00    2.00    0.00    0.00
 4421   14.60   89.60  310.00    2.00    8.98   25.00
 4422   14.70   90.30  310.00    2.00   21.61   91.00
 4423   15.00   89.90    0.00    1.00   58.48  108.00
 4424   15.30   89.70   20.00    1.00  476.26  163.00
 4425   15.40   86.90  250.00    2.00  624.55  232.00
 4426   15.50   86.00  250.00    4.00  607.98  284.00
 4427   15.90   81.90  260.00    4.00  609.66  280.00
 4428   17.60   73.30  260.00    5.00  589.26  234.00
 4429   20.00   60.80  250.00    4.50  577.87  232.00
 4430   18.60   72.60  300.00    3.50  561.66  222.00
 4431   19.50   66.50  310.00    4.00  559.72  194.00
 4432   18.80   75.70  320.00    4.50  533.95  242.00
 4433   18.50   76.00  330.00    3.50  471.65  145.00
 4434   20.80   68.90  330.00    3.50  490.80   93.00
 4435   20.40   69.10  320.00    3.00  363.34   64.00
 4436   20.40   66.20  320.00    2.50  143.25   19.00
 4437   20.30   67.20  320.00    1.00    0.00    0.00
 4438   19.20   68.70    0.00    1.00    0.00    0.00
 4439   18.00   71.00  350.00    0.50    0.00    0.00
 4440   16.80   76.10    0.00    0.00    0.00    0.00
 4441   15.80   78.90    0.00    0.00    0.00    0.00
 4442   14.80   82.10  350.00    0.50    0.00    0.00
 4443   14.00   82.20   10.00    2.00    0.00    0.00
 4444   13.30   83.60    0.00    2.00    0.00    0.00
 4445   13.00   84.80  350.00    2.50  207.38   20.00
 4446   13.30   85.50    0.00    1.00  134.92  107.00
 4447   14.90   83.30    0.00    2.00  419.56  138.00
 4448   16.00   80.30   20.00    4.50  374.32  219.00
 4449   17.70   71.60   20.00    5.00  195.31  344.00
 4450   20.00   61.00   10.00    5.50  297.35  363.00
 4451   22.10   53.50   10.00    5.00  514.21  309.00
 4452   23.50   48.60    0.00    5.00  717.11  193.00
 4453   24.80   44.20   20.00    4.50  610.23  214.00
 4454   25.60   41.60    0.00    5.00  496.83  221.00
 4455   25.70   41.10   10.00    6.00  479.09  202.00
 4456   25.00   42.60   10.00    5.00  452.08  175.00
 4457   24.60   39.70   10.00    5.50  512.42  194.00
 4458   23.90   39.50    0.00    4.00  428.51  166.00
 4459   22.80   43.90    0.00    3.50  337.67   88.00
 4460   20.50   50.70   20.00    3.00   46.10   16.00
 4461   19.20   54.10   40.00    2.50    0.00    0.00
 4462   18.10   57.10   10.00    4.00    0.00    0.00
 4463   17.20   60.20   10.00    3.50    0.00    0.00
 4464   16.10   64.80    0.00    3.00    0.00    0.00
 4465   15.00   70.80   40.00    2.50    0.00    0.00
 4466   14.40   75.50   10.00    2.50    0.00    0.00
 4467   14.10   78.80   30.00    3.00    0.00    0.00
 4468   13.90   80.90   30.00    3.00    0.00    0.00
 4469   14.00   82.00   20.00    7.00  139.06   19.00
 4470   14.20   82.50   20.00    8.00  438.57   64.00
 4471   15.10   81.30   20.00    4.00  643.52   90.00
 4472   16.40   77.10   30.00    5.00  506.24  128.00
 4473   17.40   69.40   20.00    8.00   98.72  192.00
 4474   18.90   60.60   30.00    7.00  102.18  224.00
 4475   20.70   51.40   20.00    7.50  103.00  250.00
 4476   21.30   48.50   20.00    7.00  202.69  324.00
 4477   20.30   58.90   20.00    8.00  298.14  255.00
 4478   22.60   39.80   30.00    7.00  350.06  257.00
 4479   23.60   32.10   20.00    6.00  272.34  226.00
 4480   24.10   30.70   30.00    6.00   85.64  239.00
 4481   24.70   29.60   20.00    5.00  235.61  204.00
 4482   22.80   42.90   20.00    4.50  138.45  107.00
 4483   21.50   45.60   40.00    4.00   50.32   58.00
 4484   20.30   46.60   40.00    3.00   17.40   13.00
 4485   19.90   47.70   40.00    3.00    0.00    0.00
 4486   19.30   50.70   20.00    2.50    0.00    0.00
 4487   18.40   48.30   20.00    2.50    0.00    0.00
 4488   17.40   54.50    0.00    2.50    0.00    0.00
 4489   16.20   62.70    0.00    2.50    0.00    0.00
 4490   15.60   67.30    0.00    2.50    0.00    0.00
 4491   15.30   69.40    0.00    2.50    0.00    0.00
 4492   14.70   70.50    0.00    2.50    0.00    0.00
 4493   13.90   73.50   10.00    2.50    0.00   18.00
 4494   13.80   69.50   20.00    2.50   66.32   99.00
 4495   14.60   58.40   20.00    3.50   87.54  182.00
 4496   15.70   48.00   30.00    5.00   93.68  186.00
 4497   16.90   40.20   30.00    5.50   98.97  215.00
 4498   18.10   40.20   50.00    4.00    0.00  221.00
 4499   19.50   34.30   20.00    5.00    0.00  245.00
 4500   20.40   33.00   20.00    4.50    0.00  256.00
 4501   21.00   32.40   40.00    4.00    0.00  256.00
 4502   21.40   30.70   60.00    4.00   98.34  312.00
 4503   22.70   27.40   70.00    5.00   96.32  309.00
 4504   23.40   27.00   30.00    5.00   90.35  286.00
 4505   22.90   28.40   40.00    5.00   82.33  224.00
 4506   22.50   29.20   30.00    5.00   70.57  104.00
 4507   20.90   31.60   30.00    5.00   50.50   57.00
 4508   19.40   33.20   40.00    3.00   17.52   13.00
 4509   17.60   40.50   40.00    3.00    0.00    0.00
 4510   15.90   46.80   40.00    3.00    0.00    0.00
 4511   14.60   52.00   40.00    3.00    0.00    0.00
 4512   13.30   57.50   40.00    3.00    0.00    0.00
 4513   12.00   63.70   40.00    3.00    0.00    0.00
 4514   11.20   67.90   40.00    3.00    0.00    0.00
 4515   10.20   70.90   40.00    3.00    0.00    0.00
 4516   10.90   74.40   40.00    3.00    0.00    0.00
 4517   11.60   79.70   40.00    3.00   57.67   22.00
 4518   12.00   82.70   30.00    5.00  316.58   55.00
 4519   12.80   81.90   30.00    5.00  505.28  128.00
 4520   13.60   79.70   20.00    5.00  559.91  174.00
 4521   14.60   75.00   30.00    7.50  587.01  218.00
 4522   15.30   70.40   20.00    6.00  729.74  201.00
 4523   15.60   64.00   30.00    8.00  731.26  216.00
 4524   17.00   60.00   30.00    6.00  865.13  163.00
 4525   18.10   51.10   50.00    9.00  848.98  162.00
 4526   19.70   41.10   40.00    7.00  830.64  156.00
 4527   21.10   32.50   70.00    6.00  802.85  121.00
 4528   21.20   30.10   50.00    7.00  743.87  107.00
 4529   17.40   51.80   60.00    3.50  681.90   92.00
 4530   16.80   57.90   60.00    5.00  561.28   69.00
 4531   15.40   60.00   60.00    6.00  351.58   54.00
 4532   13.40   62.20   60.00    5.00  117.68   12.00
 4533   13.50   64.40   60.00    4.00    0.00    0.00
 4534   12.80   66.30   50.00    3.00    0.00    0.00
 4535   12.40   69.40   40.00    3.00    0.00    0.00
 4536   12.20   69.20   30.00    3.00    0.00    0.00
 4537   11.90   69.00   30.00    3.00    0.00    0.00
 4538   11.80   65.70   30.00    3.00    0.00    0.00
 4539   11.40   65.50   30.00    3.00    0.00    0.00
 4540   11.00   66.10   30.00    3.00    0.00    0.00
 4541   11.10   67.50   30.00    3.00  183.69   16.00
 4542   11.40   68.10   30.00    3.00  498.10   46.00
 4543   12.50   66.70   30.00    3.00  693.45   69.00
 4544   15.40   54.10   30.00    3.00  809.42   50.00
 4545   17.40   47.60   30.00    3.50  880.63   50.00
 4546   19.10   38.70   20.00    5.50  924.95   49.00
 4547   20.00   34.90   10.00    4.00  919.98   87.00
 4548   21.00   32.90   10.00    5.00  912.42   87.00
 4549   21.70   30.80    0.00    7.00  901.73   87.00
 4550   22.40   29.10    0.00    4.00  891.22   87.00
 4551   23.00   29.80    0.00    4.00  854.37   83.00
 4552   23.20   29.30    0.00    4.00  817.32   79.00
 4553   24.40   29.00   10.00    4.00  853.83   49.00
 4554   24.40   28.00   20.00    4.00  728.44   45.00
 4555   24.60   28.70   10.00    4.00  512.74   33.00
 4556   23.80   29.80   10.00    4.00  237.35   16.00
 4557   22.40   36.60   10.00    1.00    0.00    0.00
 4558   19.60   42.70    0.00    0.00    0.00    0.00
 4559   17.30   48.80    0.00    0.00    0.00    0.00
 4560   16.00   54.60  330.00    0.50    0.00    0.00
 4561   14.70   59.20   20.00    0.50    0.00    0.00
 4562   13.30   64.20    0.00    1.00    0.00    0.00
 4563   12.30   66.60   30.00    1.00    0.00    0.00
 4564   11.20   69.90    0.00    0.00    0.00    0.00
 4565   10.40   71.40    0.00    0.00  177.08   22.00
 4566   10.40   71.50    0.00    0.00  493.92   65.00
 4567   12.10   69.30    0.00    0.00  637.20  100.00
 4568   14.50   67.50    0.00    0.00  808.06   96.00
 4569   16.30   63.30  250.00    0.50  850.84  113.00
 4570   19.50   52.20  270.00    1.50  870.90  125.00
 4571   21.00   45.20  260.00    3.50  951.09   69.00
 4572   22.40   37.90  270.00    4.50  877.87  136.00
 4573   23.50   28.70  260.00    4.50  863.79  135.00
 4574   24.70   26.30  250.00    4.50  689.99  152.00
 4575   26.00   28.00  260.00    5.00  669.04  143.00
 4576   26.60   27.70  270.00    5.00  646.42  188.00
 4577   26.90   28.80  270.00    5.50  469.46  170.00
 4578   27.30   29.40  290.00    4.00  403.31  123.00
 4579   27.60   29.60  280.00    4.00  167.19   88.00
 4580   27.10   31.60  320.00    2.00   53.89    9.00
 4581   25.50   34.40  220.00    1.50    0.00    0.00
 4582   23.40   39.50    0.00    0.00    0.00    0.00
 4583   21.00   46.50    0.00    0.00    0.00    0.00
 4584   19.30   51.20    0.00    0.00    0.00    0.00
 4585   17.70   57.50    0.00    0.00    0.00    0.00
 4586   16.70   61.30  340.00    1.00    0.00    0.00
 4587   15.70   64.50  230.00    1.00    0.00    0.00
 4588   14.90   66.40  240.00    1.00    0.00    0.00
 4589   14.50   67.60  240.00    1.50  153.67   14.00
 4590   14.70   67.90  230.00    2.50  440.30   64.00
 4591   16.40   62.60   40.00    3.00  688.78   59.00
 4592   18.60   56.80   40.00    2.50  806.65   75.00
 4593   19.80   56.30   20.00    2.50  878.81   83.00
 4594   21.10   54.60   70.00    2.50  923.66   49.00
 4595   24.20   46.70   20.00    2.50  950.58   47.00
 4596   25.80   35.10   30.00    2.50  920.51  114.00
 4597   27.40   32.70  350.00    2.50  918.11  116.00
 4598   28.50   30.70   20.00    2.50  902.86  113.00
 4599   28.70   32.10  270.00    5.00  861.27   84.00
 4600   28.80   34.20  270.00    5.00  809.61   77.00
 4601   29.20   32.00  290.00    2.50  741.90   70.00
 4602   28.90   30.90  270.00    2.50  614.14   56.00
 4603   27.00   36.90  270.00    2.50  421.87   36.00
 4604   25.30   43.00  270.00    2.50   90.71    7.00
 4605   24.40   46.20  270.00    1.00    0.00    0.00
 4606   23.40   51.60  270.00    0.50    0.00    0.00
 4607   22.60   53.40  180.00    0.50    0.00    0.00
 4608   21.30   59.60    0.00    0.00    0.00    0.00
 4609   20.40   62.30    0.00    0.00    0.00    0.00
 4610   19.80   64.30    0.00    0.00    0.00    0.00
 4611   18.90   68.20  240.00    0.50    0.00    0.00
 4612   18.40   68.10  120.00    0.50    0.00    0.00
 4613   17.40   71.00  140.00    1.00  104.93   15.00
 4614   17.00   73.40  130.00    1.50  315.12   75.00
 4615   17.20   74.70  230.00    4.00   58.10  101.00
 4616   17.80   75.30  210.00    2.50   97.64  161.00
 4617   19.00   67.80  200.00    2.00    0.00  162.00
 4618   20.30   61.50  200.00    1.50   58.34  220.00
 4619   22.90   53.50  250.00    1.50   59.33  246.00
 4620   25.30   44.10  200.00    1.50   62.39  258.00
 4621   27.80   38.20  260.00    1.50   71.50  260.00
 4622   28.20   37.70  240.00    1.00  223.56  271.00
 4623   28.40   38.60  200.00    2.00  527.82  238.00
 4624   29.30   37.00  260.00    3.50  496.06  204.00
 4625   29.80   35.50  260.00    3.00  444.09  161.00
 4626   30.60   33.00  270.00    2.00  348.79  119.00
 4627   30.40   33.30  260.00    3.00  217.30   68.00
 4628   29.90   35.70  270.00    1.50   42.78    9.00
 4629   28.70   39.70  270.00    1.50    0.00    0.00
 4630   26.10   47.20  290.00    1.50    0.00    0.00
 4631   24.50   51.00  350.00    1.50    0.00    0.00
 4632   23.00   54.60  350.00    1.50    0.00    0.00
 4633   21.20   58.40  130.00    1.50    0.00    0.00
 4634   19.90   61.70  150.00    1.50    0.00    0.00
 4635   18.70   65.00  130.00    1.50    0.00    0.00
 4636   18.00   70.20   90.00    1.50    0.00    0.00
 4637   17.50   74.80  120.00    1.50   53.82   15.00
 4638   17.60   80.00  110.00    1.50  159.27   87.00
 4639   17.90   83.30  150.00    1.50  149.12  172.00
 4640   18.70   80.90  180.00    5.00  168.43  205.00
 4641   20.40   73.60  200.00    4.00  157.10  303.00
 4642   20.90   70.30  200.00    4.00    0.00  201.00
 4643   21.30   68.50  200.00    7.00   70.02  245.00
 4644   22.00   67.50  210.00    6.00  210.05  293.00
 4645   20.70   75.50  180.00    4.00    0.00  236.00
 4646   23.00   63.80  180.00    2.50    0.00  203.00
 4647   24.70   56.10   20.00    6.00   86.31  227.00
 4648   25.00   51.60   20.00    6.00   80.54  193.00
 4649   24.90   51.20   20.00    6.00   74.22  151.00
 4650   24.50   52.60   20.00    5.00   62.35  105.00
 4651   23.80   53.60   20.00    5.00    0.00   53.00
 4652   23.60   55.40   20.00    7.00    0.00   13.00
 4653   23.10   58.60   20.00    5.00    0.00    0.00
 4654   21.90   62.80   20.00    4.00    0.00    0.00
 4655   20.40   68.20   20.00    4.00    0.00    0.00
 4656   19.20   71.80   20.00    4.00    0.00    0.00
 4657   18.00   75.80   20.00    4.00    0.00    0.00
 4658   17.20   78.40   20.00    5.00    0.00    0.00
 4659   16.40   80.60   20.00    4.00    0.00    0.00
 4660   15.70   81.90   20.00    3.00    0.00    0.00
 4661   15.10   83.50   20.00    1.50  148.17   21.00
 4662   15.00   85.60   20.00    2.00  364.80   59.00
 4663   16.40   83.40   20.00    3.00  435.63   98.00
 4664   18.90   74.00   20.00    4.00  471.19  131.00
 4665   20.90   61.40    0.00    2.50  621.95  145.00
 4666   22.90   46.50   10.00    5.00  508.82  187.00
 4667   24.90   39.60  330.00    6.00  644.89  180.00
 4668   25.30   33.00  330.00    5.00  638.93  186.00
 4669   26.50   25.00    0.00    5.00  629.82  185.00
 4670   27.70   23.30  320.00    5.00  615.80  178.00
 4671   28.40   22.60    0.00    4.00  601.32  192.00
 4672   28.40   21.20    0.00    4.00  473.51  201.00
 4673   28.20   21.40    0.00    4.00  433.65  146.00
 4674   28.40   22.90  350.00    4.00  358.82  114.00
 4675   28.10   24.70  320.00    6.00  261.92   60.00
 4676   26.80   27.30   20.00    1.00  150.18   20.00
 4677   25.00   29.20   20.00    1.00    0.00    0.00
 4678   22.50   34.50  340.00    2.00    0.00    0.00
 4679   20.60   38.50  350.00    2.50    0.00    0.00
 4680   18.80   44.40  340.00    3.00    0.00    0.00
 4681   17.20   52.10    0.00    2.50    0.00    0.00
 4682   15.60   56.60  350.00    1.00    0.00    0.00
 4683   14.70   60.30    0.00    0.50    0.00    0.00
 4684   13.90   63.00  340.00    0.50    0.00    0.00
 4685   13.00   65.60    0.00    1.50  140.40   17.00
 4686   12.80   65.60    0.00    4.00  469.84   43.00
 4687   14.40   64.00  350.00    4.00  678.13   60.00
 4688   17.30   61.70  340.00    3.50  800.36   72.00
 4689   21.10   53.70  320.00    3.00  874.71   80.00
 4690   24.10   46.50  330.00    5.00  802.86  117.00
 4691   27.10   31.80  330.00    7.00  654.38  172.00
 4692   28.60   27.20  320.00    6.00  391.70  232.00
 4693   29.80   27.70  330.00    8.00  513.29  206.00
 4694   30.50   27.10  320.00    8.00  627.25  171.00
 4695   30.50   27.10  320.00    9.00  482.93  180.00
 4696   30.70   27.50  290.00    8.50  340.86  241.00
 4697   31.00   26.30  270.00    9.50  414.49  127.00
 4698   30.90   27.60  290.00    8.50  534.55   75.00
 4699   30.10   28.30  280.00    9.50  390.31   48.00
 4700   29.20   28.30  280.00    7.50  114.12   15.00
 4701   27.00   31.40  280.00    6.00    0.00    0.00
 4702   24.40   38.90  280.00    6.00    0.00    0.00
 4703   22.40   44.60  290.00    5.00    0.00    0.00
 4704   20.50   50.70  290.00    6.00    0.00    0.00
 4705   19.40   54.60  320.00    4.00    0.00    0.00
 4706   18.10   58.80  330.00    2.50    0.00    0.00
 4707   17.20   62.50  320.00    2.00    0.00    0.00
 4708   16.40   64.70  340.00    2.00    0.00    0.00
 4709   14.60   70.80  350.00    1.00  132.44   18.00
 4710   15.00   70.20    0.00    0.00  464.37   50.00
 4711   16.40   68.30  350.00    1.50  675.19   67.00
 4712   19.10   63.00  330.00    1.00  798.63   81.00
 4713   22.40   54.40  340.00    1.00  873.58   97.00
 4714   25.20   44.70  270.00    1.50  791.92  162.00
 4715   27.50   37.30  270.00    2.50  806.34  125.00
 4716   29.20   32.20  270.00    2.50  832.93  341.00
 4717   30.40   28.80  270.00    2.50  822.48  341.00
 4718   31.70   26.80  270.00    3.00  805.25  294.00
 4719   32.60   25.30  280.00    2.50  775.01  266.00
 4720   32.60   24.70  270.00    3.00  735.04  230.00
 4721   33.00   24.80  290.00    5.00  204.20  164.00
 4722   33.40   25.10  270.00    6.00   87.48  102.00
 4723   33.20   24.50  270.00    6.00   63.75   55.00
 4724   32.30   26.20  260.00    6.00   19.29   11.00
 4725   29.90   32.30  260.00    5.00    0.00    0.00
 4726   27.50   37.30  260.00    4.50    0.00    0.00
 4727   25.10   44.70  260.00    4.00    0.00    0.00
 4728   23.60   48.90  260.00    3.50    0.00    0.00
 4729   22.30   53.80  250.00    6.00    0.00    0.00
 4730   21.00   57.80  250.00    4.00    0.00    0.00
 4731   19.70   62.00  250.00    3.00    0.00    0.00
 4732   18.40   65.80  250.00    3.00    0.00    0.00
 4733   17.80   68.00  260.00    3.00   84.40   11.00
 4734   17.50   70.60  260.00    3.00  240.88   55.00
 4735   18.80   69.10  250.00    1.50  201.52  103.00
 4736   21.50   62.40  240.00    1.50  221.69  202.00
 4737   25.00   50.90  240.00    1.50  233.85  259.00
 4738   27.90   42.20  260.00    1.50  239.62  305.00
 4739   29.60   34.90  240.00    1.50  240.12  272.00
 4740   31.70   29.20  270.00    3.00  239.60  254.00
 4741   33.20   27.00  270.00    3.00  236.58  254.00
 4742   34.10   25.10  270.00    3.00  116.76  254.00
 4743   35.30   19.60  250.00    3.50  113.35  230.00
 4744   35.20   20.20  250.00    6.00  106.42  194.00
 4745   35.00   23.20  260.00    6.00   82.72  148.00
 4746   33.70   30.30  240.00    7.50   56.17  103.00
 4747   31.70   33.90  240.00    7.00   35.69   54.00
 4748   31.10   33.00  240.00    6.00   13.05   10.00
 4749   29.90   35.60  250.00    7.00    0.00    0.00
 4750   27.50   41.80  240.00    6.00    0.00    0.00
 4751   25.90   45.10  230.00    6.00    0.00    0.00
 4752   24.60   48.70  220.00    4.00    0.00    0.00
 4753   23.20   53.50  190.00    3.00    0.00    0.00
 4754   21.80   57.20  180.00    1.50    0.00    0.00
 4755   20.70   59.50  280.00    3.00    0.00    0.00
 4756   19.70   63.10  350.00    3.00    0.00    0.00
 4757   18.70   66.90  200.00    2.00   24.91   14.00
 4758   18.30   67.70  100.00    1.00   54.80   66.00
 4759   19.40   65.90  130.00    3.00  103.06  104.00
 4760   21.60   58.40  240.00    3.00   96.14  148.00
 4761   24.30   45.90  230.00    3.00    0.00  181.00
 4762   26.40   34.90  230.00    5.00   91.99  225.00
 4763   28.20   33.50  230.00    5.00    0.00  370.00
 4764   29.60   30.20  230.00    4.00    0.00  387.00
 4765   30.50   28.00  270.00    3.00    0.00  385.00
 4766   32.00   25.40  270.00    3.00    0.00  368.00
 4767   32.40   24.10  270.00    1.00    0.00  379.00
 4768   32.70   26.40  250.00    1.00    0.00  300.00
 4769   32.60   27.80  180.00    2.00    0.00  248.00
 4770   32.30   29.80  180.00    3.00  164.47  148.00
 4771   30.90   33.40  190.00    2.00   61.18   88.00
 4772   29.80   36.10  170.00    2.00   13.26   12.00
 4773   28.60   39.20  170.00    2.00    0.00    0.00
 4774   22.00   69.50  200.00    3.00    0.00    0.00
 4775   20.50   76.70  200.00    3.00    0.00    0.00
 4776   20.00   78.50  210.00    3.50    0.00    0.00
 4777   19.70   79.00  210.00    3.00    0.00    0.00
 4778   19.70   80.60  220.00    2.50    0.00    0.00
 4779   19.30   81.10  240.00    4.50    0.00    0.00
 4780   18.80   81.80  230.00    4.00    0.00    0.00
 4781   18.40   83.60  210.00    3.50    0.00    9.00
 4782   18.20   83.80  220.00    5.00    0.00   46.00
 4783   19.00   81.50  220.00    5.00    0.00   89.00
 4784   19.50   79.10  220.00    5.00    0.00  126.00
 4785   20.90   75.60  230.00    6.00    0.00  176.00
 4786   19.80   78.80  220.00    6.00    0.00  205.00
 4787   19.90   77.00  240.00    6.00    0.00  243.00
 4788   21.80   66.50  260.00    7.00  112.78  257.00
 4789   22.10   68.00  260.00    7.50  111.33  257.00
 4790   21.20   72.90  260.00   11.00  118.60  249.00
 4791   21.00   72.60  260.00   10.00  113.94  310.00
 4792   22.50   65.70  260.00    8.00  107.07  189.00
 4793   23.80   59.90  260.00    8.50   98.52  149.00
 4794   19.60   73.90  260.00    8.50   83.92  101.00
 4795   18.80   78.70  240.00    8.50   54.45   52.00
 4796   17.70   80.10  240.00    8.00   13.48   10.00
 4797   17.50   81.20  240.00    7.00    0.00    0.00
 4798   16.70   84.60  210.00    5.00    0.00    0.00
 4799   16.50   84.70  210.00    5.00    0.00    0.00
 4800   16.10   84.00  210.00    3.50    0.00    0.00
 4801   15.80   83.20  210.00    5.00    0.00    0.00
 4802   15.30   83.50  220.00    5.00    0.00    0.00
 4803   14.60   83.10  220.00    5.00    0.00    0.00
 4804   14.00   83.40  220.00    5.00    0.00    0.00
 4805   13.50   84.80  210.00    5.00    0.00    8.00
 4806   13.00   85.80  220.00    4.00    0.00   49.00
 4807   13.00   86.50  210.00    5.00    0.00   94.00
 4808   13.10   87.00  200.00    6.00   94.99  145.00
 4809   12.70   85.30  190.00    7.00   94.68  188.00
 4810   12.60   85.20  170.00    6.00   98.57  221.00
 4811   12.70   84.10  180.00    7.00   98.18  245.00
 4812   12.70   83.60  210.00    8.50    0.00  220.00
 4813   12.80   83.40  150.00    5.00   97.81  257.00
 4814   12.90   82.30  150.00    7.00   94.35  245.00
 4815   13.00   82.80  180.00    6.50   91.97  222.00
 4816   12.80   84.60  180.00    7.50   86.89  234.00
 4817   12.80   85.80  160.00    5.00   74.20  198.00
 4818   12.80   86.20  190.00    4.00  131.58  146.00
 4819   12.90   84.70  180.00    3.00   91.57   52.00
 4820   13.20   80.50  200.00    3.50    6.86    8.00
 4821   14.00   78.90  210.00    2.50    0.00    0.00
 4822   14.50   76.70  200.00    3.00    0.00    0.00
 4823   14.60   74.50  180.00    2.00    0.00    0.00
 4824   14.70   73.30  220.00    2.50    0.00    0.00
 4825   14.60   71.50  220.00    1.00    0.00    0.00
 4826   13.90   72.70  200.00    2.00    0.00    0.00
 4827   13.10   74.50  200.00    3.00    0.00    0.00
 4828   12.50   75.40  200.00    2.00    0.00    0.00
 4829   12.20   74.50  220.00    2.00   41.69    8.00
 4830   12.20   74.10  230.00    4.00  135.29   75.00
 4831   13.00   71.00  240.00    6.00  174.00  123.00
 4832   14.80   66.20  240.00    5.50  193.30  146.00
 4833   16.70   54.90  230.00    6.00  304.62  185.00
 4834   18.20   43.30  220.00    6.00  416.62  210.00
 4835   19.80   36.50  230.00    7.00  210.43  244.00
 4836   21.40   36.80  250.00    7.00  208.91  256.00
 4837   21.60   34.30  240.00    7.00  580.85  357.00
 4838   22.30   31.70  250.00    7.50  566.29  340.00
 4839   22.80   30.80  250.00    8.00  627.48  284.00
 4840   23.40   29.30  250.00    7.50  285.34  179.00
 4841   23.40   28.40  250.00    8.00  256.07  140.00
 4842   23.70   26.70  250.00    7.00  289.75   96.00
 4843   23.30   27.50  230.00    6.00  306.94   65.00
 4844   22.60   29.60  230.00    7.00   27.98    8.00
 4845   21.20   33.70  230.00    5.00    0.00    0.00
 4846   19.50   42.50  230.00    6.00    0.00    0.00
 4847   17.20   48.20  230.00    5.00    0.00    0.00
 4848   15.70   54.40  250.00    6.00    0.00    0.00
 4849   14.20   60.80  250.00    6.50    0.00    0.00
 4850   13.00   64.30  250.00    7.00    0.00    0.00
 4851   11.90   67.20  250.00    7.00    0.00    0.00
 4852   11.10   68.90  250.00    7.00    0.00    0.00
 4853   10.10   71.40  250.00    7.00   14.49    7.00
 4854    9.80   72.50  250.00    5.00   68.71   50.00
 4855   11.40   71.80  250.00    6.00   87.77   97.00
 4856   14.20   67.00  250.00    5.00  382.19  141.00
 4857   17.50   46.10  250.00    6.00  201.62  230.00
 4858   19.90   36.90  250.00    8.00  365.46  202.00
 4859   22.50   33.10  260.00    8.00  493.85  203.00
 4860   24.10   30.60  250.00    7.00  763.85  241.00
 4861   26.00   26.30  250.00    8.00  363.06  232.00
 4862   27.60   24.10  250.00    9.00  353.45  222.00
 4863   27.40   24.20  260.00    8.00  452.77  185.00
 4864   27.50   27.00  260.00    9.00  318.19  172.00
 4865   27.60   24.90  260.00    7.50  291.80  137.00
 4866   27.10   24.40  260.00    6.50  165.91   99.00
 4867   25.30   32.40  260.00    6.50  231.60   52.00
 4868   23.50   39.60  250.00    6.50   78.50   10.00
 4869   22.00   46.60  250.00    6.50    0.00    0.00
 4870   20.00   55.20  250.00    6.00    0.00    0.00
 4871   18.30   65.10  250.00    8.50    0.00    0.00
 4872   17.20   69.70  250.00    6.00    0.00    0.00
 4873   16.70   70.50  200.00    3.00    0.00    0.00
 4874   16.40   70.50  330.00    3.00    0.00    0.00
 4875   16.20   72.10  320.00    2.50    0.00    0.00
 4876   16.00   73.90  310.00    3.00    0.00    0.00
 4877   15.80   75.40  330.00    3.00   74.30   10.00
 4878   15.70   76.20  350.00    3.00  419.43   43.00
 4879   15.70   77.50  350.00    3.00  651.22   69.00
 4880   16.00   76.90  350.00    3.00  784.64   90.00
 4881   16.30   77.00  350.00    3.00  479.69  160.00
 4882   17.60   70.40  330.00    2.50  528.30  167.00
 4883   18.50   67.80  260.00    4.00  742.41  306.00
 4884   17.80   70.10  270.00    5.00  746.82  323.00
 4885   18.60   68.70  250.00    4.00  736.98  323.00
 4886   18.10   74.50  260.00    4.00  715.45  374.00
 4887   17.50   80.30  260.00    4.00  244.69  206.00
 4888   18.40   75.00  260.00    3.00  229.96  288.00
 4889   21.20   54.50  250.00    1.50   96.45  252.00
 4890   22.30   47.00  200.00    2.50    0.00  185.00
 4891   21.20   47.60  210.00    2.50    0.00   68.00
 4892   20.40   48.40  180.00    4.00    0.00    3.00
 4893   19.80   49.90  170.00    3.00    0.00    0.00
 4894   17.40   60.00  130.00    3.50    0.00    0.00
 4895   15.80   66.60  130.00    5.00    0.00    0.00
 4896   14.60   70.40  140.00    6.00    0.00    0.00
 4897   13.90   72.60  170.00    5.50    0.00    0.00
 4898   13.80   74.40  190.00    6.50    0.00    0.00
 4899   13.50   75.80  190.00    8.00    0.00    0.00
 4900   12.90   77.20  200.00    8.00    0.00    0.00
 4901   12.10   77.70  210.00    5.00    0.00    1.00
 4902   11.60   78.80  190.00    5.00    0.00   45.00
 4903   12.80   76.30  180.00    9.00    0.00   75.00
 4904   14.60   71.10  200.00    8.50    0.00  154.00
 4905   16.30   62.70  190.00    9.00    0.00  158.00
 4906   17.50   56.50  270.00    7.00    0.00  274.00
 4907   18.80   51.80  240.00    8.00   81.70  354.00
 4908   20.20   43.80  240.00    5.00    0.00  395.00
 4909   21.60   36.30  240.00    7.00   81.14  373.00
 4910   22.40   33.80  230.00    9.00   87.57  356.00
 4911   23.40   29.60  240.00    7.00   90.30  295.00
 4912   24.20   28.30  230.00    6.00   78.56  271.00
 4913   24.70   27.90  230.00    8.00  153.16  177.00
 4914   24.90   28.10  230.00    8.00  127.42   97.00
 4915   25.00   27.90  210.00    6.00   38.17   63.00
 4916   24.20   33.90  210.00    6.00    0.00    4.00
 4917   22.50   38.70  210.00    6.00    0.00    0.00
 4918   20.70   43.00  230.00    8.00    0.00    0.00
 4919   18.90   49.50  230.00    8.00    0.00    0.00
 4920   17.40   54.00  240.00    6.00    0.00    0.00
 4921   16.50   57.10  230.00    8.00    0.00    0.00
 4922   16.00   59.00  230.00    9.00    0.00    0.00
 4923   15.70   56.90  240.00    8.00    0.00    0.00
 4924   15.60   59.00  240.00    8.00    0.00    0.00
 4925   14.60   65.50  240.00    9.00   16.71    3.00
 4926   14.40   70.60  230.00    8.00   61.17   59.00
 4927   15.40   75.60  220.00    8.00   87.06   94.00
 4928   16.30   71.00  230.00    8.00   95.66  142.00
 4929   17.50   66.20  230.00    7.00  100.44  229.00
 4930   19.10   61.20  240.00    7.00  206.85  216.00
 4931   20.40   56.60  200.00    5.00  105.19  242.00
 4932   21.20   52.40  230.00    8.00  368.57  292.00
 4933   22.20   48.80  230.00    7.00  676.46  312.00
 4934   22.10   47.30  210.00    6.00  660.82  264.00
 4935   21.90   49.10  180.00    7.00  430.40  248.00
 4936   22.10   48.40  200.00    5.00  590.80  200.00
 4937   21.60   52.30  210.00    7.00   95.49  203.00
 4938   20.50   56.30  210.00    7.00   74.45  127.00
 4939   19.30   61.40  210.00    3.00  146.75   53.00
 4940   18.40   64.30  200.00    4.00    0.00    0.00
 4941   18.00   66.00  200.00    3.00    0.00    0.00
 4942   17.40   69.40  210.00    3.00    0.00    0.00
 4943   17.00   70.60  150.00    2.00    0.00    0.00
 4944   16.80   72.60  150.00    1.50    0.00    0.00
 4945   16.50   72.00  160.00    1.00    0.00    0.00
 4946   16.00   71.20  160.00    1.00    0.00    0.00
 4947   15.60   75.70  120.00    1.00    0.00    0.00
 4948   15.40   77.00    0.00    0.00    0.00    0.00
 4949   15.30   75.70  120.00    1.00    0.00    0.00
 4950   15.30   75.40    0.00    0.00   39.65   43.00
 4951   15.50   75.80    0.00    0.00    0.00   79.00
 4952   16.10   75.10  130.00    1.00   71.08  138.00
 4953   16.20   74.60    0.00    0.00    0.00  254.00
 4954   16.30   75.90  170.00    2.00    0.00  300.00
 4955   16.60   74.90   20.00    1.00    0.00  305.00
 4956   16.50   79.00  180.00    2.00    0.00  381.00
 4957   17.20   78.10    0.00    0.00    0.00  416.00
 4958   17.20   75.00  330.00    1.00    0.00  393.00
 4959   17.50   71.50    0.00    0.00    0.00  329.00
 4960   17.80   72.20  190.00    0.50    0.00  295.00
 4961   18.30   70.40    0.00    0.00    0.00  224.00
 4962   18.20   71.10  150.00    1.00    0.00  132.00
 4963   17.90   74.30   90.00    1.00    0.00   60.00
 4964   17.20   75.40  110.00    1.00    0.00    0.00
 4965   16.40   78.30  120.00    1.00    0.00    0.00
 4966   15.50   82.00  150.00    1.00    0.00    0.00
 4967   14.80   85.70  160.00    2.00    0.00    0.00
 4968   14.90   89.50  150.00    2.00    0.00    0.00
 4969   14.70   85.50  140.00    2.00    0.00    0.00
 4970   14.20   84.60  150.00    2.00    0.00    0.00
 4971   13.90   83.80  140.00    2.00    0.00    0.00
 4972   13.50   83.10  150.00    2.00    0.00    0.00
 4973   12.90   83.30  120.00    2.00    0.00    1.00
 4974   12.90   84.30  120.00    2.00   40.40   60.00
 4975   13.20   84.20  120.00    2.00  111.88  127.00
 4976   13.80   82.80  120.00    4.00  115.42  150.00
 4977   14.90   76.30  220.00    5.00    0.00  149.00
 4978   15.70   70.50  180.00    4.00   69.00  216.00
 4979   16.60   64.00  210.00    3.00  182.97  328.00
 4980   17.30   61.70  210.00    4.00  207.52  250.00
 4981   18.20   58.80  220.00    4.00  204.73  250.00
 4982   18.80   54.20  170.00    4.00  216.44  231.00
 4983   20.60   48.20  200.00    4.00  208.22  209.00
 4984   21.70   44.30  220.00    4.00  194.87  220.00
 4985   20.80   48.20  220.00    4.00  175.39  136.00
 4986   20.60   45.90  190.00    3.50  143.41   91.00
 4987   19.60   51.10  200.00    3.00   83.14   44.00
 4988   18.40   55.00  210.00    2.00    0.00    0.00
 4989   17.50   59.70  210.00    1.00    0.00    0.00
 4990   17.00   63.10    0.00    0.00    0.00    0.00
 4991   16.10   63.90    0.00    0.00    0.00    0.00
 4992   15.50   67.10  200.00    1.00    0.00    0.00
 4993   15.10   71.00  200.00    0.50    0.00    0.00
 4994   14.60   71.80    0.00    0.00    0.00    0.00
 4995   13.80   75.30  240.00    0.50    0.00    0.00
 4996   13.20   79.30  200.00    0.50    0.00    0.00
 4997   12.80   81.10  200.00    1.50    0.00    0.00
 4998   12.80   80.90  200.00    2.00   58.85   52.00
 4999   13.40   76.20  240.00    3.50   79.82  123.00
 5000   14.10   70.40  240.00    5.00  181.33  174.00
 5001   15.60   61.60  230.00    6.00  191.21  227.00
 5002   17.40   52.60  250.00    6.00  414.19  204.00
 5003   18.80   48.90  260.00    5.00  564.70  191.00
 5004   20.10   45.70  250.00    5.00  339.65  233.00
 5005   20.80   43.70  270.00    4.00  222.09  244.00
 5006   21.50   40.60  270.00    4.00  235.73  231.00
 5007   22.10   38.50  260.00    4.00  226.21  210.00
 5008   21.90   38.00  220.00    3.00  210.45  199.00
 5009   22.50   39.90  210.00    2.00  190.31  152.00
 5010   22.40   39.90  210.00    2.00  155.12  101.00
 5011   21.10   44.60  220.00    2.00  100.31   63.00
 5012   19.40   51.10  210.00    1.50    0.00    0.00
 5013   17.70   55.10  210.00    0.50    0.00    0.00
 5014   16.70   59.20  210.00    0.50    0.00    0.00
 5015   15.70   62.90    0.00    0.00    0.00    0.00
 5016   15.00   60.10    0.00    0.00    0.00    0.00
 5017   14.60   60.90    0.00    0.00    0.00    0.00
 5018   14.20   62.70    0.00    0.00    0.00    0.00
 5019   13.70   69.50  330.00    1.00    0.00    0.00
 5020   13.50   72.10   60.00    1.00    0.00    0.00
 5021   13.10   73.40   60.00    1.00    0.00    0.00
 5022   12.90   74.80   60.00    1.00  138.13   61.00
 5023   13.80   71.90   70.00    1.00  258.89  120.00
 5024   15.30   64.10   20.00    1.00  568.99  124.00
 5025   16.90   55.70    0.00    0.00  545.58  149.00
 5026   18.30   47.60  310.00    1.00  573.71  164.00
 5027   19.00   45.00  260.00    3.00  406.05  219.00
 5028   19.70   45.60  260.00    5.00  517.11  222.00
 5029   21.10   42.70  270.00    3.00  510.11  222.00
 5030   21.10   43.60  270.00    5.00  497.08  212.00
 5031   22.00   41.20  270.00    3.00  484.42  195.00
 5032   22.10   40.90  300.00    3.00  452.42  167.00
 5033   21.60   43.60  270.00    2.00  490.67  126.00
 5034   21.60   41.10  300.00    1.00  469.40   84.00
 5035   20.10   48.30  320.00    2.00  313.27   46.00
 5036   19.00   58.30  300.00    2.00    8.53    1.00
 5037   17.80   68.00  320.00    2.00    0.00    0.00
 5038   17.10   71.40  330.00    1.00    0.00    0.00
 5039   16.70   77.30    0.00    0.00    0.00    0.00
 5040   16.40   81.00    0.00    0.00    0.00    0.00
 5041   16.20   84.80    0.00    0.00    0.00    0.00
 5042   16.10   86.90  330.00    1.00    0.00    0.00
 5043   16.30   90.40    0.00    0.00    0.00    0.00
 5044   16.60   92.00    0.00    0.00    0.00    0.00
 5045   16.70   92.10    0.00    0.00    0.00    0.00
 5046   16.60   91.20    0.00    0.00  361.76   55.00
 5047   16.60   90.10    0.00    0.00  401.22  120.00
 5048   16.70   88.50    0.00    0.00  500.09  143.00
 5049   17.40   86.80  270.00    2.50  379.22  180.00
 5050   19.40   80.10  270.00    2.00  309.09  209.00
 5051   20.40   74.20  270.00    5.00  311.62  230.00
 5052   22.20   66.80  270.00    3.00  208.37  248.00
 5053   23.90   61.40  280.00    3.00  205.54  250.00
 5054   25.30   58.00  270.00    4.00  200.10  237.00
 5055   26.40   54.70  260.00    3.00   95.27  212.00
 5056   26.70   54.50  280.00    4.50  177.92  179.00
 5057   27.00   52.00  270.00    1.50  160.59  136.00
 5058   27.20   50.40  270.00    2.00  131.12   91.00
 5059   27.10   46.40  260.00    3.50   82.56   45.00
 5060   26.00   48.70  260.00    0.50    0.00    0.00
 5061   24.90   51.40  260.00    1.00    0.00    0.00
 5062   23.30   56.40  240.00    3.00    0.00    0.00
 5063   22.00   59.40  250.00    3.00    0.00    0.00
 5064   21.10   61.00  210.00    2.00    0.00    0.00
 5065   21.00   64.40  200.00    2.00    0.00    0.00
 5066   21.00   65.60  180.00    2.00    0.00    0.00
 5067   20.20   68.60  210.00    2.00    0.00    0.00
 5068   19.30   71.00  150.00    1.00    0.00    0.00
 5069   18.50   72.90  160.00    1.00    0.00    0.00
 5070   18.80   72.90  120.00    1.00    0.00   62.00
 5071   19.50   71.50  110.00    1.00    0.00  141.00
 5072   20.70   68.00  100.00    1.00    0.00  215.00
 5073   22.40   62.00   90.00    1.00    0.00  282.00
 5074   24.30   55.50  100.00    0.50    0.00  204.00
 5075   26.70   50.30  200.00    0.50    0.00  232.00
 5076   28.60   44.30  240.00    0.50    0.00  246.00
 5077   30.50   38.60  220.00    3.50    0.00  244.00
 5078   32.00   33.90  260.00    3.00   99.10  234.00
 5079   32.90   29.50  240.00    2.00   95.68  210.00
 5080   33.30   27.70  230.00    1.50  177.18  238.00
 5081   33.00   28.00  230.00    2.00  157.61  181.00
 5082   33.30   26.80    0.00    0.00  126.95  132.00
 5083   32.80   27.00  330.00    1.00  121.55   56.00
 5084   31.50   27.60    0.00    0.00    0.00    0.00
 5085   29.80   33.30    0.00    0.00    0.00    0.00
 5086   27.30   43.70    0.00    0.00    0.00    0.00
 5087   24.20   52.60    0.00    0.00    0.00    0.00
 5088   22.40   59.00    0.00    0.00    0.00    0.00
 5089   21.00   63.00    0.00    0.00    0.00    0.00
 5090   19.70   64.30    0.00    0.00    0.00    0.00
 5091   18.40   65.90  290.00    0.50    0.00    0.00
 5092   17.60   67.10  280.00    0.50    0.00    0.00
 5093   16.60   68.40   70.00    0.50    0.00    0.00
 5094   15.80   69.30   20.00    1.00   57.72   52.00
 5095   16.00   68.00   70.00    0.50   69.62  169.00
 5096   16.90   62.50   90.00    1.50  534.18  167.00
 5097   18.10   53.80    0.00    0.00  660.98  173.00
 5098   19.10   50.10   20.00    1.00  724.22  165.00
 5099   19.90   45.20   20.00    2.00  525.87  213.00
 5100   20.70   42.50  270.00    2.00  455.49  217.00
 5101   21.40   41.70  260.00    5.00  553.45  197.00
 5102   21.60   40.50  270.00    5.00  541.81  189.00
 5103   21.50   41.80  260.00    6.00  512.54  170.00
 5104   21.30   41.80  270.00    6.00  477.77  145.00
 5105   21.70   39.90  260.00    4.00  423.19  114.00
 5106   21.90   41.00  270.00    3.50  411.84   73.00
 5107   21.60   42.90  270.00    2.50  242.73   29.00
 5108   20.20   46.40  260.00    1.00    0.00    0.00
 5109   18.70   48.90  290.00    1.50    0.00    0.00
 5110   17.30   55.80  280.00    1.00    0.00    0.00
 5111   16.10   61.40  290.00    0.50    0.00    0.00
 5112   14.90   65.70  290.00    0.50    0.00    0.00
 5113   14.20   70.10    0.00    0.00    0.00    0.00
 5114   13.50   72.10    0.00    0.00    0.00    0.00
 5115   12.90   74.80   20.00    2.00    0.00    0.00
 5116   12.50   77.20   10.00    1.00    0.00    0.00
 5117   12.30   79.50  100.00    0.50    0.00    0.00
 5118   12.20   80.70  100.00    1.00   32.84   43.00
 5119   13.10   79.70  130.00    2.00   49.33  110.00
 5120   14.50   74.80  130.00    2.00  149.71  212.00
 5121   16.10   64.30  160.00    1.00  265.95  260.00
 5122   17.60   54.00  200.00    5.00  272.49  309.00
 5123   18.90   47.80  200.00    2.00  274.59  322.00
 5124   21.00   40.50  200.00    1.50  453.28  250.00
 5125   21.10   34.30  290.00    3.00  447.09  250.00
 5126   21.60   32.80  290.00    4.00  491.38  207.00
 5127   22.70   32.00  260.00    2.50  375.94  196.00
 5128   23.10   32.90  260.00    4.00  346.50  182.00
 5129   23.10   34.70  270.00    3.00  555.31   97.00
 5130   22.90   34.80  270.00    1.00  294.79  113.00
 5131   21.20   37.90    0.00    0.00  203.49   38.00
 5132   20.00   40.50    0.00    0.00    0.00    0.00
 5133   18.80   43.80    0.00    0.00    0.00    0.00
 5134   17.50   50.50  330.00    1.00    0.00    0.00
 5135   16.50   61.30    0.00    0.00    0.00    0.00
 5136   15.20   70.10    0.00    0.00    0.00    0.00
 5137   14.30   74.00   70.00    1.00    0.00    0.00
 5138   14.00   77.50    0.00    0.00    0.00    0.00
 5139   13.90   79.00    0.00    0.00    0.00    0.00
 5140   13.50   80.10    0.00    0.00    0.00    0.00
 5141   13.00   80.70   20.00    2.00    0.00    0.00
 5142   12.80   81.70   20.00    1.50  323.08   47.00
 5143   13.30   81.60  100.00    0.50  456.76  105.00
 5144   14.40   79.80   20.00    1.00  559.91  153.00
 5145   16.20   71.10   20.00    1.00  118.71  348.00
 5146   17.20   58.10   20.00    1.00  121.87  411.00
 5147   17.60   58.40   10.00    1.00    0.00  443.00
 5148   18.30   55.70   60.00    2.00    0.00  439.00
 5149   20.10   51.40   30.00    3.00    0.00  402.00
 5150   20.60   44.80   20.00    3.00    0.00  321.00
 5151   18.70   64.00   20.00    3.00    0.00  240.00
 5152   19.70   52.40   10.00    2.00    0.00  147.00
 5153   20.70   47.90    0.00    2.00    0.00  121.00
 5154   21.00   45.20    0.00    2.00    0.00   76.00
 5155   20.40   46.70    0.00    2.00    0.00   27.00
 5156   19.80   48.40  330.00    1.50    0.00    0.00
 5157   18.60   54.00  340.00    1.00    0.00    0.00
 5158   17.10   59.70  330.00    1.00    0.00    0.00
 5159   15.80   65.40  330.00    1.00    0.00    0.00
 5160   14.90   70.00  330.00    1.00    0.00    0.00
 5161   14.10   73.40  300.00    3.00    0.00    0.00
 5162   13.30   75.80  320.00    3.00    0.00    0.00
 5163   12.90   77.40  330.00    2.00    0.00    0.00
 5164   12.70   79.80  320.00    3.00    0.00    0.00
 5165   12.70   80.90  290.00    5.00    0.00    0.00
 5166   12.80   81.50  290.00    5.00    0.00   34.00
 5167   13.00   82.30  290.00    4.00    0.00  114.00
 5168   13.60   81.20  290.00    5.00    0.00  112.00
 5169   14.60   75.70  290.00    4.50    0.00  146.00
 5170   15.70   70.10  270.00    4.50    0.00  176.00
 5171   18.00   58.00  260.00    5.50   78.12  234.00
 5172   20.30   48.00  260.00    5.50  295.28  247.00
 5173   21.60   41.80  260.00    7.00  409.85  231.00
 5174   21.90   39.50  260.00    6.50  705.27  149.00
 5175   23.00   37.90  260.00    6.00  680.88  139.00
 5176   23.60   36.60  260.00    6.00  552.06  127.00
 5177   24.20   35.20  260.00    7.00  393.13  113.00
 5178   24.40   33.40  260.00    6.00  318.04   75.00
 5179   24.00   34.40  260.00    7.00  130.08   34.00
 5180   22.50   37.20  260.00    5.00    0.00    0.00
 5181   20.90   42.40  260.00    4.00    0.00    0.00
 5182   18.30   49.30  260.00    5.00    0.00    0.00
 5183   16.90   55.20  260.00    4.00    0.00    0.00
 5184   15.30   60.40  260.00    5.00    0.00    0.00
 5185   13.70   65.80  260.00    4.00    0.00    0.00
 5186   13.10   69.00  260.00    3.00    0.00    0.00
 5187   12.20   72.40  250.00    4.00    0.00    0.00
 5188   11.20   74.10  250.00    2.00    0.00    0.00
 5189   10.20   75.90  250.00    2.50    0.00    0.00
 5190    9.50   76.60  210.00    2.00  320.19   36.00
 5191   10.10   78.20  220.00    3.00  586.13   78.00
 5192   13.20   72.30  230.00    4.00   94.09  167.00
 5193   16.60   63.40  200.00    4.00  608.65  290.00
 5194   18.60   52.40  180.00    4.00  607.58  235.00
 5195   20.80   37.30  210.00    4.00  114.14  432.00
 5196   23.00   37.30  180.00    5.00  339.46  382.00
 5197   24.00   35.10  180.00    5.00  333.50  384.00
 5198   25.70   33.10  190.00    6.00  299.51  373.00
 5199   26.80   31.70  180.00    9.00  286.50  333.00
 5200   28.40   29.40  170.00    8.00  178.90  311.00
 5201   29.20   27.80  180.00    8.00  148.85  229.00
 5202   29.10   26.60  180.00    7.00   99.62  141.00
 5203   28.00   30.90  180.00    8.00   22.86   49.00
 5204   26.80   34.10  280.00    8.00    0.00    0.00
 5205   25.40   36.10  250.00    4.00    0.00    0.00
 5206   24.10   39.90  240.00    3.00    0.00    0.00
 5207   23.40   46.90  240.00    6.00    0.00    0.00
 5208   22.30   55.60  260.00    9.00    0.00    0.00
 5209   21.30   60.40  260.00    9.00    0.00    0.00
 5210   20.30   65.40  250.00    7.50    0.00    0.00
 5211   19.60   68.60  250.00    8.00    0.00    0.00
 5212   19.10   68.00  270.00    9.00    0.00    0.00
 5213   18.60   69.10  270.00    9.00    0.00    0.00
 5214   17.90   74.60  270.00    9.00  308.69   36.00
 5215   17.10   79.10  280.00    8.00  607.85   71.00
 5216   16.70   82.30  280.00    8.50  716.88   91.00
 5217   16.70   85.10  280.00    8.50  758.55  110.00
 5218   17.30   85.90  280.00    8.50  777.94  126.00
 5219   18.00   85.00  280.00    7.00  785.48  136.00
 5220   18.60   81.90  280.00    7.50  778.89  140.00
 5221   19.10   81.10  280.00    6.50  768.24  140.00
 5222   19.70   80.90  270.00    7.00  748.80  134.00
 5223   20.00   83.00  270.00    6.50  717.76  124.00
 5224   20.70   83.10  270.00    5.50  670.38  110.00
 5225   21.90   79.20  270.00    5.00  600.30   89.00
 5226   23.20   74.50  270.00    5.00  573.10   57.00
 5227   23.80   67.20  270.00    4.00  298.37   33.00
 5228   23.30   61.90  270.00    3.50    0.00    0.00
 5229   22.20   61.30  240.00    2.00    0.00    0.00
 5230   21.00   63.30  250.00    2.00    0.00    0.00
 5231   19.80   65.20  240.00    2.00    0.00    0.00
 5232   19.00   69.80  230.00    1.50    0.00    0.00
 5233   18.20   74.10  230.00    1.50    0.00    0.00
 5234   17.80   77.00  220.00    1.00    0.00    0.00
 5235   17.60   78.60  220.00    1.50    0.00    0.00
 5236   17.20   78.20  210.00    1.50    0.00    0.00
 5237   17.00   78.70  210.00    1.00    0.00    0.00
 5238   16.70   77.50  220.00    1.00  296.89   40.00
 5239   16.90   74.80  150.00    1.00  601.66   70.00
 5240   17.80   69.10  180.00    1.00  453.67  160.00
 5241   18.50   65.90  170.00    1.50  371.16  235.00
 5242   19.00   63.20  210.00    2.00  386.22  236.00
 5243   20.20   56.60  230.00    2.00  777.67  134.00
 5244   21.70   49.70  220.00    2.00  772.87  139.00
 5245   19.40   61.80  200.00    2.00  889.14  107.00
 5246   19.20   63.70  240.00    1.50  498.35  265.00
 5247   20.50   57.60  250.00    1.50  358.56  284.00
 5248   21.10   55.40  260.00    1.50  222.61  273.00
 5249   21.20   56.60  270.00    1.50  398.61  155.00
 5250   20.40   68.00  280.00    2.00  320.65  102.00
 5251   18.90   75.70  280.00    1.00  271.25   36.00
 5252   18.50   76.70  340.00    1.00    0.00    0.00
 5253   17.60   77.40  350.00    1.00    0.00    0.00
 5254   16.70   77.00  340.00    1.00    0.00    0.00
 5255   16.60   77.40    0.00    1.50    0.00    0.00
 5256   16.10   80.80   10.00    1.50    0.00    0.00
 5257   15.80   81.00   10.00    1.00    0.00    0.00
 5258   15.60   82.30   10.00    1.00    0.00    0.00
 5259   15.20   82.70   30.00    1.00    0.00    0.00
 5260   14.70   81.50   50.00    1.00    0.00    0.00
 5261   14.30   81.40   50.00    0.50    0.00    0.00
 5262   14.10   81.20   60.00    0.50  284.78   43.00
 5263   14.30   79.90   20.00    1.00  515.86   94.00
 5264   15.50   76.40   90.00    2.00  582.51  141.00
 5265   16.00   75.90   90.00    2.50  615.03  178.00
 5266   15.40   84.40   90.00    4.00  640.20  213.00
 5267   16.30   83.40  100.00    5.00  257.58  402.00
 5268   18.50   73.00   80.00    3.00  259.71  427.00
 5269   20.30   61.70   70.00    2.50  127.41  462.00
 5270   21.60   52.20   60.00    3.00  119.30  437.00
 5271   22.90   47.50   50.00    2.00    0.00  430.00
 5272   23.00   44.60   50.00    1.50    0.00  352.00
 5273   22.50   46.20   50.00    2.50    0.00  258.00
 5274   22.10   47.00   30.00    2.00   73.79  146.00
 5275   20.50   47.90   30.00    2.00   38.90   55.00
 5276   18.80   53.80   30.00    2.50    0.00    0.00
 5277   17.40   59.00   50.00    3.50    0.00    0.00
 5278   16.10   66.80   80.00    4.00    0.00    0.00
 5279   15.30   71.60   90.00    4.50    0.00    0.00
 5280   14.70   74.90  100.00    3.00    0.00    0.00
 5281   14.20   77.00  100.00    2.50    0.00    0.00
 5282   13.90   78.50   90.00    2.00    0.00    0.00
 5283   13.50   79.80  100.00    1.50    0.00    0.00
 5284   13.10   81.50  120.00    1.50    0.00    0.00
 5285   12.90   82.50   90.00    2.00    0.00    0.00
 5286   12.70   84.00   70.00    2.00    0.00   42.00
 5287   13.10   84.70   50.00    1.00    0.00  142.00
 5288   14.80   81.00   60.00    0.50    0.00  232.00
 5289   16.00   72.10   30.00    2.50    0.00  314.00
 5290   17.70   62.50   60.00    2.00    0.00  358.00
 5291   18.60   59.70   50.00    1.00    0.00  374.00
 5292   18.30   64.00   20.00    1.00    0.00  394.00
 5293   19.70   54.90    0.00    1.00    0.00  361.00
 5294   20.50   53.20    0.00    1.00    0.00  368.00
 5295   22.00   46.60  340.00    1.00    0.00  322.00
 5296   21.50   46.50  340.00    1.00    0.00  227.00
 5297   21.90   41.40    0.00    1.50    0.00  167.00
 5298   21.00   44.90   50.00    1.00    0.00   97.00
 5299   20.60   47.30   20.00    1.50    0.00   39.00
 5300   19.90   51.50   30.00    1.50    0.00    0.00
 5301   18.60   57.50   40.00    1.50    0.00    0.00
 5302   17.30   64.00   50.00    1.00    0.00    0.00
 5303   16.40   67.80   20.00    1.50    0.00    0.00
 5304   15.40   73.40    0.00    0.00    0.00    0.00
 5305   14.70   77.10   10.00    1.00    0.00    0.00
 5306   14.50   77.60   10.00    1.00    0.00    0.00
 5307   14.20   79.00   30.00    1.50    0.00    0.00
 5308   13.50   80.70   20.00    1.50    0.00    0.00
 5309   13.00   83.80   20.00    1.00    0.00    0.00
 5310   12.70   85.60   50.00    0.50    0.00   29.00
 5311   13.20   85.80    0.00    0.00   47.25   72.00
 5312   15.70   79.70  100.00    0.50   57.04  121.00
 5313   17.40   62.00   60.00    0.50    0.00  143.00
 5314   19.30   56.70  110.00    1.00    0.00  175.00
 5315   20.90   52.30   90.00    1.00   70.16  226.00
 5316   21.60   52.30   90.00    1.00    0.00  313.00
 5317   23.30   44.40  220.00    2.00   79.88  295.00
 5318   24.70   38.20  300.00    1.50   78.48  329.00
 5319   25.80   33.70  270.00    4.00   74.78  202.00
 5320   25.80   32.70  280.00    2.00   68.71  164.00
 5321   25.20   33.60  320.00    1.50   59.13  119.00
 5322   24.80   33.50  350.00    2.00   48.49   71.00
 5323   24.50   33.00    0.00    0.00   76.35   30.00
 5324   23.50   36.80   30.00    1.00    0.00    0.00
 5325   22.10   42.10   30.00    2.00    0.00    0.00
 5326   20.80   46.40   30.00    1.50    0.00    0.00
 5327   20.00   48.70   30.00    1.50    0.00    0.00
 5328   19.30   52.20   20.00    2.00    0.00    0.00
 5329   18.50   55.50    0.00    1.50    0.00    0.00
 5330   18.00   59.00    0.00    1.00    0.00    0.00
 5331   17.70   63.70    0.00    1.00    0.00    0.00
 5332   17.30   68.50    0.00    0.00    0.00    0.00
 5333   16.90   73.50    0.00    0.00    0.00    0.00
 5334   16.40   75.10   20.00    1.50   93.94   45.00
 5335   16.00   77.00  350.00    1.50  223.99  113.00
 5336   16.10   77.60    0.00    1.50  366.57  179.00
 5337   16.30   76.60   30.00    3.00  389.66  236.00
 5338   17.80   57.20   60.00    2.00  684.40  254.00
 5339   19.00   48.00   20.00    3.00  744.90  254.00
 5340   19.50   45.40    0.00    3.00  732.44  253.00
 5341   20.10   45.70   60.00    3.00  740.21  244.00
 5342   19.70   51.30   30.00    3.00  719.92  231.00
 5343   20.70   41.80   30.00    4.00  110.55  328.00
 5344   20.60   42.50   20.00    4.00  102.93  267.00
 5345   19.50   47.00   10.00    2.50   90.65  208.00
 5346   18.90   50.70   10.00    2.50   67.61  121.00
 5347   18.50   53.50   10.00    1.50   26.08   32.00
 5348   17.40   58.50   20.00    3.00    0.00    0.00
 5349   16.50   64.10   20.00    2.00    0.00    0.00
 5350   15.60   70.10   10.00    1.50    0.00    0.00
 5351   15.10   73.00   20.00    1.00    0.00    0.00
 5352   14.60   74.50   30.00    1.00    0.00    0.00
 5353   14.10   73.20   30.00    1.00    0.00    0.00
 5354   13.60   72.10   20.00    2.00    0.00    0.00
 5355   12.80   73.50   10.00    2.00    0.00    0.00
 5356   12.00   74.20   30.00    3.50    0.00    0.00
 5357   11.30   77.00   20.00    3.00    0.00    0.00
 5358   10.70   76.70   20.00    2.50    0.00   19.00
 5359   10.50   77.40   30.00    3.00    0.00   67.00
 5360   13.30   68.90   20.00    3.00    0.00  114.00
 5361   15.00   59.70   20.00    2.50    0.00  157.00
 5362   17.30   49.30   30.00    4.50    0.00  192.00
 5363   19.40   41.10   30.00    4.00    0.00  218.00
 5364   20.40   36.40   30.00    4.00    0.00  230.00
 5365   22.30   32.20   30.00    4.00    0.00  231.00
 5366   22.80   29.70   30.00    4.00    0.00  218.00
 5367   23.40   29.50   30.00    4.00    0.00  191.00
 5368   24.20   26.70   30.00    6.00    0.00  156.00
 5369   24.30   27.50   30.00    6.00    0.00  112.00
 5370   23.70   29.10   30.00    3.00    0.00   67.00
 5371   23.90   29.20   30.00    4.00    0.00   20.00
 5372   22.30   31.80   60.00    4.00    0.00    0.00
 5373   20.30   39.90   60.00    3.00    0.00    0.00
 5374   18.20   46.40   60.00    4.00    0.00    0.00
 5375   16.70   52.00   60.00    2.00    0.00    0.00
 5376   15.00   56.60   60.00    2.50    0.00    0.00
 5377   13.50   61.70   30.00    4.00    0.00    0.00
 5378   12.40   65.70   40.00    3.00    0.00    0.00
 5379   11.40   67.70   30.00    3.00    0.00    0.00
 5380   10.20   68.80   30.00    4.00    0.00    0.00
 5381    9.40   70.00   30.00    4.00    0.00    0.00
 5382    8.90   72.00   30.00    4.00    0.00   19.00
 5383    8.70   73.80   30.00    2.00   78.52   70.00
 5384   12.20   77.70   30.00    4.00   90.86  120.00
 5385   15.00   72.90   30.00    4.00   96.86  161.00
 5386   17.90   52.20   30.00    4.50  102.07  198.00
 5387   20.70   43.30   50.00    3.50  103.96  223.00
 5388   22.00   38.90   50.00    5.00  112.87  234.00
 5389   23.20   37.10   30.00    5.00  221.33  230.00
 5390   23.70   36.10   40.00    5.00  216.52  218.00
 5391   24.50   33.80   30.00    3.00  205.23  193.00
 5392   25.20   31.70   30.00    5.00  192.82  159.00
 5393   25.30   31.00   40.00    5.00  250.39  114.00
 5394   25.00   29.70   40.00    5.00  113.93   92.00
 5395   23.40   35.00   40.00    6.00   21.99   23.00
 5396   21.80   44.00   30.00    5.00    0.00    0.00
 5397   20.20   53.00   30.00    3.00    0.00    0.00
 5398   19.00   59.80   30.00    4.00    0.00    0.00
 5399   17.80   64.90   30.00    3.00    0.00    0.00
 5400   16.80   70.80   30.00    2.00    0.00    0.00
 5401   16.10   73.80   30.00    4.00    0.00    0.00
 5402   15.70   77.10   30.00    5.00    0.00    0.00
 5403   15.60   79.90   30.00    4.00    0.00    0.00
 5404   15.20   81.70   30.00    4.00    0.00    0.00
 5405   14.90   82.60   30.00    2.50    0.00    0.00
 5406   14.20   82.30   30.00    2.50    0.00   17.00
 5407   14.00   82.40   30.00    3.00    0.00   64.00
 5408   15.70   76.40   30.00    4.00    0.00  112.00
 5409   17.50   65.70   30.00    4.00    0.00  155.00
 5410   20.20   53.90   30.00    3.00    0.00  193.00
 5411   21.40   46.30   30.00    4.00    0.00  219.00
 5412   22.50   43.50   60.00    3.00  312.38  231.00
 5413   23.70   43.10   60.00    3.00  308.20  231.00
 5414   25.30   38.10   60.00    5.00   98.85  222.00
 5415   25.70   35.90   80.00    4.00  205.02  190.00
 5416   26.00   36.20   80.00    4.00  283.37  152.00
 5417   25.80   34.70   30.00    4.00  246.20  112.00
 5418   24.90   34.00   50.00    5.00  189.63   82.00
 5419   24.60   35.50   40.00    3.00   84.79   27.00
 5420   23.30   36.30   30.00    2.00    0.00    0.00
 5421   21.80   41.60   10.00    2.00    0.00    0.00
 5422   20.20   47.50   20.00    2.00    0.00    0.00
 5423   18.20   51.20   90.00    1.00    0.00    0.00
 5424   17.30   54.60   20.00    1.00    0.00    0.00
 5425   16.40   55.30  350.00    1.00    0.00    0.00
 5426   15.80   55.90   10.00    1.50    0.00    0.00
 5427   14.90   59.20   60.00    3.00    0.00    0.00
 5428   14.40   63.00   20.00    1.50    0.00    0.00
 5429   14.20   65.10  350.00    1.50    0.00    0.00
 5430   13.90   67.20    0.00    1.00   99.75   36.00
 5431   14.30   69.80  350.00    2.00  158.26  118.00
 5432   16.70   69.70  350.00    2.00  188.37  200.00
 5433   19.60   63.10   60.00    3.00  217.27  255.00
 5434   22.40   49.80   60.00    3.00  223.70  310.00
 5435   24.50   40.90   60.00    3.00  339.41  208.00
 5436   26.30   32.20   60.00    4.00  336.60  217.00
 5437   28.20   28.50   50.00    4.00  220.95  225.00
 5438   29.20   27.80   60.00    2.00  214.73  215.00
 5439   30.40   27.20  100.00    3.00  204.83  191.00
 5440   31.00   25.40   60.00    3.00  190.47  177.00
 5441   30.40   23.40   30.00    3.00  248.87  137.00
 5442   29.40   24.10   30.00    3.00  186.15   80.00
 5443   28.20   23.80   30.00    2.00  104.76   23.00
 5444   27.20   27.20   60.00    2.00    0.00    0.00
 5445   25.80   32.60    0.00    2.00    0.00    0.00
 5446   24.10   38.60    0.00    2.00    0.00    0.00
 5447   22.50   42.50   10.00    2.00    0.00    0.00
 5448   21.70   43.40    0.00    2.00    0.00    0.00
 5449   22.00   41.40   10.00    2.00    0.00    0.00
 5450   21.90   43.70   30.00    2.00    0.00    0.00
 5451   21.10   44.90   30.00    1.00    0.00    0.00
 5452   20.30   46.30   20.00    2.00    0.00    0.00
 5453   19.30   49.30    0.00    0.00    0.00    0.00
 5454   18.20   53.10    0.00    0.00  166.78   23.00
 5455   18.00   56.30    0.00    0.00  278.71   76.00
 5456   19.30   55.70    0.00    0.00  436.13  154.00
 5457   20.50   56.30    0.00    0.00  557.88  182.00
 5458   21.20   57.90  280.00    3.00  610.69  166.00
 5459   22.10   59.80  270.00    3.00  525.68  201.00
 5460   22.20   58.00  270.00    5.00  314.39  230.00
 5461   22.80   55.40  270.00    4.00  204.03  314.00
 5462   22.80   58.20  270.00    4.00  197.18  295.00
 5463   21.60   62.30  280.00    4.00  185.62  257.00
 5464   21.90   59.30  270.00    4.00  258.58  189.00
 5465   21.90   55.90  310.00    2.50  302.93  149.00
 5466   21.40   55.30  290.00    3.00  305.46   62.00
 5467   20.00   57.70  300.00    2.00  107.99   16.00
 5468   19.10   61.30  330.00    2.00    0.00    0.00
 5469   18.40   61.80  310.00    2.00    0.00    0.00
 5470   17.70   65.00    0.00    0.00    0.00    0.00
 5471   17.20   67.60    0.00    0.00    0.00    0.00
 5472   16.90   69.10    0.00    0.00    0.00    0.00
 5473   16.30   71.80    0.00    0.00    0.00    0.00
 5474   15.60   75.20    0.00    0.00    0.00    0.00
 5475   15.20   76.10    0.00    0.00    0.00    0.00
 5476   14.70   77.60    0.00    0.00    0.00    0.00
 5477   14.30   78.00    0.00    0.00    0.00    0.00
 5478   13.90   79.70  230.00    1.00   98.28   21.00
 5479   13.90   80.30  270.00    1.00  408.12   76.00
 5480   15.10   77.60  270.00    2.00  530.41  125.00
 5481   15.90   75.90  260.00    2.00  581.23  167.00
 5482   17.40   71.70  270.00    3.00  501.44  231.00
 5483   20.10   60.40  260.00    4.00  711.14  186.00
 5484   21.70   51.10  250.00    5.00  776.17  144.00
 5485   23.40   44.60  280.00    4.00  653.54  164.00
 5486   25.00   39.00  270.00    5.50  638.97  157.00
 5487   24.60   37.80  270.00    5.00  503.30  156.00
 5488   25.40   37.10  270.00    5.00  462.04  130.00
 5489   25.80   37.10  260.00    4.00  476.13   90.00
 5490   24.90   40.60  250.00    3.00  337.74   54.00
 5491   23.30   41.40  260.00    2.50   80.52   11.00
 5492   21.20   47.50  280.00    2.00    0.00    0.00
 5493   19.40   54.70  350.00    1.00    0.00    0.00
 5494   17.80   63.10    0.00    1.00    0.00    0.00
 5495   16.80   68.20   20.00    1.00    0.00    0.00
 5496   16.00   72.90   20.00    2.00    0.00    0.00
 5497   15.10   74.90   90.00    1.00    0.00    0.00
 5498   14.30   77.80   40.00    1.00    0.00    0.00
 5499   13.60   78.60   60.00    2.00    0.00    0.00
 5500   13.00   80.60   90.00    1.00    0.00    0.00
 5501   12.60   82.10   90.00    1.00    0.00    0.00
 5502   12.10   79.20   90.00    1.00  148.81   20.00
 5503   11.90   79.60   90.00    1.00  325.53   87.00
 5504   13.40   83.00  120.00    1.00  471.61  142.00
 5505   14.70   81.20  100.00    0.50  510.49  192.00
 5506   15.80   76.10  120.00    1.50  532.54  192.00
 5507   17.10   69.70  230.00    1.00  483.09  206.00
 5508   18.40   60.80  280.00    1.50  484.16  217.00
 5509   20.70   53.00  270.00    4.00  479.26  218.00
 5510   22.50   47.30  280.00    4.00  343.54  222.00
 5511   23.60   42.20  270.00    5.00  243.03  195.00
 5512   20.00   62.10  270.00    4.00  244.36  192.00
 5513   17.20   73.80  290.00    3.00  214.66  138.00
 5514   16.50   81.40  290.00    2.00  154.70   78.00
 5515   17.40   80.50  340.00    1.00   64.05   14.00
 5516   16.60   80.00   40.00    2.00    0.00    0.00
 5517   15.90   82.20   80.00    0.50    0.00    0.00
 5518   15.10   81.60   80.00    0.50    0.00    0.00
 5519   14.10   83.40    0.00    0.00    0.00    0.00
 5520   13.30   83.30   80.00    1.00    0.00    0.00
 5521   12.60   84.70   70.00    2.00    0.00    0.00
 5522   11.90   83.00   80.00    1.50    0.00    0.00
 5523   11.20   83.60   80.00    1.50    0.00    0.00
 5524   10.60   84.70   70.00    1.50    0.00    0.00
 5525    9.80   84.70   70.00    1.50    0.00    0.00
 5526    9.40   84.00   50.00    1.00   48.08   13.00
 5527    9.70   85.00   30.00    1.50  138.32   62.00
 5528   10.70   85.30   60.00    2.50  257.18  115.00
 5529   12.80   81.20   70.00    4.00  279.68  209.00
 5530   15.20   76.90   80.00    4.00  289.02  256.00
 5531   17.70   66.40   80.00    5.00  558.38  175.00
 5532   19.80   47.60   90.00    5.00  440.91  196.00
 5533   20.60   40.90   70.00    5.00  443.75  200.00
 5534   22.30   34.60   80.00    5.00  431.48  190.00
 5535   21.20   35.70   50.00    5.00  408.62  169.00
 5536   22.30   33.10   60.00    5.00  379.40  140.00
 5537   22.50   34.60   80.00    4.00  468.37   88.00
 5538   22.10   36.30   50.00    3.00  343.12   55.00
 5539   19.90   50.70   70.00    3.50   99.51   12.00
 5540   17.30   65.40   60.00    3.00    0.00    0.00
 5541   15.90   71.20   60.00    1.50    0.00    0.00
 5542   14.60   74.90   60.00    1.50    0.00    0.00
 5543   13.50   76.50   60.00    1.50    0.00    0.00
 5544   12.60   77.40   70.00    2.00    0.00    0.00
 5545   11.90   78.80   60.00    2.00    0.00    0.00
 5546   11.30   80.10   70.00    2.00    0.00    0.00
 5547   10.60   79.70   60.00    1.50    0.00    0.00
 5548    9.90   79.80   60.00    1.50    0.00    0.00
 5549    9.20   81.00   60.00    1.50    0.00    0.00
 5550    9.40   83.10   60.00    1.50  122.57   22.00
 5551    9.70   85.90   50.00    1.50  366.94   87.00
 5552   10.50   87.70   60.00    2.00  456.97  141.00
 5553   12.50   86.00   60.00    2.00  495.88  192.00
 5554   13.70   82.80   40.00    2.00  610.23  150.00
 5555   15.30   77.40   60.00    2.00  617.65  166.00
 5556   15.90   74.10   60.00    4.00  617.54  174.00
 5557   15.60   76.90   90.00    5.00  121.64  408.00
 5558   15.40   79.00   80.00    5.00  236.52  343.00
 5559   15.30   82.10   70.00    4.00  338.23  266.00
 5560   15.50   81.10   90.00    4.00  417.44  205.00
 5561   15.40   80.90   60.00    4.00  554.95  110.00
 5562   15.40   79.80   40.00    3.00  485.27   58.00
 5563   15.30   80.00   40.00    2.00  144.57   19.00
 5564   14.80   80.30   30.00    2.50    0.00    0.00
 5565   14.30   82.80   30.00    2.50    0.00    0.00
 5566   13.80   85.10   30.00    2.00    0.00    0.00
 5567   13.50   86.40   30.00    2.50    0.00    0.00
 5568   13.20   87.60   40.00    2.00    0.00    0.00
 5569   13.20   88.30   40.00    2.00    0.00    0.00
 5570   13.10   88.20   50.00    2.00    0.00    0.00
 5571   12.30   89.10   40.00    2.00    0.00    0.00
 5572   11.70   88.20   40.00    2.00    0.00    0.00
 5573   11.20   88.90   40.00    2.00    0.00    0.00
 5574   11.10   88.70   40.00    2.00  107.02   19.00
 5575   11.20   89.90  100.00    2.00  235.34   91.00
 5576   11.50   91.00   90.00    2.00  184.47  163.00
 5577   12.40   89.90   90.00    2.50  351.51  181.00
 5578   14.20   85.90  120.00    2.50  362.09  221.00
 5579   16.00   77.70   80.00    2.00  123.08  301.00
 5580   18.70   64.20    0.00    0.00  122.52  232.00
 5581   19.40   56.20  280.00    5.00   90.72  228.00
 5582   20.90   49.80  300.00    3.00  100.35  214.00
 5583   22.30   46.00    0.00    4.00   95.51  188.00
 5584   21.50   46.90  350.00    4.00   83.14  152.00
 5585   21.50   48.00  350.00    4.00  227.83  146.00
 5586   21.40   46.40   10.00    1.00  134.64   90.00
 5587   21.00   46.00   10.00    2.00   42.95   12.00
 5588   19.90   50.10   60.00    1.00    0.00    0.00
 5589   18.20   56.70   10.00    1.00    0.00    0.00
 5590   16.70   63.10   30.00    1.00    0.00    0.00
 5591   16.00   67.90   60.00    1.00    0.00    0.00
 5592   15.30   71.80   60.00    1.00    0.00    0.00
 5593   15.10   75.20    0.00    0.00    0.00    0.00
 5594   14.70   78.20    0.00    0.00    0.00    0.00
 5595   14.30   80.20   90.00    2.00    0.00    0.00
 5596   14.10   85.40   60.00    1.00    0.00    0.00
 5597   13.90   87.10   60.00    1.00    0.00    0.00
 5598   13.80   87.70   60.00    1.00   70.93   10.00
 5599   13.50   87.70   90.00    2.50  210.98   61.00
 5600   14.00   87.40  110.00    3.50  269.84  110.00
 5601   14.70   86.70   90.00    2.00  391.72  148.00
 5602   16.30   74.50  160.00    2.00  444.85  168.00
 5603   17.60   63.50  160.00    2.00  338.75  200.00
 5604   18.00   54.20  270.00    3.00  337.60  210.00
 5605   18.30   52.10  280.00    2.00  334.80  212.00
 5606   18.90   50.20  320.00    2.00  324.27  200.00
 5607   19.00   48.00  300.00    4.00  285.53  185.00
 5608   19.50   48.70  300.00    1.00   85.92  149.00
 5609   18.90   52.00  280.00    1.50   75.28  105.00
 5610   19.10   49.60    0.00    1.50   55.70   56.00
 5611   19.20   48.00  320.00    1.50   29.83   13.00
 5612   18.50   52.30  330.00    1.50    0.00    0.00
 5613   17.30   59.60  320.00    1.50    0.00    0.00
 5614   15.70   66.00    0.00    1.50    0.00    0.00
 5615   14.40   70.90    0.00    1.00    0.00    0.00
 5616   13.40   74.50    0.00    0.00    0.00    0.00
 5617   12.60   76.30    0.00    0.00    0.00    0.00
 5618   11.90   77.70    0.00    0.00    0.00    0.00
 5619   11.30   80.20   90.00    0.50    0.00    0.00
 5620   11.30   85.50  110.00    1.00    0.00    0.00
 5621   11.50   86.70   30.00    1.00    0.00    0.00
 5622   11.80   88.30   60.00    0.50   60.43    6.00
 5623   11.50   88.20    0.00    0.00  346.08   69.00
 5624   12.50   87.60    0.00    0.00  552.67  113.00
 5625   14.20   83.00    0.00    0.00  650.17  138.00
 5626   15.70   77.00  160.00    1.00  718.95  127.00
 5627   17.40   65.40  250.00    1.00  491.03  180.00
 5628   19.30   57.10  270.00    2.50  490.46  191.00
 5629   20.50   51.50  270.00    3.00  481.45  189.00
 5630   21.20   49.40  270.00    4.00  469.38  180.00
 5631   20.30   61.60  280.00    4.00  559.05  145.00
 5632   19.20   59.60  260.00    4.00  512.86  120.00
 5633   18.80   62.20  280.00    3.00  424.82   87.00
 5634   19.60   57.00  280.00    2.50  288.21   48.00
 5635   19.80   55.90  280.00    1.50   31.16    4.00
 5636   18.30   62.30  280.00    1.00    0.00    0.00
 5637   17.00   67.90  270.00    0.50    0.00    0.00
 5638   15.80   68.60  240.00    4.00    0.00    0.00
 5639   15.10   71.10  230.00    4.00    0.00    0.00
 5640   14.50   73.50  230.00    3.00    0.00    0.00
 5641   13.60   77.30  180.00    1.00    0.00    0.00
 5642   12.60   80.10  220.00    1.00    0.00    0.00
 5643   11.80   80.80  160.00    1.00    0.00    0.00
 5644   11.20   81.30  180.00    1.00    0.00    0.00
 5645   10.50   81.60  210.00    1.00    0.00    0.00
 5646    9.80   82.20  210.00    2.50   70.40    8.00
 5647    9.70   84.60  200.00    2.50  169.31   55.00
 5648   10.80   87.00  210.00    3.00  313.48   99.00
 5649   12.40   87.90  190.00    5.00  345.91  140.00
 5650   14.60   86.10  210.00    5.00  121.05  187.00
 5651   17.30   75.30  210.00    5.00  122.41  213.00
 5652   19.20   63.90  210.00    7.00    0.00  231.00
 5653   19.60   60.20  210.00    4.00  120.44  227.00
 5654   20.80   55.00  210.00    5.00  234.11  205.00
 5655   20.60   53.10  210.00    4.00  222.81  181.00
 5656   21.00   48.60  220.00    6.00  205.30  146.00
 5657   22.10   42.30  250.00    4.00   90.29  106.00
 5658   23.00   39.60  270.00    4.00  127.89   56.00
 5659   22.70   39.30  240.00    2.50   40.78    4.00
 5660   21.80   47.20  250.00    2.50    0.00    0.00
 5661   20.40   52.30  220.00    1.50    0.00    0.00
 5662   19.10   57.30  180.00    1.50    0.00    0.00
 5663   17.40   61.80  180.00    1.50    0.00    0.00
 5664   16.00   65.60   90.00    1.00    0.00    0.00
 5665   14.10   70.50  110.00    1.00    0.00    0.00
 5666   12.90   73.50  100.00    1.00    0.00    0.00
 5667   11.90   75.20  100.00    1.00    0.00    0.00
 5668   11.10   75.80    0.00    0.00    0.00    0.00
 5669   10.20   77.30  120.00    1.00    0.00    0.00
 5670    9.60   77.60  110.00    2.00   58.79    8.00
 5671    9.10   78.20  130.00    2.50  141.80   53.00
 5672   11.20   79.70  130.00    3.00  172.74  170.00
 5673   13.90   76.80  140.00    4.00   85.08  245.00
 5674   16.20   68.00  140.00    6.00   89.23  328.00
 5675   18.00   59.00  140.00    7.00   97.66  379.00
 5676   20.50   50.80  140.00    8.00    0.00  433.00
 5677   21.50   44.40  140.00    8.00    0.00  435.00
 5678   22.50   39.40  150.00    8.00    0.00  392.00
 5679   23.00   33.00  120.00    4.00    0.00  331.00
 5680   23.70   27.70  130.00    3.50    0.00  259.00
 5681   23.60   29.40  130.00    5.00    0.00  176.00
 5682   23.60   27.80  120.00    5.00    0.00   86.00
 5683   23.20   28.80  120.00    5.00    0.00    2.00
 5684   21.10   36.20  150.00    5.50    0.00    0.00
 5685   18.90   44.90  150.00    5.00    0.00    0.00
 5686   16.90   52.30  130.00    6.00    0.00    0.00
 5687   15.20   58.40  140.00    5.50    0.00    0.00
 5688   13.90   63.10  130.00    6.00    0.00    0.00
 5689   12.60   66.60  120.00    3.50    0.00    0.00
 5690   11.60   68.60  120.00    4.00    0.00    0.00
 5691   10.80   70.10  110.00    3.00    0.00    0.00
 5692    9.90   71.40  130.00    4.00    0.00    0.00
 5693    9.00   73.00  120.00    3.50    0.00    0.00
 5694    8.30   74.40  130.00    3.00    0.00    0.00
 5695    8.10   75.10  140.00    3.50   43.04   62.00
 5696   10.00   75.50  150.00    4.00   62.55  143.00
 5697   12.90   73.70  160.00    8.00   67.83  210.00
 5698   15.80   69.40  160.00    8.00   93.62  264.00
 5699   18.60   59.50  160.00    7.00    0.00  162.00
 5700   20.80   49.40  180.00    6.00    0.00  173.00
 5701   22.30   43.00  180.00    6.00  105.74  259.00
 5702   23.30   39.20  180.00    7.50    0.00  163.00
 5703   24.20   36.90  180.00    6.00   96.19  230.00
 5704   25.10   36.40  180.00    5.00   44.81  168.00
 5705   25.60   33.90  200.00    6.00   34.53   92.00
 5706   25.30   33.10  170.00    3.50   73.02   68.00
 5707   24.50   33.70  150.00    2.50    0.00    0.00
 5708   22.90   40.60  160.00    4.00    0.00    0.00
 5709   20.80   51.20  180.00    2.00    0.00    0.00
 5710   18.30   59.40  190.00    3.00    0.00    0.00
 5711   16.90   64.90  200.00    2.50    0.00    0.00
 5712   15.40   67.30  190.00    2.50    0.00    0.00
 5713   15.40   66.10  210.00    2.00    0.00    0.00
 5714   13.70   71.00  190.00    2.00    0.00    0.00
 5715   12.90   73.80  180.00    2.00    0.00    0.00
 5716   12.10   75.50  210.00    2.00    0.00    0.00
 5717   11.20   78.70  160.00    2.50    0.00    0.00
 5718   10.80   79.00  200.00    2.00    0.00    0.00
 5719   10.10   79.90  180.00    1.00  237.17   84.00
 5720   11.90   80.00  190.00    1.50  174.45  111.00
 5721   15.00   77.20  200.00    2.00  411.10  225.00
 5722   18.70   56.70  200.00    4.00  433.07  286.00
 5723   21.30   47.90  200.00    3.00  180.28  279.00
 5724   22.90   41.40  220.00    3.00  267.16  225.00
 5725   23.40   39.50  270.00    4.00  265.51  226.00
 5726   23.80   37.40  270.00    3.00  278.68  206.00
 5727   24.20   36.00  280.00    2.00  544.25  270.00
 5728   25.60   33.80  260.00    3.00  168.89  141.00
 5729   25.30   35.00  260.00    2.00  399.18  166.00
 5730   24.30   37.60  280.00    2.00   41.56   83.00
 5731   24.10   37.20  250.00    1.00    0.00    0.00
 5732   22.60   44.00  230.00    1.00    0.00    0.00
 5733   20.10   53.10  160.00    1.00    0.00    0.00
 5734   18.20   59.50  190.00    0.50    0.00    0.00
 5735   17.10   63.50  180.00    1.00    0.00    0.00
 5736   15.80   67.80    0.00    0.00    0.00    0.00
 5737   14.70   70.40  160.00    1.00    0.00    0.00
 5738   13.80   71.50  270.00    2.00    0.00    0.00
 5739   13.00   72.70  270.00    2.50    0.00    0.00
 5740   12.40   73.60  270.00    2.50    0.00    0.00
 5741   12.00   74.00  150.00    0.50    0.00    0.00
 5742   11.40   74.60  230.00    1.50    0.00    0.00
 5743   11.00   75.40  200.00    1.00  181.10   49.00
 5744   13.00   75.70  260.00    1.00  260.64   99.00
 5745   15.70   68.60  260.00    1.00  286.12  141.00
 5746   18.00   61.30  270.00    1.00  197.82  176.00
 5747   20.20   56.50  260.00    2.00  202.90  202.00
 5748   21.90   48.00  270.00    5.00  305.77  212.00
 5749   23.00   42.60  260.00    4.00  302.22  210.00
 5750   24.10   39.20  240.00    5.00  348.78  186.00
 5751   25.10   35.00  220.00    5.00  185.43  175.00
 5752   25.30   33.10  270.00    4.00  297.93  131.00
 5753   24.00   35.60  270.00    3.00  260.28   87.00
 5754   23.80   36.10  280.00    3.00  106.52   65.00
 5755   23.10   38.00  270.00    2.50    0.00    0.00
 5756   22.00   40.90  260.00    2.00    0.00    0.00
 5757   20.00   45.70  280.00    2.50    0.00    0.00
 5758   18.50   51.40  260.00    3.00    0.00    0.00
 5759   17.30   56.80  250.00    2.00    0.00    0.00
 5760   16.50   60.60  260.00    3.00    0.00    0.00
 5761   15.20   65.80  250.00    4.50    0.00    0.00
 5762   14.00   70.70  260.00    4.00    0.00    0.00
 5763   13.40   74.20  260.00    4.00    0.00    0.00
 5764   13.00   76.80  270.00    6.00    0.00    0.00
 5765   12.90   77.90  250.00    4.00    0.00    0.00
 5766   12.80   79.30  240.00    4.00    0.00    0.00
 5767   12.90   79.60  250.00    5.50    0.00   71.00
 5768   13.50   80.20  240.00    5.50    0.00  158.00
 5769   14.20   80.10  240.00    6.00    0.00  237.00
 5770   15.50   76.60  240.00    6.00    0.00  283.00
 5771   17.50   68.50  240.00    5.00    0.00  326.00
 5772   18.60   63.70  210.00    5.00    0.00  348.00
 5773   20.20   57.60  230.00    6.00    0.00  345.00
 5774   21.00   51.30  200.00    8.00    0.00  195.00
 5775   20.90   49.40  190.00    9.00    0.00  170.00
 5776   19.90   57.00  180.00    6.00    0.00  218.00
 5777   17.80   73.70  180.00    6.00   69.61  165.00
 5778   17.10   79.20  190.00    7.50   43.73   71.00
 5779   16.80   79.70  180.00    4.00    0.00    0.00
 5780   16.20   80.50  190.00    5.00    0.00    0.00
 5781   15.60   83.60  190.00    7.00    0.00    0.00
 5782   15.40   84.60  220.00    4.00    0.00    0.00
 5783   15.40   86.40  220.00    3.00    0.00    0.00
 5784   15.00   91.10  230.00    5.00    0.00    0.00
 5785   15.20   91.80  230.00    4.00    0.00    0.00
 5786   16.20   90.80  230.00    3.50    0.00    0.00
 5787   16.50   89.10  220.00    4.00    0.00    0.00
 5788   16.30   91.10  220.00    4.50    0.00    0.00
 5789   16.20   92.10  210.00    3.50    0.00    0.00
 5790   15.90   93.30  210.00    4.00    0.00    0.00
 5791   15.80   92.60  180.00    6.00    0.00   36.00
 5792   16.00   91.80  190.00    8.00    0.00   80.00
 5793   17.10   88.90  200.00    6.00    0.00  121.00
 5794   18.00   80.90  190.00    7.00    0.00  160.00
 5795   19.90   70.40  190.00    7.00    0.00  185.00
 5796   21.60   59.30  180.00    5.00    0.00  198.00
 5797   21.60   58.80  190.00    7.50    0.00  198.00
 5798   20.20   67.50  180.00    6.00   78.62  245.00
 5799   18.60   80.50  200.00    4.00  328.10  253.00
 5800   18.80   83.20  190.00    4.00  405.38  178.00
 5801   19.00   82.60  190.00    3.50  285.91  136.00
 5802   18.70   81.80  180.00    3.00  224.60   58.00
 5803   18.50   82.50  130.00    1.00    0.00    0.00
 5804   18.30   81.80  120.00    2.00    0.00    0.00
 5805   17.60   83.70   60.00    1.50    0.00    0.00
 5806   17.10   84.40   60.00    1.00    0.00    0.00
 5807   16.70   85.50   90.00    1.50    0.00    0.00
 5808   16.60   86.60   30.00    1.50    0.00    0.00
 5809   16.40   85.70   90.00    3.00    0.00    0.00
 5810   16.10   86.90   90.00    2.50    0.00    0.00
 5811   15.90   87.50  110.00    2.50    0.00    0.00
 5812   15.80   88.30  110.00    1.50    0.00    0.00
 5813   15.80   87.90  120.00    4.00    0.00    0.00
 5814   15.70   88.10  130.00    3.00    0.00    0.00
 5815   15.50   88.20  130.00    3.00    0.00   58.00
 5816   16.00   87.70  160.00    7.50    0.00   70.00
 5817   16.40   88.30  200.00    6.50    0.00  106.00
 5818   16.80   89.80  210.00    6.00    0.00  135.00
 5819   17.90   85.20  220.00    6.00  211.01  249.00
 5820   18.40   80.70  220.00    6.00   60.97  206.00
 5821   18.20   78.90  200.00    6.50  105.14  228.00
 5822   18.50   77.70  200.00    7.00  124.60  210.00
 5823   19.00   77.40  200.00    7.00  363.77  327.00
 5824   18.70   80.80  190.00    7.50  168.49  202.00
 5825   18.10   86.10  180.00    4.00   92.14  142.00
 5826   17.80   88.80  180.00    5.00   50.81   56.00
 5827   17.90   89.00  180.00    4.00    0.00    0.00
 5828   17.90   89.60  200.00    1.00    0.00    0.00
 5829   16.80   85.80  220.00    2.50    0.00    0.00
 5830   16.10   86.50  210.00    2.00    0.00    0.00
 5831   15.90   87.70  240.00    5.50    0.00    0.00
 5832   15.60   87.10  230.00    5.00    0.00    0.00
 5833   15.30   87.30  230.00    5.00    0.00    0.00
 5834   15.10   86.90  240.00    6.00    0.00    0.00
 5835   14.70   86.60  240.00    4.00    0.00    0.00
 5836   14.60   85.30  230.00    4.50    0.00    0.00
 5837   14.50   83.80  180.00    2.00    0.00    0.00
 5838   14.40   82.90  180.00    2.50    0.00    0.00
 5839   14.30   83.20  170.00    1.00  214.94   63.00
 5840   14.60   83.50  130.00    1.00  164.16  139.00
 5841   15.40   80.50  180.00    4.00  187.91  196.00
 5842   16.90   72.50  200.00    3.00  117.89  260.00
 5843   18.10   67.40  200.00    3.50  481.12  169.00
 5844   19.50   62.40  220.00    4.00  608.13  161.00
 5845   20.00   60.50  210.00    6.00  356.89  193.00
 5846   20.00   61.00  210.00    5.00  584.34  153.00
 5847   19.90   61.10  180.00    4.00  773.14  102.00
 5848   20.80   59.60  200.00    4.00  697.82   99.00
 5849   21.10   58.70  180.00    4.00  668.09   57.00
 5850   19.30   70.10  170.00    2.00  166.42   52.00
 5851   18.70   72.60  160.00    2.00    0.00    0.00
 5852   18.30   75.40  150.00    2.00    0.00    0.00
 5853   17.30   80.90  150.00    4.00    0.00    0.00
 5854   16.70   84.00  160.00    3.00    0.00    0.00
 5855   15.80   84.20  160.00    3.00    0.00    0.00
 5856   15.30   86.14  180.00    2.00    0.00    0.00
 5857   14.80   88.96  130.00    1.00    0.00    0.00
 5858   14.60   90.12  140.00    1.00    0.00    0.00
 5859   14.20   86.60  120.00    1.00    0.00    0.00
 5860   13.80   94.91  130.00    1.00    0.00    0.00
 5861   14.00   93.69  150.00    2.50    0.00    0.00
 5862   14.80   88.96  170.00    5.00    0.00    0.00
 5863   16.00   82.36  170.00    6.00    0.00   58.00
 5864   17.20   86.89  160.00    5.00    0.00  119.00
 5865   17.20   86.89  170.00    5.00    0.00  154.00
 5866   18.00   93.88  170.00    5.00    0.00  171.00
 5867   19.20   81.70  190.00    9.00  136.16  248.00
 5868   20.00   64.03  180.00    9.00  208.02  302.00
 5869   20.40   62.46  180.00   10.00  274.95  289.00
 5870   20.00   64.03  180.00    9.00  200.91  282.00
 5871   19.60   70.06  180.00    5.00    0.00  249.00
 5872   18.20   81.58  180.00    5.00    0.00  178.00
 5873   18.00   88.08  180.00    3.00    0.00  112.00
 5874   17.90   88.64  180.00    4.00    0.00   40.00
 5875   17.50   90.91  180.00    6.00    0.00    0.00
 5876   17.30   92.06  180.00    5.00    0.00    0.00
 5877   16.70   95.64  180.00    4.00    0.00    0.00
 5878   16.40   97.48  180.00    5.00    0.00    0.00
 5879   16.10   99.36  180.00    6.00    0.00    0.00
 5880   15.90  100.00  210.00    6.00    0.00    0.00
 5881   15.70  100.00  210.00    6.00    0.00    0.00
 5882   15.60  100.00  210.00    5.00    0.00    0.00
 5883   15.30   98.09  200.00    5.00    0.00    0.00
 5884   13.50  100.00  210.00    4.00    0.00    0.00
 5885   14.80   94.95  120.00    1.50    0.00    0.00
 5886   14.40   97.44  120.00    2.00    0.00    0.00
 5887   14.60   90.12  130.00    1.50    0.00   59.00
 5888   14.40   97.44  190.00    1.50    0.00  137.00
 5889   13.60  100.00    0.00    0.00    0.00  165.00
 5890   13.80  100.00  230.00    1.00    0.00  237.00
 5891   14.40   97.44  230.00    2.00   92.68  262.00
 5892   13.80  100.00  240.00    3.00  192.09  257.00
 5893   15.00   93.74  250.00    3.00  190.10  257.00
 5894   15.80   89.04  250.00    3.00  277.51  217.00
 5895   16.20   86.79  240.00    3.00  269.34  168.00
 5896   16.20   86.79  240.00    3.00  247.01  131.00
 5897   16.20   86.79  210.00    4.00  270.47   86.00
 5898   16.00   87.91  210.00    3.50  111.23   34.00
 5899   14.00   93.69  210.00    2.00    0.00    0.00
 5900   14.00   87.73    0.00    0.00    0.00    0.00
 5901   14.00   87.73    0.00    0.00    0.00    0.00
 5902   13.60   90.04  250.00    4.00    0.00    0.00
 5903   13.40   85.38  250.00    3.00    0.00    0.00
 5904   13.30   85.94  250.00    5.00    0.00    0.00
 5905   13.30   91.82  250.00    4.00    0.00    0.00
 5906   13.10   93.03  250.00    3.00    0.00    0.00
 5907   12.90  100.00  240.00    5.00    0.00    0.00
 5908   13.10   93.03  260.00    3.50    0.00    0.00
 5909   13.00   93.64  250.00    6.00    0.00    0.00
 5910   13.30   85.94  250.00    5.00    0.00    0.00
 5911   13.20   86.50  270.00    4.00  402.12   29.00
 5912   13.40   79.86  270.00    5.00  704.73   56.00
 5913   13.60   84.27  270.00    6.00  820.51   71.00
 5914   13.50   84.82  260.00    7.50  719.50  112.00
 5915   13.80   83.18  260.00    6.50  739.10  125.00
 5916   16.00   77.12  260.00    6.00  616.51  152.00
 5917   16.80   73.29  260.00    4.00  488.87  171.00
 5918   17.60   79.41  250.00    5.00  469.60  160.00
 5919   15.40   80.14  250.00    4.50  450.63  142.00
 5920   15.40   80.14  230.00    3.50  307.28  121.00
 5921   14.80   83.30  210.00    3.00  241.58   83.00
 5922   14.80   83.30  220.00    2.00  182.82   41.00
 5923   13.80   83.18    0.00    0.00    0.00    0.00
 5924   13.40   79.86  190.00    2.00    0.00    0.00
 5925   13.00   81.98  220.00    3.00    0.00    0.00
 5926   13.00   81.98  220.00    4.00    0.00    0.00
 5927   13.00   93.64  220.00    5.00    0.00    0.00
 5928   12.90   94.25  210.00    6.00    0.00    0.00
 5929   12.90   88.21  210.00    6.00    0.00    0.00
 5930   12.60   89.97  210.00    5.00    0.00    0.00
 5931   12.30   91.76  200.00    5.50    0.00    0.00
 5932   12.50   96.76  210.00    4.00    0.00    0.00
 5933   11.90   94.21  200.00    8.00    0.00    0.00
 5934   12.10   92.98  200.00    9.00    0.00    0.00
 5935   12.30   91.76  200.00   10.50    0.00   40.00
 5936   12.50   96.76  210.00    8.00    0.00  130.00
 5937   12.60   96.13  200.00    8.00    0.00  207.00
 5938   12.60   96.13  190.00    8.00    0.00  253.00
 5939   13.80   88.88  200.00    9.00    0.00  302.00
 5940   14.20   86.60  190.00   17.50    0.00  324.00
 5941   13.80   88.88  200.00   12.00    0.00  307.00
 5942   12.20   92.36  200.00   12.00    0.00  226.00
 5943   12.20   92.36  200.00   13.00    0.00  201.00
 5944   12.20   98.69  200.00    8.00    0.00  156.00
 5945   12.40   91.16  200.00    7.00   47.37   81.00
 5946   12.40   91.16  240.00    7.00   81.06   37.00
 5947   12.60   89.97  240.00    9.00    0.00    0.00
 5948   12.40   85.27  240.00    6.00    0.00    0.00
 5949   12.20   86.40  230.00    7.00    0.00    0.00
 5950   12.20   86.40  230.00    7.00    0.00    0.00
 5951   12.20   86.40  240.00    8.50    0.00    0.00
 5952   12.00   87.55  240.00    6.00    0.00    0.00
 5953   11.90   94.21  230.00    6.00    0.00    0.00
 5954   11.80   94.83  220.00    5.00    0.00    0.00
 5955   11.60   96.10  230.00    7.00    0.00    0.00
 5956   11.90   94.21  230.00    6.00    0.00    0.00
 5957   12.10   92.98  230.00    6.00    0.00    0.00
 5958   12.30   91.76  230.00    6.50    0.00    0.00
 5959   13.60   90.04  220.00    8.00    0.00   42.00
 5960   14.20   86.60  230.00    8.00  160.04  107.00
 5961   15.20   81.18  230.00    8.00  569.81  154.00
 5962   15.20   81.18  230.00    8.00  608.05  198.00
 5963   16.20   81.31  220.00    5.00  623.54  228.00
 5964   16.70   78.76  210.00    8.00  305.29  198.00
 5965   16.40   75.18  210.00    8.00  201.57  227.00
 5966   15.20   86.70  220.00    7.50   97.43  234.00
 5967   16.00   87.91  220.00    6.50    0.00  235.00
 5968   15.60   90.19  160.00    7.00    0.00  178.00
 5969   15.40   85.59  150.00    7.00    0.00   73.00
 5970   15.10   87.26  150.00    7.00    0.00   22.00
 5971   14.80  100.00  180.00   12.50    0.00    0.00
 5972   14.60  100.00  190.00   12.50    0.00    0.00
 5973   13.90  100.00  200.00   11.50    0.00    0.00
 5974   13.90  100.00  220.00   11.50    0.00    0.00
 5975   13.80   94.91  230.00   12.50    0.00    0.00
 5976   13.80   94.91  270.00   11.50    0.00    0.00
 5977   12.30   80.25  270.00    8.00    0.00    0.00
 5978   12.30   80.25  270.00   11.00    0.00    0.00
 5979   12.00   81.85  270.00    8.00    0.00    0.00
 5980   11.80   88.71  270.00    8.00    0.00    0.00
 5981   11.80   88.71  280.00    9.00    0.00    0.00
 5982   11.50   90.49  280.00    9.00    0.00    0.00
 5983   11.80   82.94  280.00    7.50  355.32   31.00
 5984   12.20   75.48  280.00    8.00  579.88   69.00
 5985   12.40   74.49  280.00    7.00  553.68  106.00
 5986   13.50   79.34  270.00    7.00  466.79  142.00
 5987   14.00   76.80  280.00    7.00  239.94  184.00
 5988   14.20   70.88  290.00    8.50  243.37  198.00
 5989   15.00   71.99  280.00    7.00  359.20  187.00
 5990   16.20   71.26  280.00    7.50  581.72  146.00
 5991   16.50   65.40  290.00    7.00  442.77  142.00
 5992   15.50   65.18  280.00    7.00  505.91  105.00
 5993   15.10   71.53  260.00    8.00  328.95   75.00
 5994   14.10   71.34  270.00    7.00  185.85   32.00
 5995   12.40   74.49  260.00    6.50    0.00    0.00
 5996   11.90   76.99  260.00    6.50    0.00    0.00
 5997   11.80   82.94  260.00    6.00    0.00    0.00
 5998   11.80   88.71  260.00    6.00    0.00    0.00
 5999   11.70   89.30  270.00    6.00    0.00    0.00
 6000   11.80   88.71  280.00    5.00    0.00    0.00
 6001   11.80   88.71  280.00    6.00    0.00    0.00
 6002   10.50   90.42  280.00    2.00    0.00    0.00
 6003   11.30   85.73  270.00    6.00    0.00    0.00
 6004   10.80   82.81  270.00    6.00    0.00    0.00
 6005   10.80   82.81  270.00    4.00    0.00    0.00
 6006   10.40   79.43  270.00    5.00    0.00    0.00
 6007   11.00   81.72  270.00    5.00  312.48   30.00
 6008   11.00   81.72  270.00    5.00  490.37   69.00
 6009   12.60   84.16  270.00    5.00  445.48  108.00
 6010   12.60   89.97  260.00    5.00  196.50  160.00
 6011   11.80   94.83  280.00    5.00  365.90  169.00
 6012   12.30   85.83  250.00    6.00  370.80  181.00
 6013   15.20   75.98  200.00    5.00  609.10  148.00
 6014   16.20   76.14  270.00    4.00  470.74  156.00
 6015   15.30   70.62  250.00    3.00  337.95  148.00
 6016   14.10   76.31  200.00    4.00  101.25  124.00
 6017   13.00   76.64  200.00    4.00  168.01   78.00
 6018   12.80   77.65  200.00    5.00  138.78   29.00
 6019   11.80   82.94  200.00    4.00    0.00    0.00
 6020   11.40   85.16  270.00    7.00    0.00    0.00
 6021   11.00   93.54  230.00    3.00    0.00    0.00
 6022   11.00   93.54  250.00    5.00    0.00    0.00
 6023   10.80   94.79  250.00    5.00    0.00    0.00
 6024   10.00  100.00  250.00    5.00    0.00    0.00
 6025    9.90   87.95  250.00    4.00    0.00    0.00
 6026    9.90   87.95  250.00    4.00    0.00    0.00
 6027    9.70   89.14  250.00    3.50    0.00    0.00
 6028    9.70   89.14  270.00    4.50    0.00    0.00
 6029    9.80   94.75  270.00    5.00    0.00    0.00
 6030   10.30   91.63  270.00    4.50    0.00    0.00
 6031   10.20   86.20  250.00    4.00  108.37   27.00
 6032   10.60   83.92  270.00    5.00  188.89  104.00
 6033   11.00   81.72  270.00    7.00  223.00  151.00
 6034   11.00   81.72  270.00    6.00  359.50  166.00
 6035   13.00   81.98  260.00    7.00  488.81  155.00
 6036   13.00   76.64  260.00    9.00  495.49  165.00
 6037   13.20   75.65  260.00   11.00  491.15  165.00
 6038   13.20   75.65  260.00    9.00  357.55  169.00
 6039   13.20   75.65  260.00    9.00  226.68  155.00
 6040   13.30   75.15  270.00    9.00  308.39  114.00
 6041   13.20   75.65  270.00   10.00  250.70   74.00
 6042   13.00   76.64  270.00   10.00  169.55   27.00
 6043   12.00   76.48  270.00   10.00    0.00    0.00
 6044   10.80   77.34  270.00    9.50    0.00    0.00
 6045   10.70   77.86  280.00    9.50    0.00    0.00
 6046    9.80   77.18  310.00    5.00    0.00    0.00
 6047    9.70   77.70  290.00    7.00    0.00    0.00
 6048    9.50   78.75  290.00    7.00    0.00    0.00
 6049    9.30   79.82  290.00    7.00    0.00    0.00
 6050    8.80   82.56  290.00    6.50    0.00    0.00
 6051    8.50   84.26  290.00    7.00    0.00    0.00
 6052    7.90   81.87  290.00    5.50    0.00    0.00
 6053    7.70   83.00  290.00    5.50    0.00    0.00
 6054    7.70   83.00  320.00    3.50    0.00    0.00
 6055    7.70   83.00  350.00    1.50  243.31   30.00
 6056    8.50   84.26  340.00    1.50  381.20   73.00
 6057    9.40   73.96  330.00    1.50  347.03  114.00
 6058   11.30   65.14  250.00    3.00  760.48  180.00
 6059   12.10   66.23  270.00    4.00  504.43  152.00
 6060   13.30   65.58  250.00    4.00  253.42  288.00
 6061   12.20   65.79  260.00    3.50  126.48  327.00
 6062   11.10   75.81  210.00    2.50  122.80  258.00
 6063   10.80   77.34  200.00    3.50  110.70  221.00
 6064   10.40   69.16  160.00    4.00  101.92  185.00
 6065    9.80   77.18  150.00    3.50    0.00  100.00
 6066    8.70   89.05  120.00    3.00    0.00   31.00
 6067    8.20   92.13  110.00    3.00    0.00    0.00
 6068    8.20   92.13  120.00    4.00    0.00    0.00
 6069    8.20   98.65  120.00    3.00    0.00    0.00
 6070    8.20   98.65  120.00    3.00    0.00    0.00
 6071    8.00  100.00  120.00    3.00    0.00    0.00
 6072    8.00  100.00  130.00    4.00    0.00    0.00
 6073    7.90  100.00  130.00    4.00    0.00    0.00
 6074    7.80  100.00  130.00    4.00    0.00    0.00
 6075    7.80  100.00  130.00    4.00    0.00    0.00
 6076    7.70  100.00  130.00    4.00    0.00    0.00
 6077    7.70   95.32  280.00    1.50    0.00    0.00
 6078    7.80   94.67  280.00    1.50    0.00    0.00
 6079    8.10   92.76  280.00    1.50   81.68   25.00
 6080   10.30   91.63  280.00    2.00  147.37   73.00
 6081   11.90   76.99  260.00    5.00  182.70  120.00
 6082   13.20   86.50  260.00    7.00  194.32  154.00
 6083   14.70   83.84  270.00    7.50  381.99  269.00
 6084   14.60   84.38  260.00    6.00  101.29  191.00
 6085   15.90   77.62  270.00    7.00  672.56  237.00
 6086   14.70   89.54  250.00    6.50  104.32  243.00
 6087   14.30   86.04  260.00    7.00   99.86  225.00
 6088   14.20   81.05  260.00    7.50   90.92  170.00
 6089   13.90   82.64  280.00    6.00   71.89  109.00
 6090   13.70   89.46  260.00    5.00   61.57   24.00
 6091   12.60   96.13  250.00    4.00    0.00    0.00
 6092   12.40   91.16  250.00    3.50    0.00    0.00
 6093   12.40   91.16  250.00    3.00    0.00    0.00
 6094   12.30   91.76  250.00    3.50    0.00    0.00
 6095   12.00   93.59  200.00    3.00    0.00    0.00
 6096   12.00   93.59  240.00    2.00    0.00    0.00
 6097   11.80   88.71  200.00    4.00    0.00    0.00
 6098   11.80   88.71  130.00    3.00    0.00    0.00
 6099   11.70   89.30   80.00    3.00    0.00    0.00
 6100   11.70   89.30   70.00    2.00    0.00    0.00
 6101   11.60   96.10  260.00    8.00    0.00    0.00
 6102   12.40   97.40  250.00    8.00    0.00    0.00
 6103   12.40   97.40  240.00    6.00   75.99   18.00
 6104   11.50   96.74  210.00    6.00   91.92   72.00
 6105   10.80   94.79  230.00    8.50    0.00   99.00
 6106   10.80  100.00    0.00    8.50    0.00  126.00
 6107    7.30   97.96    0.00   11.50    0.00  150.00
 6108    5.60   95.91    0.00   10.00    0.00  168.00
 6109    5.40   97.25    0.00    9.00    0.00  173.00
 6110    5.20   98.62    0.00    8.00   99.99  181.00
 6111    6.80   94.63  350.00    8.00  111.45  156.00
 6112    7.20   80.07  350.00    5.00  318.31  165.00
 6113    9.20   80.36  330.00    5.00  353.37   87.00
 6114    9.40   79.28  320.00    4.00  222.07   22.00
 6115    8.60   83.69  310.00    5.00    0.00    0.00
 6116    7.50   78.45  320.00    3.50    0.00    0.00
 6117    7.50   78.45  320.00    2.00    0.00    0.00
 6118    7.40   73.60  320.00    3.00    0.00    0.00
 6119    7.40   73.60    0.00    0.00    0.00    0.00
 6120    6.80   82.30    0.00    0.00    0.00    0.00
 6121    6.40   78.83    0.00    0.00    0.00    0.00
 6122    6.20   85.78   70.00    2.00    0.00    0.00
 6123    6.00   86.97   50.00    2.00    0.00    0.00
 6124    5.70   88.80   80.00    2.00    0.00    0.00
 6125    5.00   80.91  150.00    2.00    0.00    0.00
 6126    4.00   80.77   40.00    2.00    0.00    0.00
 6127    3.00   80.62    0.00    0.00  251.18   23.00
 6128    5.60   89.42   30.00    0.50  627.94   48.00
 6129    7.20   80.07   20.00    1.00  808.02   64.00
 6130    9.80   77.18    0.00    2.00  875.56   73.00
 6131   11.00   66.45  340.00    3.00  907.26   80.00
 6132   11.50   64.28  350.00    3.00  916.93   82.00
 6133   12.60   64.09  320.00    4.00  908.24   81.00
 6134   13.40   65.16  290.00    6.00  880.42   99.00
 6135   13.20   70.68  280.00    5.00  829.98   90.00
 6136   12.80   67.76  290.00    4.00  644.66  103.00
 6137   11.80   63.02  290.00    2.50  546.96   74.00
 6138   10.50   78.90  300.00    3.50  233.09   19.00
 6139    8.60   72.79  300.00    2.00    0.00    0.00
 6140    7.50   73.10  270.00    1.50    0.00    0.00
 6141    6.80   82.30  210.00    1.00    0.00    0.00
 6142    6.40   84.60  170.00    1.00    0.00    0.00
 6143    6.80   82.30  170.00    2.00    0.00    0.00
 6144    8.00   81.32  190.00    2.50    0.00    0.00
 6145    6.60   89.50  180.00    1.00    0.00    0.00
 6146    7.60   83.57  180.00    0.50    0.00    0.00
 6147    7.20   85.89  200.00    1.00    0.00    0.00
 6148    6.60   89.50  180.00    1.00    0.00    0.00
 6149    9.80   94.75  250.00    7.00    0.00    0.00
 6150   10.00   93.49  240.00    7.00    0.00    0.00
 6151   10.20   92.25  240.00    7.00    0.00   18.00
 6152   10.40   97.36  240.00   10.00    0.00   78.00
 6153   11.20   98.68  250.00   11.00    0.00  124.00
 6154   12.20   92.36  250.00   11.00    0.00  152.00
 6155   12.50   96.76  250.00   11.00    0.00  172.00
 6156   13.60   96.16  250.00   11.00   74.22  185.00
 6157   14.20   86.60  250.00   14.00  236.83  223.00
 6158   14.00   87.73  250.00   15.00    0.00  158.00
 6159   14.80   88.96  260.00   14.00  288.09  163.00
 6160   14.80   88.96  260.00   14.00  382.27  126.00
 6161   14.80   88.96  270.00   13.00  375.23   69.00
 6162   14.20   81.05  290.00   10.00  142.44   16.00
 6163   12.80   77.65  300.00   10.00    0.00    0.00
 6164   12.20   75.48  300.00   13.50    0.00    0.00
 6165   12.00   71.42  300.00   11.50    0.00    0.00
 6166   11.80   77.50  300.00   11.00    0.00    0.00
 6167   11.80   77.50  300.00   10.00    0.00    0.00
 6168   11.60   78.53  280.00   10.50    0.00    0.00
 6169   10.00   76.15  290.00    5.00    0.00    0.00
 6170   10.00   71.04  290.00    5.00    0.00    0.00
 6171    9.80   72.00  300.00    7.00    0.00    0.00
 6172    9.40   68.96  290.00   10.00    0.00    0.00
 6173    9.30   69.42  290.00    9.00    0.00    0.00
 6174    9.40   68.96  290.00   11.50    0.00    0.00
 6175    9.80   72.00  290.00    9.00  214.15   18.00
 6176   10.20   65.35  290.00   10.00  450.19   63.00
 6177   10.80   67.34  290.00   10.00  533.98   97.00
 6178   11.50   68.91  290.00   10.00  587.64  117.00
 6179   12.00   54.03  290.00   15.00  614.81  136.00
 6180   12.80   55.01  280.00   17.50  621.12  143.00
 6181   13.80   63.48  270.00   17.50  609.72  142.00
 6182   13.80   63.48  270.00   15.00  594.04  133.00
 6183   14.20   61.85  270.00   15.00  448.70  129.00
 6184   13.20   66.01  280.00   12.50  405.16   99.00
 6185   13.20   66.01  290.00   14.50  317.58   62.00
 6186   12.60   78.68  320.00    9.00   66.82   14.00
 6187   10.40   64.48  350.00    6.00    0.00    0.00
 6188   10.00   66.23  330.00    2.00    0.00    0.00
 6189    9.60   72.97  350.00    7.50    0.00    0.00
 6190    9.50   73.46    0.00   11.50    0.00    0.00
 6191    9.40   64.25    0.00    5.00    0.00    0.00
 6192    9.30   64.69    0.00    5.00    0.00    0.00
 6193    6.90   76.17  340.00    5.50    0.00    0.00
 6194    6.30   79.38  340.00    6.00    0.00    0.00
 6195    6.10   80.48  340.00    6.00    0.00    0.00
 6196    5.80   82.17  330.00    5.00    0.00    0.00
 6197    5.50   90.04  340.00    5.00    0.00    0.00
 6198    5.40   78.68  340.00    4.50    0.00    0.00
 6199    6.50   78.29  330.00    7.50  195.45   18.00
 6200    8.40   68.75  330.00    7.50  387.58   74.00
 6201   10.00   66.23  350.00    4.00  574.24   85.00
 6202   10.20   60.89  350.00    8.00  624.04  107.00
 6203   11.20   65.57    0.00    7.00  642.68  120.00
 6204   12.20   61.38    0.00    7.00  521.07  146.00
 6205   12.20   65.79  350.00    4.00  257.92  176.00
 6206   12.20   61.38  350.00   10.00  503.95  137.00
 6207   13.00   58.24  350.00    8.00  356.93  131.00
 6208   12.00   62.19   40.00    2.50  214.45  106.00
 6209   11.70   68.00    0.00    0.00  163.08   63.00
 6210   10.90   66.89   20.00    3.50  123.81   17.00
 6211   10.40   64.48   20.00    3.00    0.00    0.00
 6212    8.50   68.28    0.00    2.00    0.00    0.00
 6213    8.30   69.22   10.00    1.50    0.00    0.00
 6214    7.90   71.13   10.00    1.50    0.00    0.00
 6215    7.40   68.54    0.00    1.00    0.00    0.00
 6216    6.00   75.47    0.00    2.00    0.00    0.00
 6217    5.80   76.53    0.00    2.00    0.00    0.00
 6218    5.70   77.06    0.00    2.00    0.00    0.00
 6219    5.70   77.06    0.00    2.50    0.00    0.00
 6220    5.30   73.74  350.00    2.50    0.00    0.00
 6221    5.00   75.30    0.00    3.00    0.00    0.00
 6222    5.20   74.26   10.00    2.00    0.00    0.00
 6223    5.30   73.74  350.00    1.00  176.75   17.00
 6224    5.50   78.14    0.00    1.00  586.62   46.00
 6225    7.20   74.61    0.00    1.00  784.37   62.00
 6226    7.80   76.86    0.00    2.00  867.32   72.00
 6227    8.20   69.69    0.00    1.00  773.23  100.00
 6228    9.00   70.84    0.00    2.00  781.52  104.00
 6229   10.40   69.16    0.00    2.00  798.34  244.00
 6230   11.00   66.45    0.00    2.00  704.25  242.00
 6231   10.60   68.24    0.00    5.00  666.49  205.00
 6232   12.00   62.19    0.00    5.00  660.73  146.00
 6233   11.80   63.02    0.00    5.00  519.62   86.00
 6234   11.00   57.73  300.00    1.00  216.16   20.00
 6235    8.80   66.91  280.00    1.00    0.00    0.00
 6236    8.00   70.65  120.00    1.00    0.00    0.00
 6237    5.20   79.78   90.00    0.50    0.00    0.00
 6238    4.80   76.36   30.00    0.50    0.00    0.00
 6239    4.60   77.44   50.00    0.50    0.00    0.00
 6240    4.60   89.34   70.00    1.00    0.00    0.00
 6241    4.40   84.37   70.00    1.00    0.00    0.00
 6242    4.20   91.88   60.00    2.00    0.00    0.00
 6243    3.80   94.50   30.00    1.00    0.00    0.00
 6244    3.60   95.84   70.00    2.00    0.00    0.00
 6245    3.00   93.13   30.00    1.00    0.00    0.00
 6246    2.80   94.46   50.00    1.00    0.00    0.00
 6247    3.20   91.82    0.00    0.00   39.29   23.00
 6248    3.60   95.84   30.00    1.00   81.27  103.00
 6249    8.00   87.17  330.00    1.00   96.68  179.00
 6250    9.20   69.89  350.00    1.00  104.25  248.00
 6251   10.00   81.59  240.00    2.00  109.12  291.00
 6252   10.40   74.14  290.00    2.00  110.46  316.00
 6253   13.00   71.62  250.00    2.50  118.95  319.00
 6254   13.40   69.77  250.00    2.00  114.89  294.00
 6255   14.70   68.62  250.00    1.00  109.68  141.00
 6256   14.10   71.34  300.00    1.00  196.79  101.00
 6257   13.80   67.97  300.00    2.00  375.04   53.00
 6258   13.30   70.22  300.00    2.00   90.25    9.00
 6259   12.40   74.49  300.00    1.50    0.00    0.00
 6260   11.20   86.30  290.00    0.50    0.00    0.00
 6261   10.30   91.63  290.00    0.50    0.00    0.00
 6262    8.40   90.88  290.00    1.00    0.00    0.00
 6263    6.90   87.67  300.00    0.50    0.00    0.00
 6264    5.80   88.19  300.00    1.50    0.00    0.00
 6265    5.10   92.59  290.00    1.00    0.00    0.00
 6266    4.70   95.21  300.00    0.50    0.00    0.00
 6267    4.40   90.60  300.00    1.00    0.00    0.00
 6268    4.10   92.53  290.00    1.00    0.00    0.00
 6269    6.10   92.64    0.00    0.00    0.00    0.00
 6270    6.10   99.31    0.00    0.00    0.00    0.00
 6271    4.60  100.00    0.00    0.00   27.91   15.00
 6272    5.30   97.93    0.00    0.00   68.60  107.00
 6273    9.00   93.44    0.00    0.00   82.88  192.00
 6274   11.80   88.71    0.00    0.00  811.65   88.00
 6275   14.70   73.40    0.00    0.00  928.95   53.00
 6276   17.20   71.45  270.00    1.50  952.97   53.00
 6277   18.40   62.00  270.00    1.50  875.18   95.00
 6278   18.00   77.43  270.00    0.50  835.76   89.00
 6279   17.40   75.35  270.00    2.00  788.04   80.00
 6280   17.00   77.28  250.00    1.00  688.86   66.00
 6281   16.50   65.40  260.00    2.50  506.00   47.00
 6282   16.00   63.12  260.00    2.00   64.49    7.00
 6283   13.00   87.64    0.00    0.00    0.00    0.00
 6284   11.20   92.31    0.00    0.00    0.00    0.00
 6285   10.80   94.79    0.00    0.00    0.00    0.00
 6286   10.40   91.02    0.00    0.00    0.00    0.00
 6287   10.30   91.63    0.00    0.00    0.00    0.00
 6288   10.20   92.25    0.00    0.00    0.00    0.00
 6289    9.80   94.75    0.00    0.00    0.00    0.00
 6290    9.20   92.19    0.00    0.00    0.00    0.00
 6291    8.90   87.86    0.00    0.00    0.00    0.00
 6292    7.90  100.00    0.00    0.00    0.00    0.00
 6293    7.90  100.00    0.00    0.00    0.00    0.00
 6294    8.00   93.39    0.00    0.00    0.00    0.00
 6295    8.10   86.58   20.00    2.00  121.93    8.00
 6296    8.40   90.88   30.00    1.00  552.20   47.00
 6297    9.60   89.74   30.00    3.00  739.37   72.00
 6298   10.20   86.20   20.00    3.00  776.90  102.00
 6299   10.60   83.92   30.00    2.00  813.53  115.00
 6300   13.80   72.74   20.00    3.00  821.96  125.00
 6301   15.00   71.99   40.00    2.50  813.93  124.00
 6302   16.80   68.59   60.00    2.00  848.15   93.00
 6303   17.00   72.36   70.00    4.00  790.49   82.00
 6304   17.00   72.36   60.00    3.00  693.41   66.00
 6305   15.90   72.64  190.00    3.50  576.36   33.00
 6306   14.10   76.31   30.00    3.00   34.65    2.00
 6307   12.50   79.20   20.00    2.00    0.00    0.00
 6308   12.00   81.85   20.00    2.00    0.00    0.00
 6309   10.80   82.81   20.00    1.50    0.00    0.00
 6310   10.30   79.96    0.00    0.00    0.00    0.00
 6311    9.60   78.22    0.00    0.00    0.00    0.00
 6312    9.40   84.94   20.00    1.00    0.00    0.00
 6313    9.20   86.09   30.00    1.00    0.00    0.00
 6314    9.00   93.44   20.00    2.00    0.00    0.00
 6315    8.50   96.66   20.00    2.00    0.00    0.00
 6316    6.30   91.37   40.00    1.00    0.00    0.00
 6317    6.00   93.29   20.00    1.00    0.00    0.00
 6318    6.20   92.01    0.00    0.50    0.00    0.00
 6319    7.00   87.07   20.00    1.00   64.31    8.00
 6320    7.90   94.03   30.00    1.00  299.22   72.00
 6321   10.70   83.37   20.00    1.00  358.40  136.00
 6322   13.40   74.66   10.00    1.00  440.44  174.00
 6323   15.20   75.98  340.00    1.50  457.61  204.00
 6324   17.70   69.23   20.00    1.50  555.31  195.00
 6325   18.40   66.25   40.00    2.50  461.77  168.00
 6326   18.70   69.43    0.00    4.00  470.87  147.00
 6327   18.10   63.18   30.00    3.00  446.83  126.00
 6328   17.60   69.67   20.00    3.00  386.86   93.00
 6329   17.00   67.73   20.00    3.00  391.66   44.00
 6330   15.00   71.99   20.00    1.50    0.00    0.00
 6331   13.00   76.64    0.00    0.00    0.00    0.00
 6332   12.60   78.68    0.00    0.00    0.00    0.00
 6333   11.60   84.04    0.00    0.00    0.00    0.00
 6334   11.00   81.72    0.00    0.00    0.00    0.00
 6335   10.60   83.92    0.00    0.00    0.00    0.00
 6336   10.40   79.43    0.00    0.00    0.00    0.00
 6337    9.30   85.52    0.00    0.00    0.00    0.00
 6338    9.00   87.26    0.00    0.00    0.00    0.00
 6339    8.00   87.17    0.00    0.00    0.00    0.00
 6340    7.80   88.37    0.00    0.00    0.00    0.00
 6341    5.80   88.19    0.00    0.00    0.00    0.00
 6342    5.40   90.67   20.00    2.00    0.00    0.00
 6343    5.00   93.23   10.00    2.00   52.22    5.00
 6344    7.20   92.07   20.00    1.50  169.59   55.00
 6345    9.60   96.04   30.00    1.50  396.75  110.00
 6346   10.80   88.63   20.00    2.00  470.67  144.00
 6347   13.00   81.98   30.00    2.00  595.83  173.00
 6348   14.80   83.30   30.00    2.00  669.25  159.00
 6349   16.40   70.36   20.00    2.00  683.47  140.00
 6350   16.60   69.47  350.00    2.00  378.67  153.00
 6351   15.20   75.98    0.00    2.00  622.34  112.00
 6352   16.00   72.18    0.00    2.00  465.68   89.00
 6353   15.90   72.64    0.00    2.00  272.88   48.00
 6354   14.00   71.80    0.00    3.50    0.00    0.00
 6355   11.90   76.99    0.00    1.50    0.00    0.00
 6356   11.00   76.32    0.00    1.50    0.00    0.00
 6357   10.00   81.59    0.00    1.50    0.00    0.00
 6358    9.20   86.09    0.00    1.00    0.00    0.00
 6359    8.70   89.05    0.00    1.00    0.00    0.00
 6360    8.40   84.83    0.00    1.00    0.00    0.00
 6361    6.90  100.00    0.00    0.00    0.00    0.00
 6362    6.50  100.00    0.00    0.00    0.00    0.00
 6363    6.20   98.63    0.00    0.00    0.00    0.00
 6364    6.00  100.00    0.00    0.00    0.00    0.00
 6365    5.80  100.00    0.00    0.00    0.00    0.00
 6366    7.00   93.34    0.00    0.00    0.00    0.00
 6367    7.30   91.44    0.00    0.00    0.00    0.00
 6368    8.00   93.39    0.00    0.00  354.16   52.00
 6369   10.20   86.20    0.00    0.00  548.03   92.00
 6370   13.00   71.62    0.00    0.00  612.96  123.00
 6371   15.00   62.89   30.00    1.00  783.57  104.00
 6372   15.20   62.09   30.00    1.00  754.70   99.00
 6373   15.40   57.24  240.00    2.00  629.55  119.00
 6374   16.00   63.12  240.00    5.00  607.55  110.00
 6375   15.20   66.45  100.00    4.00  569.34   95.00
 6376   14.00   71.80  100.00    4.00  497.42   73.00
 6377   13.60   78.83  120.00    3.00  478.53   34.00
 6378   13.00   71.62  130.00    2.00    0.00    0.00
 6379   11.40   74.32    0.00    0.00    0.00    0.00
 6380    9.90   82.13    0.00    0.00    0.00    0.00
 6381    9.20   80.36  350.00    1.00    0.00    0.00
 6382    9.00   87.26  350.00    1.00    0.00    0.00
 6383    8.60   83.69  290.00    0.50    0.00    0.00
 6384    7.80   88.37  290.00    1.00    0.00    0.00
 6385    6.70   88.89  280.00    1.00    0.00    0.00
 6386    6.30   91.37  300.00    1.00    0.00    0.00
 6387    5.80   94.59  280.00    1.00    0.00    0.00
 6388    5.60   95.91  250.00    1.00    0.00    0.00
 6389    5.30   91.30  260.00    1.00    0.00    0.00
 6390    5.00  100.00  270.00    1.00    0.00    0.00
 6391    5.00  100.00  270.00    0.50    0.00    0.00
 6392    5.80   94.59  240.00    0.50  285.93   69.00
 6393    7.00   93.34    0.00    0.00  484.27  117.00
 6394    7.60   95.97    0.00    0.00  603.84  142.00
 6395   13.10   71.15   50.00    1.00  678.22  130.00
 6396   15.10   62.49   60.00    1.50  692.62  138.00
 6397   15.20   62.09   60.00    2.00  711.59  113.00
 6398   15.80   55.79   80.00    2.00  579.90  121.00
 6399   16.10   54.73   90.00    2.00  544.09  104.00
 6400   15.20   62.09  100.00    1.50  569.11   71.00
 6401   14.10   66.66   90.00    1.50  380.55   43.00
 6402   11.90   76.99  120.00    1.00    0.00    0.00
 6403   11.90   76.99  120.00    1.00    0.00    0.00
 6404   10.10   81.04  120.00    0.50    0.00    0.00
 6405    9.70   83.24  130.00    0.50    0.00    0.00
 6406    9.80   82.69  240.00    0.50    0.00    0.00
 6407    9.80   88.54  270.00    0.50    0.00    0.00
 6408   10.20   86.20  290.00    2.00    0.00    0.00
 6409   10.20   86.20  300.00    3.00    0.00    0.00
 6410   10.00   93.49  320.00    3.00    0.00    0.00
 6411    9.90   94.12  320.00    2.50    0.00    0.00
 6412    9.80   94.75  320.00    2.50    0.00    0.00
 6413    9.70   95.39  320.00    3.00    0.00    0.00
 6414    9.60   96.04  320.00    3.00    0.00    0.00
 6415    9.40   90.95   20.00    2.50    0.00    0.00
 6416    9.30   85.52  270.00    2.00  115.47   70.00
 6417   10.80   77.34  300.00    5.00  374.03  123.00
 6418   11.70   78.01  320.00    5.00  810.45   81.00
 6419   13.50   79.34  310.00    2.50  905.44   52.00
 6420   14.90   63.30  320.00    3.00  931.43   54.00
 6421   14.90   63.30  320.00    3.00  932.53   54.00
 6422   15.40   61.29  320.00    3.00  847.50   73.00
 6423   16.30   54.04  340.00    3.50  799.47   67.00
 6424   15.40   61.29  330.00    3.00  693.19   54.00
 6425   14.30   61.45  330.00    3.50  486.13   34.00
 6426   13.10   66.45   20.00    1.00    0.00    0.00
 6427   12.20   75.48   20.00    0.50    0.00    0.00
 6428    9.90   76.66    0.00    0.00    0.00    0.00
 6429    9.60   78.22    0.00    0.00    0.00    0.00
 6430    8.40   84.83    0.00    0.00    0.00    0.00
 6431    8.10   86.58  310.00    2.00    0.00    0.00
 6432    7.20   85.89  310.00    2.00    0.00    0.00
 6433    7.00   87.07  300.00    2.00    0.00    0.00
 6434    6.90   87.67  290.00    2.00    0.00    0.00
 6435    6.70  100.00  270.00    1.50    0.00    0.00
 6436    6.40   97.27  270.00    1.00    0.00    0.00
 6437    5.20   91.94  270.00    1.50    0.00    0.00
 6438    5.00   93.23  270.00    1.50    0.00    0.00
 6439    4.20   91.88  270.00    4.00    0.00    0.00
 6440    6.00   86.97  100.00    4.50  473.37   43.00
 6441    7.20   92.07  150.00    5.00  668.39   76.00
 6442   10.20   80.50  140.00    3.00  752.41   97.00
 6443   12.60   73.52  150.00    3.00  823.66  100.00
 6444   13.60   73.70  150.00    4.00  719.23  105.00
 6445   13.60   73.70  120.00    4.00  598.58  121.00
 6446   15.40   70.16  160.00    3.00  576.33  113.00
 6447   14.80   68.18  190.00    2.00  541.76   97.00
 6448   14.40   65.38  170.00    2.00  473.53   73.00
 6449   14.30   70.42  180.00    3.00  313.81   36.00
 6450   13.20   70.68  180.00    2.00    0.00    0.00
 6451   10.80   82.81  240.00    1.00    0.00    0.00
 6452   10.00   81.59  270.00    1.00    0.00    0.00
 6453    9.20   86.09  270.00    2.00    0.00    0.00
 6454    8.40   84.83  240.00    3.00    0.00    0.00
 6455    7.60   89.58  270.00    3.00    0.00    0.00
 6456    7.00   87.07  270.00    3.00    0.00    0.00
 6457    6.40   84.60  240.00    3.00    0.00    0.00
 6458    5.60   95.91  250.00    3.00    0.00    0.00
 6459    5.40   90.67  240.00    2.50    0.00    0.00
 6460    4.50   96.55  160.00    2.50    0.00    0.00
 6461    4.30   97.91  120.00    2.50    0.00    0.00
 6462    3.60   95.84  140.00    2.50    0.00    0.00
 6463    3.80   94.50  130.00    3.00    0.00    0.00
 6464    4.80   94.55  130.00    3.00  331.47   55.00
 6465    7.80   88.37  130.00    4.00  532.82   95.00
 6466   10.20   80.50  160.00    4.00  622.14  123.00
 6467   11.40   74.32  160.00    4.00  470.01  144.00
 6468   13.60   73.70  160.00    4.50  422.09  181.00
 6469   14.20   61.85  180.00    5.00  425.07  182.00
 6470   11.60   84.04  160.00    6.00    0.00  198.00
 6471   12.30   74.98  180.00    6.00   87.52  164.00
 6472   12.80   77.65  190.00    5.00   75.57  110.00
 6473   12.40   74.49  180.00    4.00   52.38   48.00
 6474   10.00   81.59  160.00    3.00    0.00    0.00
 6475    9.60   83.81  140.00    3.00    0.00    0.00
 6476    9.40   79.28  140.00    4.00    0.00    0.00
 6477    8.40   79.13  130.00    3.00    0.00    0.00
 6478    8.00   81.32  130.00    3.00    0.00    0.00
 6479    7.00   81.18  140.00    4.50    0.00    0.00
 6480    6.80   82.30  130.00    3.00    0.00    0.00
 6481    6.80   82.30  130.00    4.00    0.00    0.00
 6482    5.60   89.42  130.00    4.50    0.00    0.00
 6483    5.00   80.91  130.00    5.50    0.00    0.00
 6484    5.80   82.17  140.00    6.00    0.00    0.00
 6485    6.00   86.97  140.00    6.00    0.00    0.00
 6486    6.20   85.78  130.00    5.00    0.00    0.00
 6487    5.80   88.19  130.00    5.00    0.00    0.00
 6488    6.20   85.78  130.00    6.00   57.05   69.00
 6489    8.20   74.79  140.00    7.00  151.06  145.00
 6490    9.40   73.96  160.00    9.00  172.42  209.00
 6491   10.40   69.16  160.00   11.00  183.27  255.00
 6492   10.20   75.14  160.00   11.00    0.00  309.00
 6493   10.20   75.14  150.00   10.00    0.00  309.00
 6494   11.20   75.31  150.00    6.00    0.00  270.00
 6495   11.40   74.32  150.00   11.00    0.00  219.00
 6496   11.40   74.32  150.00   11.00    0.00  147.00
 6497   11.20   75.31  150.00    9.00    0.00   63.00
 6498   11.20   80.64  150.00   10.00    0.00    0.00
 6499    9.20   92.19  150.00   10.00    0.00    0.00
 6500    9.00   93.44  150.00   12.00    0.00    0.00
 6501    8.30   91.50  140.00   11.00    0.00    0.00
 6502    7.90   94.03  140.00   12.00    0.00    0.00
 6503    7.50   96.63  150.00   11.00    0.00    0.00
 6504    6.90   93.98  150.00   10.00    0.00    0.00
 6505    6.70   95.28  170.00    9.00    0.00    0.00
 6506    6.00   86.97  180.00    9.00    0.00    0.00
 6507    5.40   90.67  180.00   10.00    0.00    0.00
 6508    5.90   93.93  190.00    9.50    0.00    0.00
 6509    6.60   95.94  210.00    6.00    0.00    0.00
 6510    7.80   94.67  210.00    6.00    0.00    0.00
 6511   10.20   92.25  210.00    7.00    0.00    0.00
 6512    9.20   92.19  240.00   10.00   32.77   32.00
 6513    9.80   88.54  230.00    9.00  146.71  106.00
 6514    9.30   91.57  250.00    9.00  336.54  121.00
 6515   10.80   82.81  260.00   13.00  371.32  143.00
 6516   10.70   83.37  260.00   12.00  284.24  159.00
 6517   11.00   76.32  260.00   12.00  381.78  156.00
 6518   11.20   75.31  260.00   14.00  463.75  140.00
 6519   11.30   74.81  260.00   14.00  431.46  117.00
 6520   11.40   74.32  260.00   10.00  298.65   83.00
 6521   10.80   82.81  240.00    9.00  138.68   36.00
 6522   10.00   93.49  250.00    9.50    0.00    0.00
 6523   10.60   83.92  250.00    9.00    0.00    0.00
 6524   10.80   82.81  250.00    9.00    0.00    0.00
 6525   10.60   83.92  230.00    7.00    0.00    0.00
 6526    9.80   94.75  210.00    6.00    0.00    0.00
 6527    9.60   89.74  210.00    7.00    0.00    0.00
 6528    9.60   96.04  210.00    7.00    0.00    0.00
 6529    9.60   96.04  210.00    8.00    0.00    0.00
 6530   10.20   98.67  210.00    9.00    0.00    0.00
 6531   10.00  100.00  210.00   10.00    0.00    0.00
 6532   10.00  100.00  210.00   12.00    0.00    0.00
 6533   10.20   98.67  240.00    9.00    0.00    0.00
 6534   12.00  100.00  250.00   10.00    0.00    0.00
 6535   12.20   92.36  250.00   10.00    0.00    0.00
 6536   12.20   92.36  250.00    9.50    0.00   23.00
 6537   12.00   93.59  250.00    9.00    0.00   63.00
 6538   12.40   91.16  250.00    7.00    0.00   98.00
 6539   13.00   93.64  250.00    7.00    0.00  122.00
 6540   13.00   93.64  250.00   10.00    0.00  135.00
 6541   12.00   93.59  240.00   11.00    0.00  135.00
 6542   12.40   91.16  240.00   11.00  146.17  146.00
 6543   13.00   87.64  250.00    9.00  149.06  116.00
 6544   12.80   88.79  250.00   12.00  125.31   77.00
 6545   12.20   86.40  250.00   12.00   39.45   28.00
 6546   12.00   87.55  250.00   13.00    0.00    0.00
 6547   10.80   88.63  250.00   14.00    0.00    0.00
 6548   10.60   89.81  250.00   12.00    0.00    0.00
 6549   10.60   83.92  250.00   12.50    0.00    0.00
 6550   10.40   79.43  240.00    7.00    0.00    0.00
 6551   10.40   79.43  210.00    6.00    0.00    0.00
 6552   10.00   87.36  180.00    4.00    0.00    0.00
 6553   10.00   93.49  130.00    3.00    0.00    0.00
 6554    9.80  100.00  120.00    3.00    0.00    0.00
 6555    9.80  100.00   90.00    2.00    0.00    0.00
 6556    9.00  100.00  110.00    1.00    0.00    0.00
 6557    8.60  100.00  200.00    7.00    0.00    0.00
 6558    8.60  100.00  250.00   14.00    0.00    0.00
 6559    8.40   90.88  250.00   14.00    0.00    0.00
 6560    8.60  100.00  250.00   12.50   35.15   29.00
 6561    8.80   94.71  250.00   16.00   53.46   74.00
 6562    8.20   85.99  260.00   12.00    0.00  105.00
 6563    8.20   92.13  280.00    7.00    0.00  230.00
 6564    7.00   93.34  270.00    8.00    0.00  238.00
 6565    7.40   90.81  270.00    8.00    0.00  220.00
 6566    7.40   84.72  270.00    9.00    0.00  200.00
 6567    7.80   88.37  270.00    8.50    0.00  174.00
 6568    7.60   89.58  280.00    8.50    0.00  115.00
 6569    8.20   92.13  300.00    8.00    0.00   45.00
 6570    8.00  100.00  320.00    8.50    0.00    0.00
 6571    6.10   86.38  330.00    6.50    0.00    0.00
 6572    5.60   89.42  330.00    6.00    0.00    0.00
 6573    5.30   91.30  340.00    6.00    0.00    0.00
 6574    4.90   93.89  330.00    7.50    0.00    0.00
 6575    4.60   95.88  330.00    7.00    0.00    0.00
 6576    4.50  100.00  330.00    4.00    0.00    0.00
 6577    4.60  100.00  330.00    4.00    0.00    0.00
 6578    4.30   97.91  330.00    3.50    0.00    0.00
 6579    4.10   99.30  330.00    6.00    0.00    0.00
 6580    4.30   91.24  330.00    5.00    0.00    0.00
 6581    4.50  100.00  330.00    4.00    0.00    0.00
 6582    4.70  100.00  330.00    4.00    0.00    0.00
 6583    4.60   95.88  350.00    2.00    0.00    0.00
 6584    4.40   90.60  350.00    3.00   51.07   53.00
 6585    5.20   91.94  350.00    2.50   77.98  128.00
 6586    7.20   85.89    0.00    5.00  391.93  132.00
 6587    8.20   80.22    0.00    3.50  313.47  135.00
 6588    8.60   78.07    0.00    3.00  321.41  148.00
 6589    8.00   81.32    0.00    5.00  321.21  148.00
 6590    8.20   85.99    0.00    3.00  310.50  135.00
 6591    8.80   71.81   20.00    3.00  390.47  109.00
 6592    8.80   71.81    0.00    3.00  336.96   76.00
 6593    8.40   73.78   20.00    3.00  222.96   33.00
 6594    7.80   76.86    0.00    1.00    0.00    0.00
 6595    5.80   88.19    0.00    0.00    0.00    0.00
 6596    5.00   80.91    0.00    0.00    0.00    0.00
 6597    4.80   82.04   90.00    0.50    0.00    0.00
 6598    3.40   84.26    0.00    0.00    0.00    0.00
 6599    3.00   86.68  120.00    1.00    0.00    0.00
 6600    3.80   88.01  150.00    1.00    0.00    0.00
 6601    3.40   90.53  110.00    1.00    0.00    0.00
 6602    3.20   85.46  120.00    1.00    0.00    0.00
 6603    3.00   93.13  110.00    1.00    0.00    0.00
 6604    3.00   93.13  150.00    1.00    0.00    0.00
 6605    3.20   91.82  140.00    1.00    0.00    0.00
 6606    3.30   91.17  150.00    1.50    0.00    0.00
 6607    3.70   95.17  130.00    1.00    0.00    0.00
 6608    4.20   91.88  130.00    2.50  166.83   41.00
 6609    7.10   86.48  130.00    4.00  155.33   75.00
 6610    8.40   84.83  140.00    5.00  177.63  112.00
 6611    8.80   88.45  150.00    5.00   95.58  136.00
 6612   10.60   83.92  190.00    6.00  211.24  147.00
 6613   11.20   80.64  240.00    5.00  211.19  147.00
 6614   10.00   81.59  250.00    5.00  308.05  132.00
 6615   10.40   79.43  260.00    6.00  383.40  104.00
 6616   10.40   79.43  270.00    6.00  405.29   70.00
 6617    9.80   82.69  270.00    4.00  241.40   29.00
 6618    8.80   82.56  260.00    3.00    0.00    0.00
 6619    7.00   87.07  320.00    3.00    0.00    0.00
 6620    5.20   91.94  320.00    1.00    0.00    0.00
 6621    4.80   94.55  240.00    0.50    0.00    0.00
 6622    4.20   91.88    0.00    0.00    0.00    0.00
 6623    3.80   94.50    0.00    0.00    0.00    0.00
 6624    4.20   91.88    0.00    0.00    0.00    0.00
 6625    4.50   96.55    0.00    0.00    0.00    0.00
 6626    4.50   96.55    0.00    0.00    0.00    0.00
 6627    4.30   91.24    0.00    0.00    0.00    0.00
 6628    4.30   91.24    0.00    0.00    0.00    0.00
 6629    4.00   93.18    0.00    0.00    0.00    0.00
 6630    4.00   93.18  110.00    1.50    0.00    0.00
 6631    4.40   90.60  110.00    4.00    0.00    0.00
 6632    4.90   93.89  110.00    3.50    0.00   34.00
 6633    5.80   94.59  110.00    3.00    0.00   84.00
 6634    6.00   93.29  120.00    3.00    0.00  122.00
 6635    6.40   97.27  110.00    3.00    0.00  152.00
 6636    6.00  100.00  110.00    3.00    0.00  203.00
 6637    6.20   98.63  120.00    5.00    0.00  203.00
 6638    6.80  100.00  120.00    7.00    0.00  179.00
 6639    6.80  100.00  120.00    9.00    0.00  145.00
 6640    6.60  100.00  120.00    8.00    0.00   92.00
 6641    6.50  100.00  120.00    8.00    0.00   20.00
 6642    6.50  100.00  120.00    8.00    0.00    0.00
 6643    6.50  100.00  120.00    7.00    0.00    0.00
 6644    6.60  100.00  110.00    6.00    0.00    0.00
 6645    6.60  100.00  110.00    5.50    0.00    0.00
 6646    6.50  100.00  110.00    5.00    0.00    0.00
 6647    8.00   93.39  180.00    9.00    0.00    0.00
 6648    9.00   93.44  180.00    8.50    0.00    0.00
 6649    8.60   96.01  240.00   10.00    0.00    0.00
 6650    8.40   90.88  250.00    9.00    0.00    0.00
 6651    7.80   94.67  250.00    8.00    0.00    0.00
 6652    7.60  100.00  270.00    9.00    0.00    0.00
 6653    9.20   92.19  240.00    7.00    0.00    0.00
 6654   10.40   91.02  250.00    5.00    0.00    0.00
 6655    9.40   90.95  250.00    4.00    0.00    0.00
 6656    9.40   90.95  250.00    3.00    0.00   26.00
 6657   10.00   93.49  240.00    4.00    0.00   61.00
 6658   10.50   96.71  240.00    3.50    0.00   98.00
 6659   10.80   94.79  220.00    5.00    0.00  117.00
 6660   10.60   96.07  230.00    5.00   72.32  142.00
 6661   10.40   97.36  230.00    5.00  269.12  148.00
 6662   10.40   97.36  230.00    4.00   83.73  129.00
 6663   10.60   96.07  230.00    4.00   83.18  102.00
 6664   10.40   91.02  220.00    4.00   67.03   65.00
 6665   10.30   91.63  260.00    5.00   66.83   22.00
 6666    9.20   92.19  250.00    5.00    0.00    0.00
 6667    9.20   92.19  250.00    5.00    0.00    0.00
 6668    8.80   94.71  250.00    5.00    0.00    0.00
 6669    8.70   95.36  250.00    5.00    0.00    0.00
 6670    8.70   95.36  230.00    4.00    0.00    0.00
 6671    8.60   96.01  220.00    4.00    0.00    0.00
 6672    8.30   91.50  220.00    4.00    0.00    0.00
 6673    8.40   90.88  210.00    3.00    0.00    0.00
 6674    8.40   90.88  210.00    3.00    0.00    0.00
 6675    8.20   92.13  210.00    3.00    0.00    0.00
 6676    8.00   93.39  210.00    3.00    0.00    0.00
 6677    7.60   77.91   40.00    2.00    0.00    0.00
 6678    7.40   97.30  150.00    1.00    0.00    0.00
 6679    7.30   97.96  150.00    1.00    0.00    0.00
 6680    7.70   95.32  150.00    1.00  163.33   25.00
 6681   10.00   93.49  180.00    2.00  195.85   77.00
 6682   10.80   94.79  180.00    4.50  183.61  114.00
 6683   11.70   89.30  210.00    4.00  241.87  136.00
 6684   12.60   89.97  190.00    3.00  329.94  151.00
 6685   12.60   89.97  200.00    3.00  529.80  187.00
 6686   13.10   87.07  210.00    3.00  247.64  134.00
 6687   13.30   80.39  200.00    2.00  305.86  109.00
 6688   13.50   79.34  210.00    1.00  314.29   70.00
 6689   12.00   81.85  230.00    1.00   97.07   20.00
 6690   11.60   78.53    0.00    0.00    0.00    0.00
 6691   10.40   79.43    0.00    0.00    0.00    0.00
 6692    9.20   92.19    0.00    0.00    0.00    0.00
 6693    8.40   90.88    0.00    0.00    0.00    0.00
 6694    8.20   92.13   30.00    1.00    0.00    0.00
 6695    8.00   93.39    0.00    0.00    0.00    0.00
 6696    8.00  100.00    0.00    0.00    0.00    0.00
 6697    7.00   93.34   40.00    1.50    0.00    0.00
 6698    7.00   87.07   40.00    2.50    0.00    0.00
 6699    5.50   96.58   40.00    2.00    0.00    0.00
 6700    5.30   91.30   40.00    2.50    0.00    0.00
 6701    5.20   91.94   40.00    2.00    0.00    0.00
 6702    5.00   93.23   40.00    2.00    0.00    0.00
 6703    5.20   91.94   40.00    2.00    0.00    0.00
 6704    5.00   93.23   40.00    3.00    0.00   37.00
 6705    5.00   93.23   40.00    3.00    0.00  121.00
 6706    5.20   91.94   40.00    3.00    0.00  193.00
 6707    5.00  100.00   40.00    3.00    0.00  237.00
 6708    5.00   93.23   40.00    3.00    0.00  218.00
 6709    5.40   97.25   40.00    5.00    0.00  235.00
 6710    5.50   96.58   40.00    6.00    0.00  195.00
 6711    5.60   95.91   50.00    5.00    0.00  109.00
 6712    5.60  100.00   50.00    4.00    0.00   68.00
 6713    5.50   96.58   40.00    3.50    0.00   22.00
 6714    5.50   96.58   40.00    3.50    0.00    0.00
 6715    6.00   93.29   40.00    3.50    0.00    0.00
 6716    6.00   93.29   40.00    3.50    0.00    0.00
 6717    6.00   93.29   40.00    3.50    0.00    0.00
 6718    6.00   93.29   70.00    4.50    0.00    0.00
 6719    6.00   93.29   70.00    4.50    0.00    0.00
 6720    6.00   93.29   70.00    4.50    0.00    0.00
 6721    5.90   93.93   70.00    4.00    0.00    0.00
 6722    5.90   93.93   70.00    4.00    0.00    0.00
 6723    5.80   94.59   70.00    4.00    0.00    0.00
 6724    6.00   93.29   70.00    5.00    0.00    0.00
 6725    6.30   91.37   70.00    5.00    0.00    0.00
 6726    6.30   91.37   70.00    5.00    0.00    0.00
 6727    7.80   94.67   70.00    5.00    0.00    0.00
 6728    8.20   92.13   70.00    6.00    0.00   14.00
 6729    9.40   90.95   70.00    6.00    0.00   55.00
 6730    9.40   90.95   90.00    7.00    0.00   91.00
 6731   13.20   86.50   90.00    7.00   82.18  121.00
 6732   13.20   86.50   90.00    8.50  169.63  140.00
 6733   13.20   80.91   90.00    9.00   89.69  258.00
 6734   13.10   81.44   90.00    7.00  170.46  218.00
 6735   12.80   83.06   90.00    6.00   78.75   95.00
 6736   12.80   83.06   90.00    4.00    0.00   81.00
 6737   11.00   81.72   90.00    4.00   59.58   16.00
 6738   10.20   86.20   90.00    4.00    0.00    0.00
 6739   10.20   86.20   90.00    5.00    0.00    0.00
 6740    9.20   86.09   90.00    5.00    0.00    0.00
 6741    9.20   86.09   90.00    8.00    0.00    0.00
 6742    9.20   86.09   90.00    7.00    0.00    0.00
 6743    9.10   86.68   90.00    7.00    0.00    0.00
 6744    9.60   96.04   90.00    7.00    0.00    0.00
 6745   10.10   92.87  110.00    6.00    0.00    0.00
 6746   10.30   91.63  120.00    5.00    0.00    0.00
 6747   10.60   96.07   90.00    4.00    0.00    0.00
 6748   10.70   95.43   90.00    5.00    0.00    0.00
 6749   10.80   94.79   90.00    5.00    0.00    0.00
 6750   10.80   94.79  100.00    4.00    0.00    0.00
 6751   10.40   97.36  110.00    4.00    0.00    0.00
 6752   10.70  100.00  120.00    4.00    0.00    7.00
 6753   11.00  100.00  130.00    4.50    0.00   45.00
 6754   11.40   91.09  120.00    5.00    0.00   78.00
 6755   11.50   90.49  130.00    4.00    0.00  102.00
 6756   11.80   94.83  130.00    4.00    0.00  113.00
 6757   11.80  100.00  130.00    3.50    0.00  112.00
 6758   13.00   93.64  130.00    3.50    0.00  100.00
 6759   13.30   91.82  140.00    3.50    0.00   75.00
 6760   13.20   86.50  130.00    3.00    0.00   44.00
 6761   13.00   87.64  110.00    3.00    0.00    7.00
 6762   12.60   89.97  130.00    1.00    0.00    0.00
 6763   12.80  100.00  120.00    1.00    0.00    0.00
 6764   12.40   97.40  120.00    1.00    0.00    0.00
 6765   11.80   94.83  120.00    1.00    0.00    0.00
 6766   11.40   97.38  150.00    3.50    0.00    0.00
 6767   11.20   98.68  150.00    4.00    0.00    0.00
 6768   11.00  100.00  150.00    4.00    0.00    0.00
 6769   10.80   94.79  150.00    4.00    0.00    0.00
 6770   10.40   97.36  160.00    3.50    0.00    0.00
 6771   10.10   99.33  160.00    3.50    0.00    0.00
 6772   12.40   97.40  180.00    4.00    0.00    0.00
 6773   12.20   98.69  160.00    3.00    0.00    0.00
 6774   12.00  100.00  160.00    2.50    0.00    0.00
 6775   12.00  100.00  150.00    3.00    0.00    0.00
 6776   12.00  100.00  150.00    1.50    0.00    4.00
 6777   12.40   97.40  160.00    2.00    0.00   37.00
 6778   12.80  100.00  150.00    3.00    0.00   68.00
 6779   13.40   97.42  150.00    3.00    0.00   92.00
 6780   13.00  100.00  190.00    3.00    0.00  103.00
 6781   13.60   96.16  180.00    3.00    0.00  105.00
 6782   14.00   93.69  180.00    3.00    0.00   97.00
 6783   14.40   85.48  180.00    3.00    0.00   75.00
 6784   13.80   94.91  180.00    5.00    0.00   41.00
 6785   13.60   96.16  180.00    3.00    0.00    4.00
 6786   12.50  100.00  160.00    1.50    0.00    0.00
 6787   12.40   97.40  160.00    1.00    0.00    0.00
 6788   11.90  100.00  170.00    1.00    0.00    0.00
 6789   11.70   95.46  150.00    2.50    0.00    0.00
 6790   11.30   98.03  140.00    1.50    0.00    0.00
 6791   11.30   98.03  140.00    1.50    0.00    0.00
 6792   11.50  100.00  180.00    2.00    0.00    0.00
 6793   11.40   97.38  190.00    2.00    0.00    0.00
 6794   11.10   99.34  220.00    4.00    0.00    0.00
 6795   10.10   99.33  190.00    3.00    0.00    0.00
 6796   10.10   99.33  190.00    3.00    0.00    0.00
 6797   10.10   99.33  210.00    5.00    0.00    0.00
 6798   10.10   99.33  230.00    3.00    0.00    0.00
 6799   10.30   98.01  220.00    3.50    0.00    0.00
 6800   10.50  100.00  220.00    3.00    0.00    4.00
 6801   11.00  100.00  220.00    6.00    0.00   38.00
 6802   11.00  100.00  230.00    3.00    0.00   79.00
 6803   11.60   96.10  240.00    3.00    0.00  107.00
 6804   13.00   87.64  250.00    5.00  415.71  136.00
 6805   12.50   90.56  260.00    6.00  434.21  131.00
 6806   13.00   87.64  270.00    6.50  521.03  137.00
 6807   13.00   87.64  270.00    6.00  498.97  112.00
 6808   11.20   86.30  280.00    4.00  259.19   77.00
 6809   11.20   86.30  210.00    4.00   72.65   12.00
 6810   10.40   91.02  250.00    3.00    0.00    0.00
 6811    8.60   96.01  250.00    1.00    0.00    0.00
 6812    7.80   94.67  120.00    1.00    0.00    0.00
 6813    8.00   93.39  180.00    1.50    0.00    0.00
 6814    7.80   94.67  190.00    1.00    0.00    0.00
 6815    7.80  100.00  200.00    1.50    0.00    0.00
 6816    7.60  100.00  180.00    1.00    0.00    0.00
 6817    7.60  100.00  210.00    1.00    0.00    0.00
 6818    7.40   97.30  210.00    1.00    0.00    0.00
 6819    7.40   97.30  220.00    2.00    0.00    0.00
 6820    7.40   97.30  210.00    1.50    0.00    0.00
 6821    7.40   97.30  190.00    1.00    0.00    0.00
 6822    7.80  100.00  160.00    3.00    0.00    0.00
 6823    7.80  100.00  170.00    2.50    0.00    0.00
 6824    8.80  100.00  160.00    2.50   23.35    7.00
 6825   10.80  100.00  180.00    3.00   44.44   51.00
 6826   10.50   96.71  190.00    3.00   56.93   96.00
 6827   10.60   96.07  180.00    4.00  128.33  146.00
 6828   12.20   75.48  180.00    7.00  222.17  169.00
 6829   13.00   87.64  170.00    8.00  450.84  214.00
 6830   12.20   86.40  160.00   10.00  438.83  174.00
 6831   13.00   81.98  170.00    7.00  396.72  129.00
 6832   12.00   87.55  180.00    8.00  246.88   75.00
 6833   11.00   87.45  180.00    8.00   26.02    5.00
 6834   11.00   87.45  160.00   10.00    0.00    0.00
 6835   11.00   87.45  160.00    9.00    0.00    0.00
 6836   11.00   87.45  170.00    8.00    0.00    0.00
 6837   11.00   93.54  180.00    5.00    0.00    0.00
 6838   11.00   93.54  180.00    7.00    0.00    0.00
 6839   11.00   93.54  180.00    8.00    0.00    0.00
 6840   11.00   93.54  200.00    7.00    0.00    0.00
 6841   11.00  100.00  200.00    7.00    0.00    0.00
 6842   10.90  100.00  200.00    7.00    0.00    0.00
 6843   10.80  100.00  210.00    6.00    0.00    0.00
 6844    9.80  100.00  220.00    2.50    0.00    0.00
 6845    9.80  100.00  220.00    3.50    0.00    0.00
 6846   10.00  100.00  230.00    5.50    0.00    0.00
 6847   10.10   99.33  240.00    4.00    0.00    0.00
 6848    9.80  100.00  240.00    5.50   24.75    3.00
 6849   10.80   94.79  240.00    4.00  278.97   58.00
 6850   11.20   92.31  240.00    6.00  211.56  103.00
 6851   12.20   92.36  260.00    6.00  316.24  134.00
 6852   12.60   96.13  260.00    5.00  286.32  140.00
 6853   12.80   88.79  250.00    7.00  302.64  138.00
 6854   12.20   86.40  260.00    5.00  294.79  124.00
 6855   12.00   93.59  260.00    6.00  188.66   93.00
 6856   12.00   93.59  250.00    7.00  196.52   63.00
 6857   10.90  100.00  250.00    5.00   14.05    1.00
 6858   10.70   95.43  250.00    5.00    0.00    0.00
 6859   10.10   92.87  250.00    4.50    0.00    0.00
 6860    9.70   95.39  250.00    4.00    0.00    0.00
 6861    8.90  100.00  250.00    4.00    0.00    0.00
 6862    8.80  100.00  250.00    3.00    0.00    0.00
 6863    8.40   97.32  250.00    2.50    0.00    0.00
 6864    8.60   96.01  250.00    2.00    0.00    0.00
 6865    8.50   96.66  250.00    2.50    0.00    0.00
 6866    8.40   97.32  240.00    1.50    0.00    0.00
 6867    8.40   97.32  240.00    2.00    0.00    0.00
 6868    8.80  100.00  200.00    1.00    0.00    0.00
 6869    8.90  100.00  180.00    0.50    0.00    0.00
 6870    9.00  100.00    0.00    0.00    0.00    0.00
 6871    8.90  100.00    0.00    0.00    0.00    0.00
 6872    8.80  100.00    0.00    0.00    0.00    2.00
 6873   10.00  100.00    0.00    0.00   20.86   69.00
 6874   10.40   97.36    0.00    0.00   62.61   98.00
 6875   11.30   98.03    0.00    0.00   62.02  107.00
 6876   12.60   96.13  210.00    2.00   72.02  134.00
 6877   13.70   89.46  180.00    3.00  214.37  146.00
 6878   13.10   87.07  210.00    3.50  219.95  129.00
 6879   12.20   86.40  250.00    3.00  199.93   99.00
 6880   11.80   88.71  200.00    2.50   98.80   57.00
 6881   10.80   94.79  220.00    2.00    0.00    0.00
 6882    9.80   94.75  200.00    1.00    0.00    0.00
 6883    9.80   94.75    0.00    0.00    0.00    0.00
 6884    9.20   92.19  160.00    0.50    0.00    0.00
 6885    9.40   90.95  140.00    1.00    0.00    0.00
 6886    9.00   93.44  110.00    2.00    0.00    0.00
 6887    9.60   96.04  120.00    3.00    0.00    0.00
 6888    9.40   90.95  130.00    3.00    0.00    0.00
 6889    9.40   90.95  120.00    3.00    0.00    0.00
 6890    9.20   92.19  140.00    4.00    0.00    0.00
 6891    9.60   96.04  130.00    3.50    0.00    0.00
 6892    9.00   93.44  150.00    3.00    0.00    0.00
 6893    9.40   90.95  140.00    4.00    0.00    0.00
 6894    8.80   94.71  120.00    3.00    0.00    0.00
 6895    8.40   90.88  140.00    4.00    0.00    0.00
 6896    8.60   96.01  120.00    5.00    0.00    1.00
 6897    8.60   96.01  120.00    4.00    0.00   39.00
 6898    8.60   89.66  140.00    4.00    0.00   75.00
 6899    8.80   88.45  150.00    4.00    0.00  101.00
 6900    9.20   86.09  150.00    4.00    0.00  115.00
 6901    9.60   83.81  160.00    6.00    0.00  115.00
 6902    9.60   83.81  140.00    5.00    0.00  101.00
 6903    9.60   83.81  150.00    6.00    0.00   76.00
 6904    9.40   84.94  130.00    4.00    0.00   40.00
 6905    9.20   86.09  130.00    3.00    0.00    2.00
 6906    9.00   93.44  120.00    3.00    0.00    0.00
 6907    9.00   93.44  110.00    2.00    0.00    0.00
 6908    9.20   92.19  120.00    2.00    0.00    0.00
 6909    8.80   94.71  100.00    1.50    0.00    0.00
 6910    8.60   96.01  130.00    1.00    0.00    0.00
 6911    8.40   90.88  140.00    2.50    0.00    0.00
 6912    8.20   92.13  130.00    2.00    0.00    0.00
 6913    8.00   93.39  130.00    1.00    0.00    0.00
 6914    8.20   92.13  120.00    1.50    0.00    0.00
 6915    8.60   96.01  110.00    2.00    0.00    0.00
 6916    8.80   94.71  120.00    2.00    0.00    0.00
 6917    8.60   96.01  130.00    2.00    0.00    0.00
 6918    8.20   98.65  140.00    1.50    0.00    0.00
 6919    8.00   93.39  110.00    1.00    0.00    0.00
 6920    9.20   86.09  130.00    2.00    0.00    0.00
 6921   10.00   87.36  150.00    1.00   49.69   41.00
 6922    9.20   92.19  150.00    2.00    0.00   74.00
 6923   10.00   87.36  150.00    2.00    0.00  100.00
 6924   10.60   89.81  160.00    1.50    0.00  113.00
 6925   10.20   86.20  190.00    4.50    0.00  113.00
 6926   10.40   85.05  190.00    4.00    0.00  100.00
 6927   10.40   79.43  180.00    2.00    0.00   75.00
 6928   10.00   87.36  180.00    3.00   52.88   41.00
 6929    9.80   88.54  180.00    3.00    0.00    0.00
 6930    9.80   88.54  150.00    2.00    0.00    0.00
 6931    9.20   80.36  160.00    2.00    0.00    0.00
 6932    9.00   81.45  150.00    2.00    0.00    0.00
 6933    9.00   81.45  160.00    2.00    0.00    0.00
 6934    8.80   82.56    0.00    0.00    0.00    0.00
 6935    8.70   83.12  150.00    1.00    0.00    0.00
 6936    8.80   88.45  140.00    1.00    0.00    0.00
 6937    8.80   88.45  150.00    2.00    0.00    0.00
 6938    8.50   90.27  160.00    2.00    0.00    0.00
 6939    8.40   84.83  150.00    1.50    0.00    0.00
 6940    8.40   84.83  160.00    1.50    0.00    0.00
 6941    7.60   95.97  160.00    2.00    0.00    0.00
 6942    7.20   92.07  150.00    2.00    0.00    0.00
 6943    7.40   90.81  140.00    1.50    0.00    0.00
 6944    7.80  100.00  140.00    2.00    0.00    0.00
 6945    9.00   93.44  160.00    2.00    0.00   33.00
 6946   10.00   87.36  200.00    4.00   51.68   76.00
 6947   10.10   86.78  200.00    5.00   59.24  102.00
 6948   10.20   86.20  190.00    5.00    0.00  104.00
 6949   10.20   86.20  210.00    5.00    0.00  102.00
 6950   10.20   92.25  200.00    5.00    0.00   88.00
 6951    9.60   96.04  220.00    5.00    0.00   63.00
 6952    9.40   90.95  230.00    5.00    0.00   32.00
 6953    9.50   96.68  200.00    2.50    0.00    0.00
 6954    9.40   90.95  230.00    3.00    0.00    0.00
 6955    8.80   94.71  230.00    3.00    0.00    0.00
 6956    8.70   95.36  120.00    2.50    0.00    0.00
 6957    8.40   90.88  230.00    3.00    0.00    0.00
 6958    8.40   90.88  240.00    3.00    0.00    0.00
 6959    8.30   91.50  240.00    3.00    0.00    0.00
 6960    8.40   90.88  230.00    2.50    0.00    0.00
 6961    8.20   92.13  220.00    2.50    0.00    0.00
 6962    8.20   92.13  220.00    2.50    0.00    0.00
 6963    8.30   91.50  210.00    2.00    0.00    0.00
 6964    8.30   91.50  220.00    2.50    0.00    0.00
 6965    8.00   93.39  210.00    1.00    0.00    0.00
 6966    8.00   93.39  210.00    3.00    0.00    0.00
 6967    8.00   93.39  210.00    2.50    0.00    0.00
 6968    8.10   86.58  210.00    2.50    0.00    0.00
 6969    8.40   84.83  200.00    3.00    0.00   31.00
 6970    8.60   83.69  200.00    2.00    0.00   63.00
 6971    9.60   96.04  220.00    3.00    0.00   84.00
 6972   10.40   85.05  230.00    5.00    0.00   97.00
 6973   10.20   86.20  230.00    5.00    0.00   97.00
 6974   10.00   87.36  230.00    5.00    0.00   85.00
 6975   10.00   87.36  210.00    5.00    0.00   62.00
 6976   10.00   87.36  200.00    4.50    0.00   31.00
 6977   10.00   93.49  220.00    4.00    0.00    0.00
 6978   10.00   93.49  230.00    4.00    0.00    0.00
 6979   10.00   93.49  230.00    3.00    0.00    0.00
 6980   10.00   93.49  230.00    4.00    0.00    0.00
 6981   10.00   93.49  240.00    2.50    0.00    0.00
 6982   10.00   93.49  270.00    3.00    0.00    0.00
 6983   10.00   93.49  250.00    2.00    0.00    0.00
 6984   10.00   93.49  250.00    3.00    0.00    0.00
 6985   10.20   92.25  260.00    4.00    0.00    0.00
 6986   10.10   92.87  250.00    3.00    0.00    0.00
 6987   10.20   92.25  250.00    4.00    0.00    0.00
 6988   10.20   92.25  270.00    3.00    0.00    0.00
 6989   10.20   92.25  260.00    5.00    0.00    0.00
 6990    9.80   94.75  280.00    2.00    0.00    0.00
 6991    9.80   94.75  270.00    2.00    0.00    0.00
 6992    9.80   94.75  230.00    2.00    0.00    0.00
 6993   10.00   93.49  260.00    2.50    0.00   28.00
 6994   10.20   92.25  200.00    3.00    0.00   59.00
 6995   10.00   93.49  190.00    4.50    0.00   83.00
 6996   10.20   92.25  190.00    5.00    0.00   95.00
 6997    9.80   88.54  210.00    2.50    0.00   95.00
 6998    9.40   90.95  210.00    2.00    0.00   83.00
 6999    9.20   92.19  210.00    2.00    0.00   60.00
 7000    8.60   96.01  210.00    2.00    0.00   29.00
 7001    8.20   85.99  180.00    3.00    0.00    0.00
 7002    8.00   93.39  160.00    2.50    0.00    0.00
 7003    8.00   93.39  120.00    3.00    0.00    0.00
 7004    8.00   93.39  140.00    3.00    0.00    0.00
 7005    7.60  100.00  180.00    3.00    0.00    0.00
 7006    7.60   95.97  130.00    3.00    0.00    0.00
 7007    7.50   96.63  130.00    3.00    0.00    0.00
 7008    7.60   95.97  130.00    3.00    0.00    0.00
 7009    7.30   91.44  130.00    3.00    0.00    0.00
 7010    7.10   92.70  130.00    3.00    0.00    0.00
 7011    7.10   92.70  130.00    3.00    0.00    0.00
 7012    7.00   93.34  130.00    3.00    0.00    0.00
 7013    6.80   94.63  120.00    5.50    0.00    0.00
 7014    6.70   95.28  120.00    2.50    0.00    0.00
 7015    6.20   98.63  100.00    3.50    0.00    0.00
 7016    5.90  100.00  100.00    4.00    0.00    0.00
 7017    6.10   99.31  110.00    4.00    0.00   22.00
 7018    6.30   97.95  120.00    5.00    0.00   47.00
 7019    6.50  100.00  140.00    5.00    0.00   70.00
 7020    7.00   93.34  130.00    5.00    0.00   93.00
 7021    6.60   95.94  150.00    5.00    0.00   95.00
 7022    7.40   90.81  140.00    5.00    0.00   81.00
 7023    7.50   90.19  140.00    4.00    0.00   59.00
 7024    7.80   94.67  150.00    2.50    0.00   27.00
 7025    8.00  100.00  150.00    2.50    0.00    0.00
 7026    8.20   92.13  160.00    2.50    0.00    0.00
 7027    8.30   91.50  140.00    2.50    0.00    0.00
 7028    8.60   96.01  150.00    2.50    0.00    0.00
 7029    8.70   95.36  150.00    2.00    0.00    0.00
 7030    8.50   96.66  150.00    2.50    0.00    0.00
 7031    8.40   97.32  150.00    2.50    0.00    0.00
 7032    8.30   97.98  140.00    2.50    0.00    0.00
 7033    8.20   98.65  150.00    4.00    0.00    0.00
 7034    8.00  100.00  170.00    3.00    0.00    0.00
 7035    7.90  100.00  180.00    3.50    0.00    0.00
 7036    7.80  100.00  160.00    2.50    0.00    0.00
 7037    7.60  100.00  150.00    4.00    0.00    0.00
 7038    7.80  100.00  120.00    2.50    0.00    0.00
 7039    8.00  100.00  120.00    4.00    0.00    0.00
 7040    8.20   98.65  130.00    2.50    0.00    0.00
 7041    8.50  100.00  150.00    5.00    0.00   23.00
 7042    8.80  100.00  150.00    3.50    0.00   51.00
 7043    9.20   98.66  140.00    2.50    0.00   72.00
 7044    9.80  100.00  130.00    3.00    0.00   84.00
 7045   10.60   96.07  130.00    3.00    0.00  117.00
 7046   10.80   94.79  160.00    3.00    0.00  111.00
 7047   11.60   96.10  140.00    3.00    0.00   81.00
 7048   12.20   92.36  150.00    1.50   21.20   39.00
 7049   11.80  100.00  120.00    4.00    0.00    0.00
 7050   11.20   92.31  120.00    1.50    0.00    0.00
 7051   11.20   92.31  150.00    2.50    0.00    0.00
 7052   10.80   94.79  150.00    2.50    0.00    0.00
 7053   10.60   96.07  140.00    2.50    0.00    0.00
 7054   10.40   91.02  150.00    2.50    0.00    0.00
 7055   10.30   91.63  150.00    5.00    0.00    0.00
 7056   10.30   91.63  150.00    4.00    0.00    0.00
 7057   10.00   93.49  150.00    2.50    0.00    0.00
 7058    9.80   94.75  140.00    2.50    0.00    0.00
 7059    9.80   94.75  140.00    4.00    0.00    0.00
 7060    9.60   96.04  120.00    2.50    0.00    0.00
 7061    9.40   90.95  150.00    5.50    0.00    0.00
 7062    9.30   98.00  150.00    4.00    0.00    0.00
 7063   10.00   93.49  150.00    4.00    0.00    0.00
 7064   10.40   91.02  150.00    5.50    0.00    0.00
 7065   10.70   89.22  160.00    5.00    0.00   22.00
 7066   10.80   88.63  160.00    7.00    0.00   51.00
 7067   10.80   88.63  170.00    5.00    0.00   71.00
 7068   11.40   91.09  160.00    3.00    0.00   78.00
 7069   11.50  100.00  170.00    6.00    0.00   68.00
 7070   11.80  100.00  170.00    4.00    0.00   59.00
 7071   11.70  100.00  170.00    4.00    0.00   40.00
 7072   11.70  100.00  150.00    5.00    0.00   16.00
 7073   11.20   98.68  130.00    2.00    0.00    0.00
 7074   10.80  100.00  120.00    2.00    0.00    0.00
 7075   11.40   91.09  120.00    2.00    0.00    0.00
 7076   11.20   98.68  120.00    2.00    0.00    0.00
 7077   11.60   89.89  120.00    2.00    0.00    0.00
 7078   11.60   89.89  110.00    1.00    0.00    0.00
 7079   11.40   85.16  140.00    1.00    0.00    0.00
 7080   11.20   86.30  120.00    2.00    0.00    0.00
 7081   10.80   88.63  130.00    2.50    0.00    0.00
 7082   10.80   94.79  120.00    2.00    0.00    0.00
 7083   10.60   96.07  140.00    2.00    0.00    0.00
 7084   10.40   97.36  120.00    1.00    0.00    0.00
 7085   10.00  100.00  130.00    2.00    0.00    0.00
 7086    9.80  100.00  120.00    2.00    0.00    0.00
 7087   11.00  100.00  130.00    2.00    0.00    0.00
 7088   11.60  100.00  150.00    3.00    0.00    0.00
 7089   11.60  100.00  150.00    3.00    0.00    1.00
 7090   11.80  100.00  190.00    5.00    0.00    3.00
 7091   12.40   97.40  180.00    6.00    0.00    4.00
 7092   11.50  100.00  180.00    5.00    0.00    5.00
 7093   12.50  100.00  170.00    3.00    0.00    5.00
 7094   12.50  100.00  170.00    5.00    0.00    4.00
 7095   12.50  100.00  150.00    4.00    0.00    3.00
 7096   12.50  100.00  140.00    1.00    0.00   12.00
 7097   12.50  100.00  180.00    1.00    0.00    0.00
 7098   12.40   97.40  190.00    5.00    0.00    0.00
 7099   11.60  100.00  240.00    5.00    0.00    0.00
 7100   11.30   98.03  270.00    3.00    0.00    0.00
 7101   11.00  100.00  260.00    4.00    0.00    0.00
 7102   11.00  100.00  230.00    2.00    0.00    0.00
 7103   10.70  100.00  210.00    5.00    0.00    0.00
 7104   10.50  100.00  210.00    4.00    0.00    0.00
 7105   10.50  100.00  210.00    5.00    0.00    0.00
 7106   10.40   97.36  220.00    4.00    0.00    0.00
 7107   10.40   97.36  210.00    4.00    0.00    0.00
 7108   10.40   97.36  110.00    3.50    0.00    0.00
 7109   10.00  100.00  230.00    6.00    0.00    0.00
 7110   10.00  100.00  240.00    5.00    0.00    0.00
 7111   10.00  100.00  240.00    5.00    0.00    0.00
 7112   10.00  100.00  260.00    4.00    0.00    0.00
 7113   10.10   99.33  240.00    5.00  100.26   26.00
 7114   10.40   97.36  240.00    4.50  115.81   63.00
 7115   10.70   95.43  230.00    4.50   70.29   86.00
 7116   11.70   95.46  230.00    5.00  147.81  104.00
 7117   11.30   91.70  210.00    4.50  148.90  105.00
 7118   11.30   91.70  200.00    5.50    0.00   80.00
 7119   10.90   94.17  190.00    5.50    0.00   90.00
 7120   10.40   91.02  180.00    5.00    0.00   28.00
 7121   10.40   97.36  180.00    5.00    0.00    0.00
 7122   10.40   97.36  180.00    6.00    0.00    0.00
 7123   10.60  100.00  200.00    8.00    0.00    0.00
 7124   10.60  100.00  200.00    7.00    0.00    0.00
 7125   10.40   97.36  190.00    7.00    0.00    0.00
 7126   10.40   97.36  200.00    6.00    0.00    0.00
 7127   10.30   98.01  190.00    7.00    0.00    0.00
 7128   10.10   99.33  190.00    8.00    0.00    0.00
 7129   10.00  100.00  190.00    7.00    0.00    0.00
 7130   10.00  100.00  190.00    7.00    0.00    0.00
 7131   10.20   92.25  200.00    7.50    0.00    0.00
 7132   10.00   93.49  180.00    7.50    0.00    0.00
 7133    9.80  100.00  210.00    7.50    0.00    0.00
 7134    9.80  100.00  210.00    7.50    0.00    0.00
 7135   10.80  100.00  220.00    6.00    0.00    0.00
 7136   11.00  100.00  200.00    7.00    0.00    0.00
 7137   11.10   99.34  200.00    5.00    0.00   15.00
 7138   11.20   98.68  240.00    5.00    0.00   45.00
 7139   12.00  100.00  240.00    6.00    0.00   68.00
 7140   12.10   99.34  250.00    6.00    0.00   79.00
 7141   11.80   94.83  250.00    5.00   64.91   97.00
 7142   12.00   93.59  250.00    5.00    0.00   75.00
 7143   12.00   93.59  260.00    6.00   50.82   56.00
 7144   12.30   85.83  240.00    4.00   58.41   23.00
 7145   12.50   84.71  240.00    4.50    0.00    0.00
 7146   10.60   96.07  240.00    4.00    0.00    0.00
 7147   10.00  100.00  230.00    2.50    0.00    0.00
 7148    9.70  100.00  230.00    1.50    0.00    0.00
 7149    9.40   97.34  230.00    2.00    0.00    0.00
 7150    9.10   99.33  180.00    1.00    0.00    0.00
 7151    8.70  100.00  210.00    1.50    0.00    0.00
 7152    8.70  100.00  230.00    2.00    0.00    0.00
 7153    8.70  100.00  220.00    2.50    0.00    0.00
 7154    8.40   97.32  180.00    1.50    0.00    0.00
 7155    8.20   98.65  210.00    2.50    0.00    0.00
 7156    8.10   99.32  210.00    2.50    0.00    0.00
 7157    8.20   98.65  220.00    3.00    0.00    0.00
 7158    8.80  100.00  190.00    3.50    0.00    0.00
 7159    9.00  100.00  220.00    4.00    0.00    0.00
 7160    9.60   96.04  230.00    5.50    0.00    0.00
 7161   10.20   92.25  220.00    5.00   23.16   20.00
 7162   10.60  100.00  200.00    4.00   49.40   79.00
 7163   10.80  100.00  220.00    6.00   65.98   81.00
 7164   11.20   92.31  220.00    6.50    0.00   89.00
 7165   11.30   91.70  240.00    5.00    0.00   89.00
 7166   11.30   91.70  210.00    5.00    0.00   76.00
 7167   11.40   91.09  210.00    5.00   56.85   56.00
 7168   11.20   92.31  210.00    5.00    0.00   17.00
 7169   10.80  100.00  210.00    3.00    0.00    0.00
 7170   10.80  100.00  200.00    5.00    0.00    0.00
 7171   11.00   93.54  200.00    5.00    0.00    0.00
 7172   11.00   93.54  210.00    7.50    0.00    0.00
 7173   11.00   93.54  220.00    6.50    0.00    0.00
 7174   10.80   94.79  220.00    4.00    0.00    0.00
 7175   10.60   96.07  200.00    4.00    0.00    0.00
 7176   10.80   94.79  220.00    6.00    0.00    0.00
 7177   10.70   95.43  220.00    5.00    0.00    0.00
 7178   10.60   96.07  210.00    3.50    0.00    0.00
 7179   10.50   96.71  220.00    4.00    0.00    0.00
 7180   10.30   98.01  230.00    5.50    0.00    0.00
 7181   10.20   92.25  230.00    4.50    0.00    0.00
 7182   10.40   91.02  220.00    4.00    0.00    0.00
 7183   10.20   92.25  220.00    4.50    0.00    0.00
 7184   10.20   92.25  210.00    3.00    0.00    0.00
 7185   10.60   96.07  210.00    4.00   16.06   17.00
 7186   10.60   96.07  220.00    6.00    0.00   46.00
 7187   10.80   94.79  200.00    5.00    0.00   70.00
 7188   10.80   94.79  220.00    6.00    0.00   84.00
 7189   10.80   94.79  200.00    6.00    0.00   84.00
 7190   11.00   93.54  210.00    6.00    0.00   71.00
 7191   10.60   96.07  190.00    5.00    0.00   48.00
 7192   10.40   91.02  190.00    6.00    0.00   16.00
 7193   10.30   91.63  190.00    5.00    0.00    0.00
 7194   10.60   96.07  200.00    6.00    0.00    0.00
 7195   10.60   96.07  210.00    9.00    0.00    0.00
 7196   10.40   91.02  210.00    7.00    0.00    0.00
 7197   10.40   91.02  210.00    8.00    0.00    0.00
 7198   10.30   91.63  210.00    8.00    0.00    0.00
 7199   10.30   91.63  200.00    6.00    0.00    0.00
 7200   10.40   91.02  210.00    7.00    0.00    0.00
 7201   10.30   91.63  210.00    6.00    0.00    0.00
 7202   10.20   92.25  210.00    6.50    0.00    0.00
 7203   10.00  100.00  200.00    5.00    0.00    0.00
 7204    9.90   94.12  130.00    7.00    0.00    0.00
 7205   10.00   93.49  200.00    6.00    0.00    0.00
 7206   10.10   92.87  200.00    7.00    0.00    0.00
 7207   10.10   92.87  200.00    7.00    0.00    0.00
 7208   10.20   98.67  200.00    7.00    0.00    0.00
 7209   10.20   98.67  210.00    7.00    0.00   12.00
 7210   10.20   98.67  220.00    7.50    0.00   41.00
 7211   10.60   96.07  240.00    6.00   64.90   78.00
 7212   11.80   94.83  240.00    7.00  142.02   95.00
 7213   11.80   94.83  240.00    5.00  214.79   98.00
 7214   12.20   86.40  240.00    7.00  203.74   85.00
 7215   11.60   89.89  200.00    5.00  114.69   54.00
 7216   11.20   92.31  200.00    5.00   28.73   17.00
 7217   10.10   99.33  200.00    6.00    0.00    0.00
 7218   10.00  100.00  200.00    5.00    0.00    0.00
 7219   10.00   87.36  210.00    5.50    0.00    0.00
 7220    9.90   94.12  210.00    5.00    0.00    0.00
 7221   10.10   92.87  210.00    7.50    0.00    0.00
 7222   10.00   93.49  210.00    7.50    0.00    0.00
 7223    9.80   94.75  210.00    6.50    0.00    0.00
 7224   10.90   94.17  210.00    8.00    0.00    0.00
 7225   11.50   96.74  210.00    8.00    0.00    0.00
 7226   11.70   95.46  210.00    8.50    0.00    0.00
 7227   11.60   96.10  200.00    7.50    0.00    0.00
 7228   10.70   89.22  270.00    9.00    0.00    0.00
 7229   10.60   96.07  270.00    8.50    0.00    0.00
 7230   10.70   95.43  260.00    9.00    0.00    0.00
 7231    8.40   84.83  290.00    3.00    0.00    0.00
 7232    8.10   86.58  260.00    2.00    0.00    0.00
 7233    9.40   84.94  290.00    2.50  165.68   24.00
 7234   10.00   87.36  290.00    2.00  337.85   67.00
 7235   11.00   81.72  300.00    2.50  540.16   85.00
 7236   11.20   80.64  250.00    2.50  486.00  114.00
 7237   11.20   80.64  250.00    4.00  609.30  109.00
 7238   11.00   81.72  260.00    3.00  574.25   94.00
 7239   11.00   81.72  240.00    4.00  388.99   50.00
 7240   10.40   85.05  210.00    3.00  201.14   17.00
 7241    9.20   92.19  190.00    2.00    0.00    0.00
 7242    8.60   96.01  180.00    1.50    0.00    0.00
 7243    9.20   92.19  170.00    3.00    0.00    0.00
 7244    9.40   90.95  170.00    4.00    0.00    0.00
 7245    9.40   90.95  180.00    3.00    0.00    0.00
 7246    9.20   92.19  170.00    3.00    0.00    0.00
 7247   10.20   92.25  190.00    4.00    0.00    0.00
 7248   10.10   92.87  190.00    4.00    0.00    0.00
 7249   10.70  100.00  190.00    3.00    0.00    0.00
 7250   10.60  100.00  190.00    2.50    0.00    0.00
 7251   10.60  100.00  190.00    2.50    0.00    0.00
 7252   10.60  100.00  190.00    5.00    0.00    0.00
 7253   10.60  100.00  190.00    3.50    0.00    0.00
 7254   10.40   97.36  180.00    4.00    0.00    0.00
 7255   10.40   97.36  190.00    5.00    0.00    0.00
 7256   10.50   96.71  190.00    5.00    0.00    0.00
 7257   10.70  100.00  190.00    6.00    0.00    8.00
 7258   10.90  100.00  190.00    6.00    0.00   34.00
 7259   10.60   89.81  170.00    7.00    0.00   60.00
 7260   10.60   96.07  180.00    3.00    0.00   70.00
 7261   10.60   89.81  170.00    7.00    0.00   71.00
 7262   10.40   91.02  180.00    6.00    0.00   60.00
 7263   10.20   92.25  180.00    9.00    0.00   40.00
 7264   10.40   91.02  180.00    8.00   10.58   13.00
 7265   10.40   91.02  160.00    7.00    0.00    0.00
 7266   10.20   92.25  170.00    6.00    0.00    0.00
 7267   10.00   93.49  170.00    9.00    0.00    0.00
 7268    9.60   96.04  180.00    7.00    0.00    0.00
 7269   10.00   93.49  160.00   10.00    0.00    0.00
 7270   10.40   91.02  160.00    9.00    0.00    0.00
 7271    9.80   94.75  180.00    7.00    0.00    0.00
 7272    9.80   94.75  160.00    8.00    0.00    0.00
 7273    9.80   94.75  170.00    7.00    0.00    0.00
 7274    9.80   94.75  160.00    7.00    0.00    0.00
 7275   10.00   93.49  160.00    7.00    0.00    0.00
 7276   10.30   91.63  170.00    7.00    0.00    0.00
 7277   10.30   91.63  180.00    9.00    0.00    0.00
 7278   10.10   92.87  170.00    9.00    0.00    0.00
 7279   10.00   87.36  160.00    8.00    0.00    0.00
 7280   10.10   86.78  160.00    8.50    0.00    0.00
 7281   10.20   92.25  150.00   10.00    9.53   11.00
 7282   10.50   90.42  160.00   13.00   30.44   45.00
 7283   10.50   90.42  150.00   10.00   38.19   71.00
 7284   10.20   92.25  160.00   11.00   40.80   85.00
 7285    9.80   94.75  150.00   12.50    0.00   72.00
 7286   10.20   86.20  150.00   10.00   39.31   72.00
 7287   10.20   86.20  160.00   10.00   64.75   66.00
 7288   10.30   85.62  150.00    7.50    0.00   17.00
 7289   10.40   85.05  150.00    8.50    0.00    0.00
 7290   10.30   85.62  150.00    7.50    0.00    0.00
 7291   10.10   81.04  160.00    8.00    0.00    0.00
 7292   10.20   86.20  150.00    9.00    0.00    0.00
 7293   10.00   93.49  150.00    9.00    0.00    0.00
 7294    9.50   96.68  140.00    9.00    0.00    0.00
 7295    9.50   96.68  150.00   10.00    0.00    0.00
 7296    9.60   96.04  140.00    8.50    0.00    0.00
 7297    9.80   94.75  140.00    8.00    0.00    0.00
 7298    9.60   96.04  140.00    7.50    0.00    0.00
 7299    9.40   97.34  150.00    8.00    0.00    0.00
 7300    9.70   95.39  160.00   10.00    0.00    0.00
 7301   10.30   98.01  150.00   10.00    0.00    0.00
 7302   10.50   96.71  210.00    4.00    0.00    0.00
 7303   10.40   97.36  200.00    2.50    0.00    0.00
 7304   10.10   99.33  210.00    3.00    0.00    0.00
 7305   10.50   96.71  210.00    4.00    9.98   17.00
 7306   10.40   97.36  210.00    3.00   93.68   51.00
 7307   10.60   96.07  210.00    4.00  202.51   81.00
 7308   11.60   89.89  210.00    5.00  235.28   93.00
 7309   11.40   85.16  200.00    6.00  523.57  119.00
 7310   11.20   92.31  190.00    5.00  485.15  112.00
 7311   10.80   94.79  190.00    5.00   60.97   47.00
 7312   10.30   91.63  190.00    5.00  152.34   21.00
 7313    9.00   93.44  180.00    3.00    0.00    0.00
 7314    8.90   94.07  180.00    3.00    0.00    0.00
 7315    8.80   94.71  170.00    3.00    0.00    0.00
 7316    8.40   90.88  170.00    3.00    0.00    0.00
 7317    8.20   92.13  180.00    3.00    0.00    0.00
 7318    8.00   93.39  180.00    3.00    0.00    0.00
 7319    7.80   94.67  180.00    3.00    0.00    0.00
 7320    7.40   90.81  180.00    3.00    0.00    0.00
 7321    7.10   92.70  150.00    3.00    0.00    0.00
 7322    5.60  100.00  140.00    2.00    0.00    0.00
 7323    6.00   93.29  130.00    3.00    0.00    0.00
 7324    5.80  100.00  120.00    2.00    0.00    0.00
 7325    5.40   97.25  130.00    2.00    0.00    0.00
 7326    5.20   98.62  130.00    3.00    0.00    0.00
 7327    5.20   98.62  120.00    3.00    0.00    0.00
 7328    6.20   98.63  130.00    4.00    0.00    0.00
 7329    7.00  100.00  130.00    4.00   31.44   13.00
 7330    7.20   98.64  130.00    4.00  128.20   56.00
 7331    8.20   92.13  140.00    3.50  218.45   92.00
 7332   10.00   87.36  140.00    4.00  341.58  103.00
 7333   10.70   83.37  150.00    5.00  412.11  105.00
 7334   10.80   82.81  150.00    4.00  351.78   84.00
 7335   10.20   75.14  140.00    5.00  358.77   59.00
 7336    9.00   87.26  140.00    2.50  135.81   20.00
 7337    8.00   87.17  140.00    2.50    0.00    0.00
 7338    7.00   87.07  140.00    2.50    0.00    0.00
 7339    6.50   90.12  140.00    2.50    0.00    0.00
 7340    6.00   86.97  140.00    2.50    0.00    0.00
 7341    6.20   85.78  140.00    2.50    0.00    0.00
 7342    6.30   85.19  120.00    2.50    0.00    0.00
 7343    6.30   85.19  120.00    2.50    0.00    0.00
 7344    6.20   85.78  120.00    2.50    0.00    0.00
 7345    6.30   85.19  120.00    2.50    0.00    0.00
 7346    6.30   85.19  120.00    2.50    0.00    0.00
 7347    6.80   88.28  120.00    2.50    0.00    0.00
 7348    6.90   93.98  120.00    4.00    0.00    0.00
 7349    7.50   96.63  120.00    8.00    0.00    0.00
 7350    7.00   93.34  120.00    9.00    0.00    0.00
 7351    6.20   98.63  130.00   12.00    0.00    0.00
 7352    6.10   99.31  120.00    9.00    0.00    0.00
 7353    6.30   91.37  120.00    9.00    0.00   13.00
 7354    6.50   96.61  130.00   10.00    0.00   52.00
 7355    6.80   94.63  140.00    7.50    0.00   82.00
 7356    6.90  100.00  120.00    7.50    0.00   96.00
 7357    7.00  100.00  140.00    7.50    0.00   96.00
 7358    8.00   93.39  150.00    5.00   54.25   72.00
 7359    9.40   90.95  210.00    5.00  169.68   60.00
 7360    9.20   92.19  180.00    5.00   65.16   13.00
 7361    8.60   96.01  180.00    5.00    0.00    0.00
 7362    8.30   91.50  180.00    4.00    0.00    0.00
 7363    8.70   95.36  150.00    6.00    0.00    0.00
 7364    9.00  100.00  170.00   10.00    0.00    0.00
 7365    9.00  100.00  200.00    8.00    0.00    0.00
 7366    8.40   90.88  200.00    6.00    0.00    0.00
 7367    8.30   91.50  190.00    4.50    0.00    0.00
 7368    8.90   94.07  200.00    7.50    0.00    0.00
 7369    9.00   87.26  190.00    8.00    0.00    0.00
 7370    8.80   94.71  190.00    7.50    0.00    0.00
 7371    8.70   89.05  190.00    7.50    0.00    0.00
 7372    8.60   89.66  190.00    7.00    0.00    0.00
 7373    8.20   85.99  210.00    6.00    0.00    0.00
 7374    8.40   84.83  210.00    7.50    0.00    0.00
 7375    8.30   85.41  210.00    7.50    0.00    0.00
 7376    8.00   87.17  220.00    6.00    0.00    0.00
 7377    7.90   87.77  220.00    7.00   23.18    9.00
 7378    8.60   89.66  220.00    7.50   50.70   44.00
 7379    8.40   79.13  220.00    7.00  136.39   77.00
 7380    8.80   82.56  210.00   10.00   72.97   85.00
 7381    8.80   82.56  210.00    9.00  224.55   93.00
 7382    9.40   73.96  210.00    6.00  229.93   78.00
 7383    8.70   77.54  210.00    7.50  186.39   51.00
 7384    7.50   84.14  210.00    7.50   82.68   12.00
 7385    7.20   85.89  210.00    7.50    0.00    0.00
 7386    6.20   92.01  210.00    7.50    0.00    0.00
 7387    7.50   90.19  210.00   11.00    0.00    0.00
 7388    7.50   96.63  210.00   10.00    0.00    0.00
 7389    7.60   95.97  210.00    9.00    0.00    0.00
 7390    7.40   97.30  210.00   10.00    0.00    0.00
 7391    6.90  100.00  220.00    7.50    0.00    0.00
 7392    6.70  100.00  220.00    9.00    0.00    0.00
 7393    7.10   99.32  220.00    7.50    0.00    0.00
 7394    7.00  100.00  210.00    9.00    0.00    0.00
 7395    7.00  100.00  220.00   10.00    0.00    0.00
 7396    7.20   98.64  220.00    7.50    0.00    0.00
 7397    7.60   95.97  240.00    7.50    0.00    0.00
 7398    7.80   94.67  260.00    7.50    0.00    0.00
 7399    8.60  100.00  260.00    7.50    0.00    0.00
 7400    8.90  100.00  260.00    4.00    0.00    0.00
 7401    9.30   91.57  260.00    5.00   36.61    8.00
 7402    9.80   94.75  260.00    4.00  162.05   46.00
 7403   10.30   79.96  260.00    5.50  215.07   74.00
 7404   10.50   84.49  260.00    5.00  308.27   89.00
 7405   10.60   83.92  260.00    5.00  311.02   89.00
 7406   10.50   84.49  260.00    5.50  291.09   75.00
 7407   10.30   79.96  260.00    5.50  241.01   49.00
 7408    9.90   87.95  260.00    5.00   58.40    8.00
 7409    8.90   87.86  260.00    4.50    0.00    0.00
 7410    8.00   93.39  240.00    2.50    0.00    0.00
 7411    7.70   95.32  240.00    2.50    0.00    0.00
 7412    7.50   96.63  230.00    2.00    0.00    0.00
 7413    6.70   95.28  190.00    2.00    0.00    0.00
 7414    6.60   95.94  170.00    2.00    0.00    0.00
 7415    6.50   96.61  160.00    2.00    0.00    0.00
 7416    7.00   93.34  160.00    2.00    0.00    0.00
 7417    8.20   98.65  170.00    2.00    0.00    0.00
 7418    8.50  100.00  180.00    2.00    0.00    0.00
 7419    8.70  100.00  170.00    4.00    0.00    0.00
 7420    9.00  100.00  180.00    3.50    0.00    0.00
 7421    9.40   97.34  180.00    6.00    0.00    0.00
 7422    9.40   97.34  180.00   10.00    0.00    0.00
 7423    9.40   97.34  180.00   10.00    0.00    0.00
 7424    9.30   98.00  180.00   10.00    0.00    0.00
 7425    9.40   97.34  180.00   10.00    0.00    3.00
 7426    9.60  100.00  180.00   12.00    0.00   35.00
 7427    9.70  100.00  180.00   10.00    0.00   58.00
 7428   10.00  100.00  190.00    5.00    0.00   71.00
 7429    9.80  100.00  190.00    5.00    0.00   71.00
 7430    9.50  100.00  190.00    5.00    0.00   70.00
 7431    9.50  100.00  190.00    5.00    0.00   33.00
 7432    9.60   96.04  210.00    5.00    0.00    4.00
 7433    9.20   92.19  210.00    2.50    0.00    0.00
 7434    9.00   93.44  210.00    2.50    0.00    0.00
 7435    9.00  100.00  210.00    2.50    0.00    0.00
 7436    8.40   97.32  210.00    2.50    0.00    0.00
 7437    8.90  100.00  220.00    5.00    0.00    0.00
 7438    8.50  100.00  210.00    2.50    0.00    0.00
 7439    8.70  100.00  220.00    2.50    0.00    0.00
 7440    8.50  100.00  210.00    2.50    0.00    0.00
 7441    8.00  100.00  220.00    4.00    0.00    0.00
 7442    8.20   98.65  230.00    4.00    0.00    0.00
 7443    7.80   94.67  210.00    3.00    0.00    0.00
 7444    7.40   97.30  220.00    0.50    0.00    0.00
 7445    7.80   94.67  220.00    3.00    0.00    0.00
 7446    7.80   94.67  200.00    2.00    0.00    0.00
 7447    7.60   95.97  200.00    2.00    0.00    0.00
 7448    7.90   94.03  200.00    2.00    0.00    0.00
 7449    8.30   91.50  190.00    3.00   27.24    7.00
 7450    9.20   92.19  190.00    3.00  146.76   53.00
 7451   10.00   93.49  190.00    3.50  250.34   73.00
 7452   10.00   93.49  180.00    2.50  138.58   81.00
 7453   10.00   93.49  200.00    3.50    0.00   71.00
 7454    9.70   83.24  190.00    4.00    0.00   56.00
 7455    9.60   96.04  180.00    4.00    0.00   32.00
 7456    9.40   97.34  190.00    5.00    0.00    1.00
 7457    9.60   96.04  190.00    9.00    0.00    0.00
 7458   10.00   93.49  190.00   10.00    0.00    0.00
 7459   10.60   89.81  190.00    8.00    0.00    0.00
 7460   10.60   89.81  190.00    9.00    0.00    0.00
 7461   10.80   88.63  200.00   11.00    0.00    0.00
 7462   10.80   88.63  210.00   11.00    0.00    0.00
 7463   11.00   93.54  180.00   13.00    0.00    0.00
 7464   10.70   95.43  190.00   11.00    0.00    0.00
 7465   10.60   96.07  180.00   13.00    0.00    0.00
 7466   10.60   96.07  190.00   12.50    0.00    0.00
 7467   10.70   95.43  200.00   12.50    0.00    0.00
 7468   10.50   96.71  190.00   12.50    0.00    0.00
 7469   10.50   96.71  200.00   10.00    0.00    0.00
 7470   10.60   96.07  190.00    9.00    0.00    0.00
 7471   10.40   91.02  190.00   12.00    0.00    0.00
 7472   10.30   91.63  190.00   11.00    0.00    0.00
 7473   10.60   96.07  200.00   12.00    0.00    0.00
 7474   10.60   96.07  210.00   10.00   69.19   38.00
 7475   12.20   92.36  210.00    9.00   49.31   58.00
 7476   11.00   87.45  240.00   12.50  105.81   82.00
 7477   11.80   88.71  230.00   11.00  118.58   80.00
 7478   10.00   81.59  250.00   12.50  120.01   68.00
 7479   10.00   81.59  260.00   13.50  188.07   46.00
 7480    9.40   79.28  240.00   12.00   17.60    4.00
 7481    9.30   79.82  250.00   14.00    0.00    0.00
 7482    9.00   81.45  240.00   12.00    0.00    0.00
 7483    8.80   88.45  240.00   11.00    0.00    0.00
 7484    8.80   88.45  230.00   10.00    0.00    0.00
 7485    8.70   89.05  230.00   10.00    0.00    0.00
 7486    8.40   84.83  230.00   10.00    0.00    0.00
 7487    7.80   88.37  230.00    9.00    0.00    0.00
 7488    8.00   87.17  230.00   10.00    0.00    0.00
 7489    8.00   87.17  210.00    8.00    0.00    0.00
 7490    7.80   88.37  210.00    8.00    0.00    0.00
 7491    7.80   88.37  220.00    8.00    0.00    0.00
 7492    7.60   89.58  220.00    9.00    0.00    0.00
 7493    7.60   89.58  230.00    9.00    0.00    0.00
 7494    7.60   89.58  250.00    9.00    0.00    0.00
 7495    8.00   87.17  270.00    9.00    0.00    0.00
 7496    8.30   85.41  260.00   11.00    0.00    0.00
 7497    8.80   88.45  270.00   10.00    0.00    1.00
 7498    9.00   87.26  260.00   12.00   84.13   39.00
 7499    9.20   86.09  260.00   12.00  114.41   66.00
 7500    9.60   89.74  260.00   12.00  123.68   80.00
 7501   10.20   80.50  260.00   13.00  128.75   80.00
 7502    9.80   77.18  270.00   11.00  131.88   66.00
 7503    9.80   77.18  260.00   12.00  103.62   39.00
 7504    9.30   79.82  260.00   12.00   18.86    3.00
 7505    9.50   78.75  260.00   11.00    0.00    0.00
 7506    9.40   79.28  260.00    9.50    0.00    0.00
 7507    9.30   79.82  260.00    9.00    0.00    0.00
 7508    9.00   81.45  260.00    8.50    0.00    0.00
 7509    8.80   77.02  250.00    9.00    0.00    0.00
 7510    8.50   78.60  250.00    9.00    0.00    0.00
 7511    9.40   84.94  250.00   12.00    0.00    0.00
 7512    9.30   85.52  250.00   11.00    0.00    0.00
 7513    9.20   80.36  270.00   11.00    0.00    0.00
 7514    8.80   82.56  270.00   11.00    0.00    0.00
 7515    8.80   82.56  280.00   11.00    0.00    0.00
 7516    8.60   83.69  280.00   10.00    0.00    0.00
 7517    8.60   83.69  290.00    7.50    0.00    0.00
 7518    8.20   85.99  290.00    7.00    0.00    0.00
 7519    8.00   87.17  270.00    7.50    0.00    0.00
 7520    7.30   91.44  300.00    5.50    0.00    0.00
 7521    7.50   90.19  300.00    6.00   16.39    0.00
 7522    8.70   83.12  300.00    4.00  393.07   46.00
 7523    9.70   83.24  300.00    3.50  270.99   96.00
 7524    9.40   79.28  260.00    5.00  564.57  117.00
 7525   10.40   74.14  260.00    5.00  200.67  110.00
 7526    9.10   75.47  240.00    4.00   96.11  114.00
 7527    9.00   81.45  180.00    4.00   71.06   65.00
 7528    8.50   90.27  190.00    4.00    0.00    0.00
 7529    8.70   89.05  200.00    6.00    0.00    0.00
 7530    9.00   93.44  180.00    6.00    0.00    0.00
 7531    9.00   93.44  170.00    7.00    0.00    0.00
 7532    8.60   96.01  190.00    6.00    0.00    0.00
 7533    9.00  100.00  170.00    7.00    0.00    0.00
 7534   10.00  100.00  200.00    9.00    0.00    0.00
 7535   10.20   98.67  210.00    7.00    0.00    0.00
 7536   10.30   98.01  210.00    7.00    0.00    0.00
 7537   10.30   98.01  190.00    8.00    0.00    0.00
 7538   10.40   97.36  200.00    9.00    0.00    0.00
 7539   10.40   97.36  200.00    9.00    0.00    0.00
 7540    9.50  100.00  210.00    8.00    0.00    0.00
 7541   10.60  100.00  200.00    9.00    0.00    0.00
 7542   10.70  100.00  210.00    8.50    0.00    0.00
 7543   10.70  100.00  200.00    8.50    0.00    0.00
 7544   10.60  100.00  210.00    9.00    0.00    0.00
 7545   10.60  100.00  200.00    7.00    0.00    0.00
 7546   10.80  100.00  200.00    8.00    0.00   21.00
 7547   10.80  100.00  210.00   10.00   28.62   51.00
 7548   11.10   99.34  210.00    7.00   28.95   65.00
 7549   11.30   98.03  200.00   10.00   70.86   75.00
 7550   11.20   92.31  200.00    9.00   44.13   53.00
 7551   11.40   91.09  210.00    7.00   58.48   33.00
 7552   11.20   92.31  210.00   10.00    0.00    0.00
 7553   10.80   94.79  230.00   10.00    0.00    0.00
 7554   10.70   95.43  210.00    9.00    0.00    0.00
 7555   10.40   91.02  220.00   10.00    0.00    0.00
 7556   10.30   91.63  210.00   12.00    0.00    0.00
 7557   10.30   91.63  210.00    9.00    0.00    0.00
 7558   10.30   91.63  200.00   10.00    0.00    0.00
 7559   10.40   91.02  180.00   10.00    0.00    0.00
 7560   10.40   91.02  180.00    9.00    0.00    0.00
 7561   10.40   91.02  180.00   13.00    0.00    0.00
 7562   10.20   92.25  180.00   11.00    0.00    0.00
 7563   10.20   92.25  170.00   13.00    0.00    0.00
 7564   10.40   91.02  170.00   15.00    0.00    0.00
 7565   10.40   91.02  190.00   18.00    0.00    0.00
 7566   10.40   97.36  200.00   13.00    0.00    0.00
 7567    9.60   96.04  200.00   12.00    0.00    0.00
 7568    9.60   96.04  210.00   15.00    0.00    0.00
 7569    9.80   88.54  210.00   13.00    0.00    0.00
 7570    8.20   85.99  220.00   11.00   42.41   32.00
 7571    7.90   87.77  220.00   14.00   63.32   56.00
 7572    8.10   86.58  220.00   13.00   63.14   70.00
 7573    8.40   84.83  220.00   14.00   63.64   70.00
 7574    7.60   89.58  210.00   15.00   55.03   57.00
 7575    8.10   86.58  250.00   15.00    0.00    2.00
 7576    7.80   88.37  260.00   20.00    0.00    0.00
 7577    7.60   83.57  240.00   15.00    0.00    0.00
 7578    7.40   78.99  250.00   16.00    0.00    0.00
 7579    7.30   79.53  250.00   17.50    0.00    0.00
 7580    7.40   84.72  250.00   12.00    0.00    0.00
 7581    7.20   85.89  250.00   15.00    0.00    0.00
 7582    6.60   89.50  250.00   12.00    0.00    0.00
 7583    6.40   84.60  240.00   14.00    0.00    0.00
 7584    6.40   84.60  240.00   14.00    0.00    0.00
 7585    7.20   80.07  240.00   11.00    0.00    0.00
 7586    7.30   79.53  250.00   13.00    0.00    0.00
 7587    7.60   83.57  270.00   18.00    0.00    0.00
 7588    7.60   83.57  280.00   14.00    0.00    0.00
 7589    7.70   83.00  280.00   14.00    0.00    0.00
 7590    7.60   83.57  280.00   12.00    0.00    0.00
 7591    7.80   82.43  280.00   12.00    0.00    0.00
 7592    7.80   76.86  290.00   11.00    0.00    0.00
 7593    8.20   80.22  270.00   10.00    0.00    0.00
 7594    8.40   79.13  290.00    9.00  102.00   46.00
 7595    8.70   83.12  290.00    7.00  208.92   77.00
 7596    9.10   80.90  310.00    4.00   77.14  109.00
 7597    9.60   78.22  280.00    7.00   77.71  111.00
 7598    9.80   82.69  290.00    4.00  209.22   76.00
 7599   10.10   75.64  290.00    5.00  154.72   47.00
 7600    9.60   83.81  290.00    4.00    0.00    0.00
 7601    7.90   81.87  220.00    2.50    0.00    0.00
 7602    7.40   84.72  340.00    2.00    0.00    0.00
 7603    6.00   86.97    0.00    2.00    0.00    0.00
 7604    5.10   92.59  110.00    2.00    0.00    0.00
 7605    4.30   97.91  120.00    2.00    0.00    0.00
 7606    4.00  100.00  170.00    2.00    0.00    0.00
 7607    4.20   91.88  150.00    2.00    0.00    0.00
 7608    4.00   93.18  180.00    3.50    0.00    0.00
 7609    3.90   93.84  210.00    5.00    0.00    0.00
 7610    4.50   96.55  200.00    5.00    0.00    0.00
 7611    5.30   91.30  200.00    5.00    0.00    0.00
 7612    6.20   92.01  220.00    5.00    0.00    0.00
 7613    6.60   95.94  260.00    7.50    0.00    0.00
 7614    6.70   95.28  240.00    8.00    0.00    0.00
 7615    6.00   93.29  230.00    8.50    0.00    0.00
 7616    5.90   93.93  220.00    7.00    0.00    0.00
 7617    6.00   93.29  200.00    9.00    0.00    0.00
 7618    5.30   97.93  190.00   12.00    0.00   34.00
 7619    5.80   94.59  180.00   12.00    0.00   60.00
 7620    5.20   98.62  170.00   11.00    0.00   73.00
 7621    5.30   97.93  170.00   13.00    0.00   73.00
 7622    5.20   98.62  180.00    9.00    0.00   49.00
 7623    4.90  100.00  160.00   12.50    0.00   32.00
 7624    4.90  100.00  210.00    6.00    0.00    0.00
 7625    5.40   90.67  210.00    7.00    0.00    0.00
 7626    5.10   92.59  180.00    4.00    0.00    0.00
 7627    5.10   92.59  190.00    4.00    0.00    0.00
 7628    5.10   92.59  190.00    6.00    0.00    0.00
 7629    5.30   97.93  180.00    6.00    0.00    0.00
 7630    5.20   98.62  160.00    5.00    0.00    0.00
 7631    5.00   93.23  100.00    5.00    0.00    0.00
 7632    4.60   95.88   90.00    4.00    0.00    0.00
 7633    4.80  100.00   90.00    5.00    0.00    0.00
 7634    4.80  100.00   90.00    6.00    0.00    0.00
 7635    4.60  100.00   70.00    4.00    0.00    0.00
 7636    4.40   97.23   70.00    6.00    0.00    0.00
 7637    4.40   97.23   60.00    4.00    0.00    0.00
 7638    3.60  100.00   60.00    4.00    0.00    0.00
 7639    3.20   98.59   30.00    5.00    0.00    0.00
 7640    3.10   99.29   30.00    3.50    0.00    0.00
 7641    3.60   95.84   30.00    6.00    0.00    0.00
 7642    3.50   96.52  340.00    4.00    0.00   26.00
 7643    4.10   99.30    0.00    6.00    0.00   47.00
 7644    4.20   98.60  330.00    6.00    0.00   98.00
 7645    4.70  100.00  340.00    6.00    0.00   59.00
 7646    4.50  100.00  340.00    6.50    0.00   72.00
 7647    4.40   90.60  320.00    9.00    0.00   36.00
 7648    4.00  100.00  330.00    6.00    0.00    0.00
 7649    3.80  100.00  340.00    7.50    0.00    0.00
 7650    3.80  100.00  350.00    7.50    0.00    0.00
 7651    3.80  100.00  350.00    7.50    0.00    0.00
 7652    4.20   91.88    0.00    5.00    0.00    0.00
 7653    4.80   94.55   10.00    5.00    0.00    0.00
 7654    4.60   95.88   20.00    5.00    0.00    0.00
 7655    5.00   93.23   20.00    5.00    0.00    0.00
 7656    4.90   93.89   20.00    5.00    0.00    0.00
 7657    4.60   95.88   30.00    6.00    0.00    0.00
 7658    4.20   98.60   50.00    5.00    0.00    0.00
 7659    3.80   94.50   60.00    5.00    0.00    0.00
 7660    3.50   96.52   50.00    6.00    0.00    0.00
 7661    3.30   97.90    0.00    4.00    0.00    0.00
 7662    3.20   98.59    0.00    4.00    0.00    0.00
 7663    2.20   98.58   10.00    4.00    0.00    0.00
 7664    1.70  100.00    0.00    3.50    0.00    0.00
 7665    1.40   97.16   10.00    4.00    0.00    0.00
 7666    1.30   91.03    0.00    3.00  183.93   49.00
 7667    2.20   91.75   30.00    3.00  312.59   81.00
 7668    3.40   90.53   50.00    4.00  456.48  103.00
 7669    4.40   84.37   20.00    4.00  459.32  103.00
 7670    4.10   86.17   40.00    3.00  270.67   84.00
 7671    3.80   88.01   10.00    3.00  151.61   32.00
 7672    3.80   88.01   10.00    2.50    0.00    0.00
 7673    2.50   96.50   20.00    2.50    0.00    0.00
 7674    1.50   96.47   20.00    4.00    0.00    0.00
 7675    0.50  100.00   20.00    3.00    0.00    0.00
 7676    0.60  100.00   60.00    3.00    0.00    0.00
 7677    0.00   88.66   20.00    2.50    0.00    0.00
 7678    0.00   88.66   20.00    2.50    0.00    0.00
 7679    0.00   88.66   50.00    2.00    0.00    0.00
 7680   -0.70   89.76  100.00    1.50    0.00    0.00
 7681   -1.20   93.56    0.00    0.00    0.00    0.00
 7682   -1.40   95.13    0.00    0.00    0.00    0.00
 7683   -1.40   95.13   60.00    1.00    0.00    0.00
 7684   -1.30   94.34   50.00    1.00    0.00    0.00
 7685   -1.30   94.34   60.00    1.00    0.00    0.00
 7686   -1.00   92.02   80.00    1.00    0.00    0.00
 7687   -1.00   92.02   60.00    2.00    0.00    0.00
 7688   -1.50   95.92    0.00    1.00    0.00    0.00
 7689   -3.00   91.91   90.00    1.00    0.00    0.00
 7690   -1.00   92.02   50.00    1.00  107.32   45.00
 7691    0.00   88.66   30.00    1.00  151.51   81.00
 7692    0.00   88.66    0.00    0.00   27.60   96.00
 7693    0.00   88.66    0.00    1.00   27.76   98.00
 7694    0.00   88.66   10.00    1.00   27.60   83.00
 7695    0.00  100.00    0.00    1.00   17.33   43.00
 7696    0.00  100.00   30.00    1.00    0.00    0.00
 7697    0.00   88.66    0.00    0.00    0.00    0.00
 7698    0.00   81.59   20.00    0.50    0.00    0.00
 7699    0.00   88.66    0.00    0.00    0.00    0.00
 7700    0.00   88.66   30.00    1.00    0.00    0.00
 7701    0.00   88.66    0.00    0.00    0.00    0.00
 7702    0.00   88.66   20.00    2.00    0.00    0.00
 7703    0.00   88.66   30.00    2.00    0.00    0.00
 7704    0.00   88.66   30.00    2.00    0.00    0.00
 7705    0.00   88.66   10.00    2.00    0.00    0.00
 7706    0.00   88.66   30.00    2.00    0.00    0.00
 7707    0.00   88.66   20.00    2.00    0.00    0.00
 7708    0.00   88.66   30.00    2.00    0.00    0.00
 7709   -1.00   92.02   30.00    2.00    0.00    0.00
 7710   -2.30   94.30   10.00    2.00    0.00    0.00
 7711   -3.00  100.00   10.00    1.00    0.00    0.00
 7712   -3.40  100.00   30.00    1.00    0.00    0.00
 7713   -4.00   91.85    0.00    0.00    0.00    0.00
 7714   -3.40  100.00  100.00    0.50  264.32   43.00
 7715   -1.40  100.00    0.00    0.00  187.89   79.00
 7716    0.50   96.44  130.00    1.00  135.74  104.00
 7717    1.30   80.71  180.00    2.50  145.85   98.00
 7718    1.60   95.78  180.00    2.50  196.91   72.00
 7719    1.60   95.78  180.00    2.50  142.57   39.00
 7720    1.60   95.78  140.00    4.00    0.00    0.00
 7721    1.60   95.78  210.00    5.00    0.00    0.00
 7722    2.20   91.75  270.00    5.00    0.00    0.00
 7723    1.20   81.29  280.00    5.00    0.00    0.00
 7724    1.00   82.47  290.00    5.00    0.00    0.00
 7725    0.00   81.59  180.00    1.00    0.00    0.00
 7726   -0.60   89.03  180.00    1.00    0.00    0.00
 7727    0.00   88.66  240.00    1.00    0.00    0.00
 7728    0.00   81.59  230.00    1.00    0.00    0.00
 7729    0.00   88.66  290.00    1.00    0.00    0.00
 7730    0.00   88.66  270.00    1.00    0.00    0.00
 7731    0.00   88.66  250.00    1.00    0.00    0.00
 7732    0.00   88.66  250.00    1.00    0.00    0.00
 7733    0.00   88.66    0.00    1.00    0.00    0.00
 7734   -1.20   93.56   10.00    1.00    0.00    0.00
 7735   -3.20   93.47    0.00    1.00    0.00    0.00
 7736   -3.00   91.91    0.00    1.00    0.00    0.00
 7737   -3.00   91.91    0.00    1.00    0.00    0.00
 7738   -2.80   83.01    0.00    0.00  246.66   33.00
 7739   -1.30   79.73    0.00    0.00  524.85   73.00
 7740   -0.80   76.50    0.00    0.00  576.24   99.00
 7741    0.60   78.11  130.00    1.50  535.80  106.00
 7742    0.00   75.03  120.00    2.00    0.00  103.00
 7743    0.60   78.11  130.00    3.00    0.00   52.00
 7744    0.50   78.68  160.00    1.50    0.00    0.00
 7745    0.00   88.66  100.00    2.00    0.00    0.00
 7746    0.00   88.66  120.00    3.00    0.00    0.00
 7747    0.00   88.66  100.00    5.00    0.00    0.00
 7748    0.60  100.00  100.00    5.00    0.00    0.00
 7749    2.00  100.00  190.00    5.00    0.00    0.00
 7750    2.40   97.19  200.00    5.00    0.00    0.00
 7751    3.20   98.59  200.00    5.00    0.00    0.00
 7752    5.00  100.00  210.00    7.50    0.00    0.00
 7753    5.00  100.00  210.00    7.50    0.00    0.00
 7754    4.80  100.00  200.00    7.50    0.00    0.00
 7755    4.60  100.00  210.00    5.00    0.00    0.00
 7756    4.20   98.60  220.00    5.00    0.00    0.00
 7757    4.60  100.00  150.00    5.00    0.00    0.00
 7758    4.60  100.00  260.00    5.00    0.00    0.00
 7759    3.80  100.00   10.00    2.00    0.00    0.00
 7760    3.60  100.00   30.00    2.00    0.00    0.00
 7761    3.80  100.00   50.00    1.00    0.00    0.00
 7762    4.00  100.00   40.00    1.00    0.00   28.00
 7763    4.00  100.00    0.00    1.00    0.00   61.00
 7764    4.40   97.23  170.00    1.50    0.00   54.00
 7765    6.00  100.00  210.00    4.00    0.00   50.00
 7766    6.40   97.27  190.00    5.00    0.00   39.00
 7767    6.40   97.27  190.00    6.00    0.00   31.00
 7768    6.20   98.63  200.00    7.50    0.00    0.00
 7769    5.70  100.00  190.00    5.00    0.00    0.00
 7770    4.90  100.00  180.00    3.50    0.00    0.00
 7771    5.30   97.93  180.00    3.50    0.00    0.00
 7772    6.00   93.29  190.00    8.00    0.00    0.00
 7773    6.10   92.64  190.00    8.00    0.00    0.00
 7774    6.10   92.64  190.00    8.00    0.00    0.00
 7775    5.90   93.93  180.00    8.00    0.00    0.00
 7776    5.90   93.93  180.00    9.00    0.00    0.00
 7777    5.70   95.25  180.00    9.00    0.00    0.00
 7778    5.60   95.91  170.00    8.00    0.00    0.00
 7779    5.60   95.91  180.00    9.50    0.00    0.00
 7780    5.20   91.94  190.00    8.00    0.00    0.00
 7781    5.60   89.42  200.00   10.00    0.00    0.00
 7782    5.70   88.80  200.00   11.00    0.00    0.00
 7783    5.80  100.00  200.00    9.00    0.00    0.00
 7784    5.40   90.67  210.00    7.00    0.00    0.00
 7785    5.10   92.59  200.00    9.00    0.00    0.00
 7786    4.50   96.55  210.00    7.00   47.07   21.00
 7787    2.80  100.00  280.00    4.00    0.00   32.00
 7788    1.20   98.57  170.00    2.00    0.00   50.00
 7789    2.40   97.19    0.00    0.00    0.00   53.00
 7790    2.50   96.50  330.00    1.00   53.53   46.00
 7791    2.50  100.00    0.00    0.00   38.73   21.00
 7792    2.00  100.00  330.00    2.50    0.00    0.00
 7793    1.40   97.16  300.00    2.00    0.00    0.00
 7794    1.20   98.57  310.00    2.50    0.00    0.00
 7795    0.00   88.66  300.00    2.00    0.00    0.00
 7796    0.00   88.66  310.00    3.00    0.00    0.00
 7797   -0.90   83.93  350.00    2.50    0.00    0.00
 7798   -1.20   86.04   30.00    2.00    0.00    0.00
 7799   -1.50   81.07   10.00    3.00    0.00    0.00
 7800   -1.80   83.12   20.00    2.00    0.00    0.00
 7801   -2.20   93.51    0.00    4.00    0.00    0.00
 7802   -2.20   93.51   10.00    3.50    0.00    0.00
 7803   -2.40   95.09    0.00    4.50    0.00    0.00
 7804   -2.70   82.31  340.00    3.50    0.00    0.00
 7805   -2.80   90.37  350.00    3.50    0.00    0.00
 7806   -2.50   80.94  350.00    3.50    0.00    0.00
 7807   -2.00   84.52  350.00    3.50    0.00    0.00
 7808   -1.80   83.12  340.00    3.00    0.00    0.00
 7809   -1.30   94.34  350.00    1.00    0.00    0.00
 7810   -0.90   91.26   10.00    3.00    0.00   17.00
 7811   -0.60   89.03   10.00    2.00    0.00   46.00
 7812    0.00   88.66    0.00    1.00    0.00   55.00
 7813    0.00   81.59   20.00    1.00    0.00   56.00
 7814    0.90   76.44   20.00    2.00    0.00   51.00
 7815    1.30   80.71   20.00    2.00    0.00   20.00
 7816    0.80   83.67   20.00    3.00    0.00    0.00
 7817    1.00   93.02   20.00    2.00    0.00    0.00
 7818    1.10   92.35   30.00    2.00    0.00    0.00
 7819    1.30   91.03   20.00    3.00    0.00    0.00
 7820    1.40   90.38   20.00    3.00    0.00    0.00
 7821    1.60   95.78    0.00    2.50    0.00    0.00
 7822    1.40   90.38    0.00    2.00    0.00    0.00
 7823    1.40   90.38   10.00    3.00    0.00    0.00
 7824    1.50   96.47    0.00    2.00    0.00    0.00
 7825    1.40   97.16    0.00    2.00    0.00    0.00
 7826    1.20   98.57    0.00    2.00    0.00    0.00
 7827    1.00  100.00  350.00    2.00    0.00    0.00
 7828    1.00  100.00   10.00    2.00    0.00    0.00
 7829    1.00  100.00   10.00    2.50    0.00    0.00
 7830    0.60  100.00  320.00    1.00    0.00    0.00
 7831    0.00   88.66  110.00    1.00    0.00    0.00
 7832    0.00   88.66  120.00    1.00    0.00    0.00
 7833    0.00   88.66  140.00    1.00    0.00    0.00
 7834    0.00   88.66  140.00    1.50  141.05   27.00
 7835    0.80   94.37  150.00    3.00  263.58   58.00
 7836    1.10   92.35  160.00    2.50  234.38   70.00
 7837    3.80   88.01  200.00    3.50  188.81   64.00
 7838    4.20   85.57  190.00    4.00  228.01   61.00
 7839    4.00   93.18  160.00    4.00   71.52   20.00
 7840    4.40   90.60  190.00    6.00    0.00    0.00
 7841    4.40   90.60  180.00    5.00    0.00    0.00
 7842    4.30   91.24  190.00    8.00    0.00    0.00
 7843    4.60   95.88  180.00    5.00    0.00    0.00
 7844    4.60   95.88  180.00    9.00    0.00    0.00
 7845    4.70   95.21  180.00    6.00    0.00    0.00
 7846    4.80   94.55  170.00    9.00    0.00    0.00
 7847    4.70  100.00  180.00    7.00    0.00    0.00
 7848    4.80  100.00  180.00   10.00    0.00    0.00
 7849    4.70  100.00  180.00    8.50    0.00    0.00
 7850    4.60  100.00  170.00    8.00    0.00    0.00
 7851    4.60  100.00  170.00    9.00    0.00    0.00
 7852    5.20   91.94  190.00    7.00    0.00    0.00
 7853    5.70   95.25  190.00    7.50    0.00    0.00
 7854    5.60   95.91  180.00    3.00    0.00    0.00
 7855    5.90   93.93  190.00    6.00    0.00    0.00
 7856    5.00   93.23  190.00    1.00    0.00    0.00
 7857    5.00   93.23  190.00    2.00    0.00    0.00
 7858    5.10   92.59  210.00    4.00   20.86   17.00
 7859    5.10   92.59  210.00    4.00   50.04   41.00
 7860    5.40   90.67  220.00    4.00   62.15   54.00
 7861    5.40   90.67  230.00    2.00   62.19   78.00
 7862    5.40   90.67  240.00    2.00  106.58   45.00
 7863    5.60   95.91  250.00    1.00   62.94   21.00
 7864    5.20   91.94  330.00    0.50    0.00    0.00
 7865    4.90   93.89    0.00    0.00    0.00    0.00
 7866    4.60   95.88    0.00    0.00    0.00    0.00
 7867    3.40   97.21   20.00    2.50    0.00    0.00
 7868    2.50  100.00    0.00    4.00    0.00    0.00
 7869    1.00  100.00    0.00    2.00    0.00    0.00
 7870    0.80  100.00    0.00    2.00    0.00    0.00
 7871    0.60  100.00  350.00    1.50    0.00    0.00
 7872    0.50  100.00  350.00    2.50    0.00    0.00
 7873    0.00   88.66    0.00    3.00    0.00    0.00
 7874    0.00   88.66  350.00    3.00    0.00    0.00
 7875    0.00   88.66  350.00    2.50    0.00    0.00
 7876    0.00   88.66    0.00    4.00    0.00    0.00
 7877    0.00   88.66   10.00    3.50    0.00    0.00
 7878    0.00   88.66   10.00    5.00    0.00    0.00
 7879    0.60   95.74   10.00    7.00    0.00    0.00
 7880    0.50   96.44   10.00    6.00    0.00    0.00
 7881    0.00   88.66   20.00    6.00    0.00    0.00
 7882    0.00   88.66   10.00    4.00   32.39   19.00
 7883    0.00   88.66   20.00    4.50   51.06   43.00
 7884    0.00   88.66   30.00    5.00    0.00   50.00
 7885    0.00   88.66   20.00    7.00  115.76   66.00
 7886    0.00   88.66    0.00    4.00   57.38   53.00
 7887   -0.80   90.51   10.00    7.00   43.05   19.00
 7888   -1.00   84.62   10.00    9.00    0.00    0.00
 7889   -1.00   84.62   10.00    7.00    0.00    0.00
 7890   -1.20   86.04   10.00    6.00    0.00    0.00
 7891   -1.00   84.62   10.00    5.00    0.00    0.00
 7892   -1.20   86.04    0.00    7.00    0.00    0.00
 7893   -1.40   80.40    0.00    4.00    0.00    0.00
 7894   -1.80   76.34   60.00    6.00    0.00    0.00
 7895   -1.80   76.34   10.00    6.00    0.00    0.00
 7896   -2.00   77.63    0.00    5.00    0.00    0.00
 7897   -2.20   78.94    0.00    6.00    0.00    0.00
 7898   -2.20   78.94   10.00    5.00    0.00    0.00
 7899   -2.60   74.92    0.00    4.00    0.00    0.00
 7900   -2.80   76.19    0.00    4.00    0.00    0.00
 7901   -3.20   78.80   10.00    4.00    0.00    0.00
 7902   -3.20   78.80    0.00    4.00    0.00    0.00
 7903   -2.60   81.62    0.00    3.00    0.00    0.00
 7904   -2.50   80.94    0.00    2.50    0.00    0.00
 7905   -2.60   81.62    0.00    3.00    0.00    0.00
 7906   -2.40   80.27   10.00    2.50  212.33   26.00
 7907   -2.10   78.28   20.00    3.50  384.19   53.00
 7908   -1.80   70.07   20.00    6.00  524.04   62.00
 7909   -1.60   68.92   10.00    6.00  523.34   62.00
 7910   -1.80   70.07   10.00    5.00  473.12   51.00
 7911   -2.20   72.45    0.00    5.00  303.68   27.00
 7912   -2.80   69.89    0.00    5.00    0.00    0.00
 7913   -3.80   69.70    0.00    3.00    0.00    0.00
 7914   -4.40   73.33  350.00    2.50    0.00    0.00
 7915   -4.40   73.33    0.00    2.00    0.00    0.00
 7916   -4.40   80.00  350.00    3.00    0.00    0.00
 7917   -5.00   77.18  350.00    2.50    0.00    0.00
 7918   -5.20   78.51  350.00    3.00    0.00    0.00
 7919   -5.20   78.51  350.00    4.00    0.00    0.00
 7920   -5.60   81.25  350.00    2.00    0.00    0.00
 7921   -5.80   82.65  350.00    4.00    0.00    0.00
 7922   -5.60   81.25  340.00    4.00    0.00    0.00
 7923   -5.80   82.65   10.00    3.00    0.00    0.00
 7924   -5.80   82.65   20.00    3.00    0.00    0.00
 7925   -6.40   87.03   10.00    2.00    0.00    0.00
 7926   -6.40   87.03   10.00    3.00    0.00    0.00
 7927   -6.80   82.53   10.00    1.00    0.00    0.00
 7928   -6.80   82.53   10.00    2.00    0.00    0.00
 7929   -6.60   81.12    0.00    2.00    0.00    0.00
 7930   -6.40   87.03   20.00    2.00  284.55   27.00
 7931   -6.00   84.09   30.00    2.00  536.84   42.00
 7932   -5.40   87.12   30.00    2.00  635.39   49.00
 7933   -3.80   90.30   10.00    1.00  636.55   49.00
 7934   -2.80   76.19   10.00    2.00  541.00   42.00
 7935   -2.80   76.19   10.00    3.00  293.79   24.00
 7936   -3.00   77.48   30.00    2.00    0.00    0.00
 7937   -3.40   87.30    0.00    2.00    0.00    0.00
 7938   -4.00   84.30    0.00    1.50    0.00    0.00
 7939   -4.80   82.77    0.00    3.00    0.00    0.00
 7940   -5.00   84.20   20.00    2.00    0.00    0.00
 7941   -5.00   84.20   30.00    2.00    0.00    0.00
 7942   -5.60   81.25   20.00    2.50    0.00    0.00
 7943   -5.70   81.95   30.00    2.00    0.00    0.00
 7944   -6.40   87.03    0.00    1.00    0.00    0.00
 7945   -6.80   82.53   10.00    1.00    0.00    0.00
 7946   -6.60   81.12   20.00    1.00    0.00    0.00
 7947   -6.60   81.12   80.00    1.00    0.00    0.00
 7948   -6.20   85.55   20.00    1.00    0.00    0.00
 7949   -5.20   85.65    0.00    0.00    0.00    0.00
 7950   -5.00   84.20    0.00    0.00    0.00    0.00
 7951   -4.50   80.68    0.00    0.00    0.00    0.00
 7952   -4.20   78.65    0.00    0.00    0.00    0.00
 7953   -4.20   78.65    0.00    0.00    0.00    0.00
 7954   -3.40   87.30    0.00    0.00   95.53   32.00
 7955   -1.60   88.95    0.00    0.00  142.21   70.00
 7956   -0.80   83.24    0.00    0.00  154.40   91.00
 7957   -0.80   83.24    0.00    0.00  153.85   91.00
 7958    2.00   93.07    0.00    0.00  180.57   63.00
 7959    3.00   80.62    0.00    0.00   57.78   27.00
 7960    2.50   96.50    0.00    0.00    0.00    0.00
 7961    2.20   85.35    0.00    0.00    0.00    0.00
 7962    0.80   83.67   10.00    1.00    0.00    0.00
 7963    0.80   83.67    0.00    0.00    0.00    0.00
 7964    0.50   85.50  300.00    1.00    0.00    0.00
 7965    0.00   88.66  350.00    1.00    0.00    0.00
 7966   -1.00   84.62    0.00    1.00    0.00    0.00
 7967   -0.80   90.51   20.00    1.00    0.00    0.00
 7968   -1.00  100.00   20.00    1.00    0.00    0.00
 7969   -1.20   93.56    0.00    0.00    0.00    0.00
 7970   -1.80   90.44    0.00    0.00    0.00    0.00
 7971   -0.60   89.03    0.00    0.00    0.00    0.00
 7972    0.00  100.00    0.00    0.00    0.00    0.00
 7973    0.00  100.00    0.00    0.00    0.00    0.00
 7974    0.00  100.00  120.00    1.00    0.00    0.00
 7975    0.00  100.00  130.00    0.50    0.00    0.00
 7976    0.00   88.66    0.00    0.00    0.00    0.00
 7977    0.80  100.00    0.00    0.00    0.00    0.00
 7978    1.20   98.57  150.00    1.50    0.00   18.00
 7979    2.20   98.58  160.00    0.50    6.90   48.00
 7980    2.40   97.19    0.00    1.00    5.60   59.00
 7981    2.70  100.00    0.00    0.00    0.00   53.00
 7982    2.80  100.00    0.00    0.00    6.79   43.00
 7983    2.60  100.00    0.00    0.00   11.81   18.00
 7984    2.60  100.00    0.00    0.00    0.00    0.00
 7985    1.00  100.00    0.00    0.00    0.00    0.00
 7986    0.00  100.00    0.00    0.00    0.00    0.00
 7987   -1.00  100.00    0.00    0.00    0.00    0.00
 7988   -2.00   91.96    0.00    0.00    0.00    0.00
 7989   -2.00  100.00    0.00    0.00    0.00    0.00
 7990   -2.00   91.96    0.00    0.00    0.00    0.00
 7991   -2.80   90.37    0.00    0.00    0.00    0.00
 7992   -2.80   90.37    0.00    0.00    0.00    0.00
 7993   -3.00   91.91    0.00    0.00    0.00    0.00
 7994   -3.40   95.05    0.00    0.00    0.00    0.00
 7995   -3.60   88.79    0.00    0.00    0.00    0.00
 7996   -4.80   90.24    0.00    0.00    0.00    0.00
 7997   -5.40   94.98    0.00    0.00    0.00    0.00
 7998   -5.00   91.79    0.00    0.00    0.00    0.00
 7999   -5.20   93.37    0.00    0.00    0.00    0.00
 8000   -5.20   93.37  300.00    2.50    0.00    0.00
 8001   -4.60   88.71   30.00    2.50    0.00    0.00
 8002   -2.00   91.96    0.00    0.00  102.11   26.00
 8003   -1.20   93.56   30.00    2.50  175.87   63.00
 8004    0.00   81.59   40.00    2.00  198.74   83.00
 8005    0.50  100.00   30.00    2.00  321.74   71.00
 8006    1.60   95.78   30.00    2.50  482.08   41.00
 8007    1.40   80.13   50.00    3.00  266.86   19.00
 8008    0.70   84.27   40.00    1.50    0.00    0.00
 8009    0.00   88.66    0.00    1.00    0.00    0.00
 8010   -1.10   92.79   30.00    1.00    0.00    0.00
 8011   -1.20   93.56   30.00    1.00    0.00    0.00
 8012   -1.20   93.56   20.00    1.00    0.00    0.00
 8013   -1.60   88.95   20.00    1.00    0.00    0.00
 8014   -2.40   95.09    0.00    1.50    0.00    0.00
 8015   -2.50   80.94   20.00    1.00    0.00    0.00
 8016   -2.80   90.37   40.00    2.00    0.00    0.00
 8017   -3.10   92.68   60.00    2.00    0.00    0.00
 8018   -3.00   91.91   30.00    2.00    0.00    0.00
 8019   -2.00   91.96   60.00    1.00    0.00    0.00
 8020   -2.00   91.96   60.00    2.00    0.00    0.00
 8021   -2.20  100.00   60.00    2.00    0.00    0.00
 8022   -2.20  100.00   70.00    1.50    0.00    0.00
 8023   -3.20   93.47   80.00    1.50    0.00    0.00
 8024   -2.90   91.14   80.00    2.00    0.00    0.00
 8025   -3.00   91.91    0.00    0.00    0.00    0.00
 8026   -3.00   91.91   90.00    1.00    0.00    8.00
 8027   -3.00  100.00  150.00    1.00    0.00   21.00
 8028   -2.20  100.00  150.00    1.00    0.00   28.00
 8029   -2.00  100.00  150.00    1.00    0.00   29.00
 8030   -1.60   88.95    0.00    1.00    0.00   18.00
 8031   -1.80   98.35    0.00    1.00    0.00    6.00
 8032   -1.80   98.35    0.00    1.00    0.00    0.00
 8033   -1.80   98.35  340.00    1.00    0.00    0.00
 8034   -2.20  100.00   20.00    1.50    0.00    0.00
 8035   -2.00   91.96   10.00    0.50    0.00    0.00
 8036   -2.20   93.51   20.00    1.00    0.00    0.00
 8037   -2.40   95.09   50.00    1.50    0.00    0.00
 8038   -2.40   95.09   90.00    1.00    0.00    0.00
 8039   -2.30   94.30   90.00    1.00    0.00    0.00
 8040   -2.30  100.00   90.00    0.50    0.00    0.00
 8041   -2.10   92.73  150.00    0.50    0.00    0.00
 8042   -1.30   94.34    0.00    0.00    0.00    0.00
 8043   -1.10   92.79    0.00    0.00    0.00    0.00
 8044    0.00   81.59    0.00    0.00    0.00    0.00
 8045    0.00   88.66    0.00    0.00    0.00    0.00
 8046    0.00   88.66    0.00    0.00    0.00    0.00
 8047    0.00   88.66  230.00    0.50    0.00    0.00
 8048    0.00  100.00    0.00    0.00    0.00    0.00
 8049    0.50   85.50    0.00    0.00    0.00    0.00
 8050    0.70  100.00  320.00    0.50    0.00   16.00
 8051    0.70  100.00    0.00    0.00   36.49   59.00
 8052    0.60  100.00   10.00    0.50   35.02   75.00
 8053    0.00   88.66    0.00    1.00   63.66   82.00
 8054    0.00   88.66    0.00    1.00   56.60   60.00
 8055    0.00  100.00  350.00    1.00   37.62   21.00
 8056    0.00  100.00    0.00    2.50    0.00    0.00
 8057    0.00  100.00  350.00    1.00    0.00    0.00
 8058    0.00  100.00  330.00    1.00    0.00    0.00
 8059   -0.60   96.74   10.00    1.00    0.00    0.00
 8060   -0.80   98.36   10.00    1.00    0.00    0.00
 8061   -1.20  100.00    0.00    1.00    0.00    0.00
 8062   -2.30   94.30    0.00    1.00    0.00    0.00
 8063   -2.40   95.09   10.00    1.00    0.00    0.00
 8064   -2.40  100.00   40.00    1.00    0.00    0.00
 8065   -2.40  100.00   40.00    1.00    0.00    0.00
 8066   -2.60   96.70   10.00    1.00    0.00    0.00
 8067   -2.80   90.37   10.00    1.00    0.00    0.00
 8068   -2.90   91.14   20.00    1.00    0.00    0.00
 8069   -3.10   92.68   30.00    1.50    0.00    0.00
 8070   -3.20   93.47   20.00    1.00    0.00    0.00
 8071   -3.50   88.04   10.00    1.00    0.00    0.00
 8072   -3.70   89.54   20.00    1.00    0.00    0.00
 8073   -3.70   89.54   20.00    1.00    0.00    0.00
 8074   -4.70   89.47   20.00    1.00  183.31   24.00
 8075   -4.10  100.00   20.00    1.00  326.82   54.00
 8076   -2.20   93.51   90.00    0.50  366.64   70.00
 8077   -1.00   92.02    0.00    0.00  363.02   69.00
 8078   -1.20   93.56    0.00    0.00  308.10   52.00
 8079    0.00   88.66  210.00    1.00    0.00    9.00
 8080    0.00  100.00  210.00    0.50    0.00    0.00
 8081    0.00  100.00    0.00    0.00    0.00    0.00
 8082    0.00   88.66  170.00    1.00    0.00    0.00
 8083    0.00   88.66  180.00    1.00    0.00    0.00
 8084    0.00   88.66    0.00    0.00    0.00    0.00
 8085    0.00   88.66    0.00    0.00    0.00    0.00
 8086    0.00   88.66    0.00    0.00    0.00    0.00
 8087    0.00   88.66    0.00    0.00    0.00    0.00
 8088    0.00   88.66    0.00    0.00    0.00    0.00
 8089    0.00   88.66    0.00    0.00    0.00    0.00
 8090    0.00   88.66    0.00    0.00    0.00    0.00
 8091    0.00   88.66   10.00    0.50    0.00    0.00
 8092    0.00   88.66    0.00    0.00    0.00    0.00
 8093    0.00  100.00    0.00    0.00    0.00    0.00
 8094    0.00  100.00  170.00    1.00    0.00    0.00
 8095    0.00  100.00  170.00    1.00    0.00    0.00
 8096    0.00  100.00  190.00    1.00    0.00    0.00
 8097    0.00  100.00  190.00    1.00    0.00    0.00
 8098    0.00  100.00    0.00    0.00    0.00    7.00
 8099    0.00  100.00  160.00    1.00    0.00   18.00
 8100    0.00  100.00  160.00    1.00    0.00   25.00
 8101    0.00  100.00  160.00    1.00    0.00   25.00
 8102    0.00  100.00  170.00    1.00    0.00   18.00
 8103    0.00  100.00  180.00    1.00    0.00    6.00
 8104    0.00  100.00  180.00    2.00    0.00    0.00
 8105    0.00  100.00  160.00    2.50    0.00    0.00
 8106    0.00  100.00  180.00    2.50    0.00    0.00
 8107    0.00  100.00  180.00    2.50    0.00    0.00
 8108    0.00  100.00  140.00    1.00    0.00    0.00
 8109    0.00  100.00    0.00    0.00    0.00    0.00
 8110    0.00  100.00  190.00    1.00    0.00    0.00
 8111    0.00  100.00  210.00    0.50    0.00    0.00
 8112    0.00  100.00  180.00    0.50    0.00    0.00
 8113    0.00   88.66  200.00    1.00    0.00    0.00
 8114    0.00   88.66  180.00    1.00    0.00    0.00
 8115    0.00   88.66    0.00    0.00    0.00    0.00
 8116    0.50   96.44    0.00    0.00    0.00    0.00
 8117    0.00   88.66    0.00    0.00    0.00    0.00
 8118    0.00  100.00  350.00    1.00    0.00    0.00
 8119    0.00   88.66    0.00    1.00    0.00    0.00
 8120    0.00   88.66   20.00    1.00    0.00    0.00
 8121    0.00   88.66   30.00    1.00    0.00    0.00
 8122    0.00   88.66   40.00    2.00    0.00    9.00
 8123    1.40   73.74   10.00    1.00    0.00   27.00
 8124    1.80   71.65   30.00    3.00    0.00   39.00
 8125   -1.50   88.21   30.00    1.50    0.00   38.00
 8126   -1.20   93.56   30.00    2.50    0.00   30.00
 8127   -1.10   92.79   30.00    2.50    0.00   10.00
 8128   -1.20   93.56   40.00    1.00    0.00    0.00
 8129   -0.90   91.26   40.00    5.00    0.00    0.00
 8130   -0.80   90.51   40.00    4.00    0.00    0.00
 8131   -1.10   92.79   60.00    4.00    0.00    0.00
 8132   -1.30   94.34   30.00    2.50    0.00    0.00
 8133   -0.80   98.36   50.00    5.00    0.00    0.00
 8134    0.00   88.66   40.00    3.00    0.00    0.00
 8135    0.00   88.66   30.00    4.00    0.00    0.00
 8136    0.00   88.66    0.00    3.50    0.00    0.00
 8137    0.00   88.66    0.00    1.50    0.00    0.00
 8138    0.50   96.44    0.00    3.00    0.00    0.00
 8139    0.60   95.74    0.00    2.00    0.00    0.00
 8140    0.70   95.05    0.00    3.00    0.00    0.00
 8141    0.80   94.37    0.00    2.00    0.00    0.00
 8142    0.80   94.37   20.00    2.50    0.00    0.00
 8143    1.00   82.47   20.00    4.00    0.00    0.00
 8144    0.90   83.07   20.00    3.50    0.00    0.00
 8145    0.90   93.69   30.00    5.50    0.00    0.00
 8146    0.00   88.66   40.00    5.00   46.65   17.00
 8147    0.70   84.27   30.00    6.00  109.35   53.00
 8148    0.00   81.59   30.00    3.00   67.45   73.00
 8149    0.00   88.66   30.00    4.00   60.45   67.00
 8150    0.00   88.66   30.00    4.00   51.87   45.00
 8151    0.00  100.00   30.00    4.00   13.39   11.00
 8152   -1.20  100.00   60.00    4.00    0.00    0.00
 8153   -1.40   95.13   30.00    3.00    0.00    0.00
 8154   -2.10   78.28   50.00    7.50    0.00    0.00
 8155   -3.00   77.48   40.00    4.00    0.00    0.00
 8156   -3.40   80.13   50.00    4.00    0.00    0.00
 8157   -4.00   70.89   50.00    2.50    0.00    0.00
 8158   -3.80   69.70   50.00    3.50    0.00    0.00
 8159   -4.10   71.49   40.00    3.00    0.00    0.00
 8160   -4.20   72.10   50.00    4.50    0.00    0.00
 8161   -4.70   75.23   50.00    4.00    0.00    0.00
 8162   -4.80   75.87   40.00    3.50    0.00    0.00
 8163   -5.00   77.18   50.00    4.50    0.00    0.00
 8164   -5.80   69.31   40.00    3.50    0.00    0.00
 8165   -6.10   71.13   40.00    4.00    0.00    0.00
 8166   -6.30   72.36   50.00    3.00    0.00    0.00
 8167   -6.10   84.81   50.00    2.00    0.00    0.00
 8168   -6.20   85.55   40.00    3.00    0.00    0.00
 8169   -6.40   87.03   60.00    4.00    0.00    0.00
 8170   -5.60   81.25   70.00    5.00   80.28   22.00
 8171   -4.80   75.87   70.00    5.00  222.16   57.00
 8172   -4.20   78.65   90.00    3.00   62.00   84.00
 8173   -3.60   74.76   70.00    4.00   61.02   84.00
 8174   -3.20   78.80   60.00    4.00   52.38   61.00
 8175   -3.20   78.80   80.00    4.00   27.15   20.00
 8176   -2.80   83.01   90.00    4.50    0.00    0.00
 8177   -2.60   81.62   90.00    3.00    0.00    0.00
 8178   -0.90   91.26  100.00    6.00    0.00    0.00
 8179    0.00   88.66  100.00    4.00    0.00    0.00
 8180    0.00   88.66  100.00    4.50    0.00    0.00
 8181    0.00   88.66  100.00    4.50    0.00    0.00
 8182    0.90   93.69   90.00    3.50    0.00    0.00
 8183    1.40   97.16  110.00    6.00    0.00    0.00
 8184    1.50  100.00   90.00    8.00    0.00    0.00
 8185    2.00  100.00  110.00    6.00    0.00    0.00
 8186    2.20   85.35  100.00    8.00    0.00    0.00
 8187    2.20   85.35  120.00    8.00    0.00    0.00
 8188    2.40   84.14  110.00   10.00    0.00    0.00
 8189    2.40   84.14  100.00   11.00    0.00    0.00
 8190    2.20   85.35  110.00    7.00    0.00    0.00
 8191    2.20   91.75   90.00    8.00    0.00    0.00
 8192    2.20   91.75  120.00    8.00    0.00    0.00
 8193    2.00  100.00  110.00    8.00    0.00    0.00
 8194    1.90   93.74  110.00    8.00    0.00    6.00
 8195    1.70   95.09  110.00    8.50    0.00   25.00
 8196    2.40   84.14  120.00    7.50    0.00   36.00
 8197    2.70   88.54  110.00    9.00    0.00   36.00
 8198    3.00   93.13  100.00    9.00   30.20   36.00
 8199    3.00   93.13  100.00    8.50   13.74    8.00
 8200    2.90   87.29  110.00    9.00    0.00    0.00
 8201    2.30   91.10  110.00   11.00    0.00    0.00
 8202    2.20   91.75   90.00    7.50    0.00    0.00
 8203    1.90   87.20  100.00    6.00    0.00    0.00
 8204    1.80   94.41   90.00    7.00    0.00    0.00
 8205    1.60   95.78   90.00    7.00    0.00    0.00
 8206    1.80   94.41   90.00    9.00    0.00    0.00
 8207    1.70   95.09   90.00    8.00    0.00    0.00
 8208    1.80   94.41   90.00    9.00    0.00    0.00
 8209    1.70   95.09   90.00    8.50    0.00    0.00
 8210    1.50   96.47   90.00    9.50    0.00    0.00
 8211    1.30   91.03   80.00    8.00    0.00    0.00
 8212    1.30   80.71   90.00    6.00    0.00    0.00
 8213    1.60   89.09  100.00    4.00    0.00    0.00
 8214    1.60   89.09  100.00    5.00    0.00    0.00
 8215    2.00   86.57  100.00    5.00    0.00    0.00
 8216    2.20   85.35  100.00    6.50    0.00    0.00
 8217    2.40   84.14  100.00    6.00    0.00    0.00
 8218    2.60   89.17  100.00    7.00   34.17    8.00
 8219    2.70   88.54  110.00    6.00  106.23   42.00
 8220    3.10   86.06  110.00    8.00  113.90   51.00
 8221    3.30   84.85   90.00    5.00   49.66   42.00
 8222    3.20   85.46  100.00    5.00   38.06   30.00
 8223    3.20   85.46   90.00    6.00   13.89    7.00
 8224    3.00   86.68  110.00    4.00    0.00    0.00
 8225    3.60   89.26   90.00    5.00    0.00    0.00
 8226    3.40   84.26  100.00    5.00    0.00    0.00
 8227    3.00   86.68  100.00    6.00    0.00    0.00
 8228    2.80   87.91   90.00    6.00    0.00    0.00
 8229    3.00   86.68  110.00    5.00    0.00    0.00
 8230    2.60   89.17  100.00    6.00    0.00    0.00
 8231    2.20   91.75  100.00    3.00    0.00    0.00
 8232    2.00   93.07  100.00    3.00    0.00    0.00
 8233    1.80   94.41  100.00    2.00    0.00    0.00
 8234    1.60   95.78  100.00    4.00    0.00    0.00
 8235    1.60   95.78   90.00    3.00    0.00    0.00
 8236    1.00   82.47  100.00    6.00    0.00    0.00
 8237    1.00   82.47  110.00    6.00    0.00    0.00
 8238    0.80   83.67  110.00    4.00    0.00    0.00
 8239    0.00   81.59  100.00    7.00    0.00    0.00
 8240    0.00   81.59  100.00    5.00    0.00    0.00
 8241    0.00   81.59   90.00    5.00    0.00    0.00
 8242    0.00   81.59  110.00    5.00  156.66   13.00
 8243    0.00   88.66   90.00    5.00  347.96   40.00
 8244    0.70   77.55   90.00    5.00  408.74   55.00
 8245    1.00   75.89   90.00    7.50  469.08   54.00
 8246    0.80   76.99  110.00    4.00  398.74   40.00
 8247    0.00   81.59  100.00    7.50  140.19   13.00
 8248    0.00   81.59  100.00    7.50    0.00    0.00
 8249    0.00   75.03   90.00    8.50    0.00    0.00
 8250    0.00   75.03   90.00    8.00    0.00    0.00
 8251   -0.60   81.87   90.00    7.50    0.00    0.00
 8252   -1.00   77.77  120.00    4.00    0.00    0.00
 8253   -1.10   78.42  110.00    3.50    0.00    0.00
 8254   -1.40   80.40  120.00    5.00    0.00    0.00
 8255   -1.40   80.40  110.00    8.00    0.00    0.00
 8256   -1.50   81.07  100.00    8.50    0.00    0.00
 8257   -1.40   80.40  110.00    7.50    0.00    0.00
 8258   -1.60   81.75  100.00    8.00    0.00    0.00
 8259   -1.60   81.75  120.00    5.50    0.00    0.00
 8260   -1.40   80.40  110.00    7.00    0.00    0.00
 8261   -1.30   79.73  110.00    6.00    0.00    0.00
 8262   -1.30   79.73  100.00    7.00    0.00    0.00
 8263   -1.70   75.71  100.00    7.00    0.00    0.00
 8264   -2.00   77.63  110.00    8.00    0.00    0.00
 8265   -2.20   78.94  120.00    7.50    0.00    0.00
 8266   -2.00   77.63  120.00    5.50  108.88   14.00
 8267   -1.60   75.08  120.00    5.50  109.12   52.00
 8268   -1.00   77.77  120.00    8.00  128.84   75.00
 8269   -0.60   75.24  120.00    9.00    0.00   81.00
 8270    0.00   75.03  120.00    7.50    0.00   56.00
 8271    0.00   68.95  120.00    4.50    0.00   16.00
 8272    0.00   75.03  140.00    5.00    0.00    0.00
 8273    0.00   75.03  140.00    5.00    0.00    0.00
 8274    1.00   75.89  130.00    8.00    0.00    0.00
 8275    1.20   74.80  130.00    7.00    0.00    0.00
 8276    1.40   73.74  130.00    8.00    0.00    0.00
 8277    2.00   86.57  150.00    9.00    0.00    0.00
 8278    2.20   85.35  150.00   10.00    0.00    0.00
 8279    1.80   94.41  150.00   12.00    0.00    0.00
 8280    0.60   84.89  150.00    8.00    0.00    0.00
 8281    0.00   88.66  150.00    7.00    0.00    0.00
 8282    0.60  100.00  140.00    6.00    0.00    0.00
 8283    0.60  100.00  150.00    6.00    0.00    0.00
 8284    1.20   98.57  140.00    9.00    0.00    0.00
 8285    1.30   97.86  150.00    6.00    0.00    0.00
 8286    1.40   97.16  160.00    6.00    0.00    0.00
 8287    1.50   96.47  150.00    6.00    0.00    0.00
 8288    1.60   95.78  150.00    4.50    0.00    0.00
 8289    1.80   94.41  130.00    4.00    0.00    0.00
 8290    1.40   97.16  140.00    5.00    0.00    4.00
 8291    1.60  100.00  140.00    4.50    0.00   20.00
 8292    1.80  100.00  140.00    6.00    0.00   27.00
 8293    1.80  100.00  130.00    5.00    0.00   24.00
 8294    1.80  100.00  140.00    6.00    0.00   17.00
 8295    1.80  100.00  130.00    5.00    0.00    3.00
 8296    2.00  100.00  130.00    5.00    0.00    0.00
 8297    2.10   99.29  130.00    6.00    0.00    0.00
 8298    2.30   97.88  140.00    3.50    0.00    0.00
 8299    2.20   98.58  150.00    4.50    0.00    0.00
 8300    2.10   99.29  150.00    7.50    0.00    0.00
 8301    2.00  100.00  140.00    5.50    0.00    0.00
 8302    2.00  100.00  150.00    6.00    0.00    0.00
 8303    2.40   97.19  160.00    5.50    0.00    0.00
 8304    2.60  100.00  160.00    5.00    0.00    0.00
 8305    2.80  100.00  150.00    4.00    0.00    0.00
 8306    2.60  100.00  140.00    4.00    0.00    0.00
 8307    2.60  100.00  160.00    4.00    0.00    0.00
 8308    2.40   97.19  160.00    2.50    0.00    0.00
 8309    2.80  100.00  170.00    4.00    0.00    0.00
 8310    3.20   98.59  180.00    2.50    0.00    0.00
 8311    4.80  100.00  180.00    3.00    0.00    0.00
 8312    4.80  100.00  180.00    3.00    0.00    0.00
 8313    5.30   97.93  180.00    4.00    0.00    0.00
 8314    5.90  100.00  220.00    5.00    0.00    1.00
 8315    5.80  100.00  220.00    5.00    8.60   21.00
 8316    6.00   93.29  220.00    5.00   19.62   44.00
 8317    6.00  100.00  240.00    5.50   50.98   45.00
 8318    6.00  100.00  240.00    5.00   23.40   23.00
 8319    6.00  100.00  220.00    4.00    0.00    1.00
 8320    5.10   99.30  230.00    5.00    0.00    0.00
 8321    4.90  100.00  220.00    5.50    0.00    0.00
 8322    5.20   98.62  220.00    5.50    0.00    0.00
 8323    5.40   97.25  210.00    6.00    0.00    0.00
 8324    5.40   97.25  200.00    6.00    0.00    0.00
 8325    5.20   98.62  200.00    7.00    0.00    0.00
 8326    5.40   97.25  210.00    6.00    0.00    0.00
 8327    5.60  100.00  220.00    5.00    0.00    0.00
 8328    5.50  100.00  230.00    6.00    0.00    0.00
 8329    5.50  100.00  210.00    5.00    0.00    0.00
 8330    5.40   97.25  230.00    5.00    0.00    0.00
 8331    5.20   98.62  220.00    6.00    0.00    0.00
 8332    5.00  100.00  200.00    4.00    0.00    0.00
 8333    5.20   98.62  250.00    7.50    0.00    0.00
 8334    5.00  100.00  290.00    6.00    0.00    0.00
 8335    5.20   98.62  280.00    6.00    0.00    0.00
 8336    4.40   90.60  280.00    5.00    0.00    0.00
 8337    4.20   91.88  270.00    2.50    0.00    0.00
 8338    4.20   91.88  270.00    2.50   59.17    6.00
 8339    4.20   85.57    0.00    0.00  269.32   41.00
 8340    5.40   90.67    0.00    0.00  237.05   59.00
 8341    6.40   84.60    0.00    0.00  230.52   60.00
 8342    5.50   90.04    0.00    0.00   70.47   44.00
 8343    5.60   95.91    0.00    0.00    0.00    3.00
 8344    5.40   90.67  180.00    1.00    0.00    0.00
 8345    5.20   91.94  180.00    1.00    0.00    0.00
 8346    4.90   93.89  180.00    1.00    0.00    0.00
 8347    4.70   95.21  230.00    2.00    0.00    0.00
 8348    5.00   93.23  180.00    1.00    0.00    0.00
 8349    5.00  100.00  180.00    2.00    0.00    0.00
 8350    5.00  100.00  180.00    2.00    0.00    0.00
 8351    4.90  100.00  190.00    2.00    0.00    0.00
 8352    5.00  100.00  120.00    2.50    0.00    0.00
 8353    5.20   98.62  220.00    2.50    0.00    0.00
 8354    5.00  100.00  210.00    2.50    0.00    0.00
 8355    5.00  100.00  210.00    2.50    0.00    0.00
 8356    4.80  100.00  200.00    2.50    0.00    0.00
 8357    5.20   98.62  230.00    4.00    0.00    0.00
 8358    5.50  100.00  230.00    4.00    0.00    0.00
 8359    5.50  100.00  210.00    2.50    0.00    0.00
 8360    5.40   97.25  200.00    5.00    0.00    0.00
 8361    4.50  100.00  200.00    4.50    0.00    0.00
 8362    5.60  100.00  200.00    7.00    0.00    0.00
 8363    5.60  100.00  200.00    7.50    0.00   11.00
 8364    5.70  100.00  200.00    7.50    0.00   17.00
 8365    5.80  100.00  230.00    6.00    0.00   22.00
 8366    6.90  100.00  240.00    7.00   39.27   30.00
 8367    6.80  100.00  260.00    7.00    0.00    0.00
 8368    5.90  100.00  270.00    7.00    0.00    0.00
 8369    6.10   99.31  270.00    6.00    0.00    0.00
 8370    6.10   99.31  280.00    9.00    0.00    0.00
 8371    6.10   99.31  280.00    6.00    0.00    0.00
 8372    5.50  100.00  270.00    5.00    0.00    0.00
 8373    4.70   95.21  270.00    2.50    0.00    0.00
 8374    5.00   93.23  280.00    4.00    0.00    0.00
 8375    4.50   96.55  270.00    2.50    0.00    0.00
 8376    4.00   93.18  280.00    2.50    0.00    0.00
 8377    3.80   94.50  290.00    5.50    0.00    0.00
 8378    3.60   95.84  300.00    3.50    0.00    0.00
 8379    3.40   97.21    0.00    0.00    0.00    0.00
 8380    3.10   99.29  150.00    0.50    0.00    0.00
 8381    2.80   94.46  180.00    1.00    0.00    0.00
 8382    2.20   98.58  180.00    2.50    0.00    0.00
 8383    2.20   98.58  160.00    3.00    0.00    0.00
 8384    2.20   98.58  150.00    2.00    0.00    0.00
 8385    2.20   98.58  200.00    3.00    0.00    0.00
 8386    2.40   97.19  180.00    5.00    0.00    2.00
 8387    2.00  100.00  220.00    4.00    0.00   14.00
 8388    3.00  100.00  230.00    5.00    0.00   25.00
 8389    3.30   97.90  210.00    6.00    0.00   30.00
 8390    3.00  100.00  180.00    5.00    0.00   17.00
 8391    2.50   96.50  190.00    4.00    0.00    6.00
 8392    2.50   96.50  180.00    4.00    0.00    0.00
 8393    3.00   93.13  210.00    3.00    0.00    0.00
 8394    3.30   97.90  210.00    4.50    0.00    0.00
 8395    3.40   97.21  200.00    4.50    0.00    0.00
 8396    3.00  100.00  200.00    5.50    0.00    0.00
 8397    3.40   97.21  200.00    7.00    0.00    0.00
 8398    3.70  100.00  200.00    5.50    0.00    0.00
 8399    4.20   98.60  190.00    7.00    0.00    0.00
 8400    4.30   97.91  190.00    8.00    0.00    0.00
 8401    4.30   97.91  190.00    7.50    0.00    0.00
 8402    4.30   97.91  190.00    4.50    0.00    0.00
 8403    4.30   97.91  200.00    4.00    0.00    0.00
 8404    4.60  100.00  220.00    4.00    0.00    0.00
 8405    4.80  100.00  210.00    4.50    0.00    0.00
 8406    4.70  100.00  220.00    5.50    0.00    0.00
 8407    5.30   97.93  210.00    5.50    0.00    0.00
 8408    5.10   99.30  220.00    5.50    0.00    0.00
 8409    4.90  100.00  210.00    6.00    0.00    0.00
 8410    4.90  100.00  210.00    7.00    0.00    1.00
 8411    5.00  100.00  210.00    7.00    0.00   18.00
 8412    4.90  100.00  220.00    7.50    0.00   28.00
 8413    4.80  100.00  210.00    8.00    0.00   27.00
 8414    4.80  100.00  220.00    6.00    0.00   18.00
 8415    4.60  100.00  200.00    5.00    0.00    1.00
 8416    4.80  100.00  230.00    7.00    0.00    0.00
 8417    5.00  100.00  220.00    6.50    0.00    0.00
 8418    4.80  100.00  230.00    6.00    0.00    0.00
 8419    5.40   97.25  250.00    5.00    0.00    0.00
 8420    5.40   97.25  240.00    5.00    0.00    0.00
 8421    5.70   95.25  300.00    1.50    0.00    0.00
 8422    5.70  100.00  310.00    1.50    0.00    0.00
 8423    5.20   91.94  290.00    1.00    0.00    0.00
 8424    2.80   94.46    0.00    1.50    0.00    0.00
 8425    2.00   93.07   10.00    1.00    0.00    0.00
 8426    1.50   96.47   20.00    1.50    0.00    0.00
 8427    0.90   93.69    0.00    0.00    0.00    0.00
 8428    0.50   96.44    0.00    0.00    0.00    0.00
 8429   -1.50   88.21    0.00    0.00    0.00    0.00
 8430   -1.10   92.79    0.00    0.00    0.00    0.00
 8431   -1.70   89.69   80.00    1.00    0.00    0.00
 8432   -1.70   89.69   90.00    1.50    0.00    0.00
 8433   -2.20   93.51   70.00    1.50    0.00    0.00
 8434   -2.00   91.96   90.00    1.00  108.09   11.00
 8435   -0.60   89.03    0.00    0.00  287.57   43.00
 8436    1.40   90.38    0.00    0.00  382.60   55.00
 8437    1.50   96.47  150.00    1.00  362.94   54.00
 8438    0.90   93.69  180.00    3.50    0.00   13.00
 8439    0.00  100.00  160.00    4.50    0.00    3.00
 8440    0.00  100.00  160.00    4.50    0.00    0.00
 8441    0.00  100.00  140.00    2.50    0.00    0.00
 8442    0.80  100.00  140.00    2.50    0.00    0.00
 8443    0.50  100.00  140.00    3.50    0.00    0.00
 8444    1.00  100.00  140.00    3.50    0.00    0.00
 8445    1.20   98.57  140.00    3.00    0.00    0.00
 8446    1.80  100.00  190.00    2.50    0.00    0.00
 8447    1.80  100.00  200.00    2.50    0.00    0.00
 8448    2.00  100.00  160.00    2.50    0.00    0.00
 8449    1.90  100.00  160.00    2.50    0.00    0.00
 8450    1.80  100.00  170.00    3.50    0.00    0.00
 8451    1.60  100.00    0.00    0.00    0.00    0.00
 8452    1.00  100.00    0.00    0.00    0.00    0.00
 8453   -0.50   95.95    0.00    0.00    0.00    0.00
 8454    1.00  100.00    0.00    0.00    0.00    0.00
 8455    1.10   99.28  170.00    1.00    0.00    0.00
 8456    0.90  100.00  200.00    1.00    0.00    0.00
 8457    1.00  100.00  260.00    2.50    0.00    0.00
 8458    2.00  100.00  250.00    2.50    0.00    3.00
 8459    2.00  100.00  180.00    1.00   36.17   25.00
 8460    2.00  100.00  230.00    4.00   40.39   37.00
 8461    2.00  100.00  200.00    5.00    0.00    2.00
 8462    1.90  100.00  180.00    4.00    0.00   17.00
 8463    2.60  100.00  200.00    4.00    0.00    2.00
 8464    2.60  100.00  230.00    4.00    0.00    0.00
 8465    2.30   97.88  240.00    5.00    0.00    0.00
 8466    2.70  100.00  230.00    5.00    0.00    0.00
 8467    2.40   97.19  210.00    5.00    0.00    0.00
 8468    2.10   99.29  230.00    6.00    0.00    0.00
 8469    2.00  100.00  230.00    5.00    0.00    0.00
 8470    2.00  100.00  230.00    5.50    0.00    0.00
 8471    2.30   97.88  230.00    5.50    0.00    0.00
 8472    2.70  100.00  240.00    6.00    0.00    0.00
 8473    4.50  100.00  240.00    5.00    0.00    0.00
 8474    4.50  100.00  230.00    4.50    0.00    0.00
 8475    4.70  100.00  230.00    6.00    0.00    0.00
 8476    4.60  100.00  250.00    4.00    0.00    0.00
 8477    4.30   97.91  250.00    3.00    0.00    0.00
 8478    4.40   97.23  260.00    3.00    0.00    0.00
 8479    5.00  100.00  270.00    4.00    0.00    0.00
 8480    5.70  100.00  290.00    1.50    0.00    0.00
 8481    6.00  100.00  340.00    1.00    0.00    0.00
 8482    5.50   96.58  270.00    2.00    0.00    1.00
 8483    5.30   97.93    0.00    0.00  145.41   36.00
 8484    4.50  100.00    0.00    0.00    0.00    2.00
 8485    4.70  100.00    0.00    0.00    0.00   17.00
 8486    4.60  100.00    0.00    0.00    0.00   17.00
 8487    5.30   97.93    0.00    0.00    0.00    0.00
 8488    5.20   98.62  200.00    1.50    0.00    0.00
 8489    5.10   99.30  240.00    2.50    0.00    0.00
 8490    5.00  100.00  270.00    3.00    0.00    0.00
 8491    4.80  100.00  240.00    1.50    0.00    0.00
 8492    4.40   97.23  260.00    1.00    0.00    0.00
 8493    4.40   97.23  240.00    1.00    0.00    0.00
 8494    4.20   98.60    0.00    0.00    0.00    0.00
 8495    4.00  100.00    0.00    0.00    0.00    0.00
 8496    3.00  100.00   20.00    1.00    0.00    0.00
 8497    2.90  100.00   20.00    2.50    0.00    0.00
 8498    2.90  100.00  100.00   15.00    0.00    0.00
 8499    2.90  100.00  200.00    1.00    0.00    0.00
 8500    2.50  100.00   30.00    1.00    0.00    0.00
 8501    2.00  100.00   30.00    2.00    0.00    0.00
 8502    1.70  100.00   30.00    2.50    0.00    0.00
 8503    1.80  100.00   40.00    1.00    0.00    0.00
 8504    1.80  100.00   20.00    1.00    0.00    0.00
 8505    1.90  100.00   40.00    1.00    0.00    0.00
 8506    2.00  100.00  100.00    1.00    0.00    2.00
 8507    2.20   98.58  120.00    1.00    0.00   19.00
 8508    3.00  100.00   90.00    2.00    0.00   26.00
 8509    3.00  100.00  120.00    2.00    0.00   28.00
 8510    3.00  100.00  100.00    1.00    0.00   19.00
 8511    3.10   99.29  150.00    1.00    0.00    2.00
 8512    3.00  100.00  120.00    1.00    0.00    0.00
 8513    3.50  100.00  140.00    1.50    0.00    0.00
 8514    3.80  100.00  170.00    1.50    0.00    0.00
 8515    4.00  100.00  170.00    1.50    0.00    0.00
 8516    4.00  100.00  180.00    4.00    0.00    0.00
 8517    4.10   99.30  170.00    3.00    0.00    0.00
 8518    4.10   99.30  170.00    3.50    0.00    0.00
 8519    4.30   97.91  180.00    3.00    0.00    0.00
 8520    4.30   97.91  180.00    3.00    0.00    0.00
 8521    4.10   99.30  180.00    4.00    0.00    0.00
 8522    4.00  100.00  170.00    3.50    0.00    0.00
 8523    3.80  100.00  180.00    4.50    0.00    0.00
 8524    2.90  100.00  160.00    2.00    0.00    0.00
 8525    2.60  100.00  170.00    2.50    0.00    0.00
 8526    2.50  100.00  160.00    2.50    0.00    0.00
 8527    1.80  100.00  100.00    2.00    0.00    0.00
 8528    1.20   98.57  100.00    2.00    0.00    0.00
 8529    0.90  100.00  100.00    3.00    0.00    0.00
 8530    1.20   98.57  100.00    4.00   69.01    6.00
 8531    1.70  100.00  110.00    3.00  283.76   39.00
 8532    1.90  100.00  100.00    3.00  331.24   56.00
 8533    2.20   98.58  160.00    4.00  116.67   61.00
 8534    1.80  100.00  150.00    6.00    0.00   20.00
 8535    2.00  100.00  150.00    4.50    0.00    2.00
 8536    2.00  100.00  160.00    5.50    0.00    0.00
 8537    1.80  100.00  130.00    4.00    0.00    0.00
 8538    1.80  100.00  130.00    5.00    0.00    0.00
 8539    1.70  100.00  150.00    6.00    0.00    0.00
 8540    1.70  100.00  120.00    3.00    0.00    0.00
 8541    1.60  100.00  130.00    2.00    0.00    0.00
 8542    1.40   97.16  150.00    3.00    0.00    0.00
 8543    1.40   97.16  140.00    5.00    0.00    0.00
 8544    1.30   97.86  140.00    4.50    0.00    0.00
 8545    1.20   98.57  140.00    4.00    0.00    0.00
 8546    1.20   98.57  150.00    5.00    0.00    0.00
 8547    1.00  100.00  150.00    5.00    0.00    0.00
 8548    0.90  100.00  140.00    4.50    0.00    0.00
 8549    0.80  100.00  140.00    5.00    0.00    0.00
 8550    0.70  100.00  140.00    4.00    0.00    0.00
 8551    0.90  100.00  120.00    4.00    0.00    0.00
 8552    1.40   97.16  150.00    4.00    0.00    0.00
 8553    1.60  100.00  140.00    5.00    0.00    0.00
 8554    2.00  100.00  120.00    4.00    0.00    1.00
 8555    2.40   97.19  140.00    5.00    0.00   15.00
 8556    2.50  100.00  140.00    6.00    0.00   22.00
 8557    3.40   97.21  140.00    7.00    0.00   22.00
 8558    3.80  100.00  150.00    6.00    0.00   13.00
 8559    4.20   98.60  160.00   10.00    0.00    1.00
 8560    4.20   98.60  130.00    8.00    0.00    0.00
 8561    4.40   97.23  150.00    9.00    0.00    0.00
 8562    4.60  100.00  150.00    8.00    0.00    0.00
 8563    5.20   98.62  150.00   11.00    0.00    0.00
 8564    5.20   98.62  150.00   13.00    0.00    0.00
 8565    5.30   97.93  150.00   10.00    0.00    0.00
 8566    5.10   99.30  150.00   10.00    0.00    0.00
 8567    5.00  100.00  150.00    9.50    0.00    0.00
 8568    4.80  100.00  160.00   10.50    0.00    0.00
 8569    4.80  100.00  170.00    9.00    0.00    0.00
 8570    4.90  100.00  180.00   10.00    0.00    0.00
 8571    4.90  100.00  180.00   10.50    0.00    0.00
 8572    4.80  100.00  170.00    9.50    0.00    0.00
 8573    5.30   97.93  170.00    6.50    0.00    0.00
 8574    5.40   97.25  170.00    7.50    0.00    0.00
 8575    7.40   97.30  180.00    6.00    0.00    0.00
 8576    8.10   99.32  180.00    6.50    0.00    0.00
 8577    8.40   97.32  200.00   11.00    0.00    0.00
 8578    8.40   97.32  190.00   10.00    0.00    0.00
 8579    7.80  100.00  190.00   10.00    0.00   16.00
 8580    7.80  100.00  230.00    8.00    0.00   27.00
 8581    7.60  100.00  240.00    8.00    0.00   27.00
 8582    7.40   97.30  240.00    6.00    0.00   17.00
 8583    7.00  100.00  240.00    8.00    0.00    0.00
 8584    6.80  100.00  270.00    9.00    0.00    0.00
 8585    6.30   97.95  270.00    5.00    0.00    0.00
 8586    5.40   97.25  290.00    4.00    0.00    0.00
 8587    4.50  100.00  290.00    2.00    0.00    0.00
 8588    4.60   95.88  300.00    5.00    0.00    0.00
 8589    4.20   98.60  300.00    5.00    0.00    0.00
 8590    3.90   93.84  310.00    5.00    0.00    0.00
 8591    3.80  100.00  320.00    5.00    0.00    0.00
 8592    3.70   95.17  340.00    4.00    0.00    0.00
 8593    3.50  100.00  220.00    3.00    0.00    0.00
 8594    3.50   96.52  330.00    5.00    0.00    0.00
 8595    4.40   84.37  340.00    5.00    0.00    0.00
 8596    3.20   91.82  340.00    5.00    0.00    0.00
 8597    3.10   92.47  340.00    4.00    0.00    0.00
 8598    2.10   92.41  350.00    4.00    0.00    0.00
 8599    2.20   91.75    0.00    0.00    0.00    0.00
 8600    1.90   93.74    0.00    0.00    0.00    0.00
 8601    1.70   95.09    0.00    0.00    0.00    0.00
 8602    2.00   93.07    0.00    0.00   92.22    6.00
 8603    2.10   92.41    0.00    0.00  407.59   27.00
 8604    3.00   86.68    0.00    0.00  525.77   41.00
 8605    3.50   89.89    0.00    0.00  495.24   40.00
 8606    3.80   88.01  300.00    0.50  369.77   30.00
 8607    3.80   88.01  300.00    0.50   53.98    5.00
 8608    2.80   94.46    0.00    0.00    0.00    0.00
 8609    2.40   97.19    0.00    0.00    0.00    0.00
 8610    2.50   96.50    0.00    0.00    0.00    0.00
 8611    2.40   90.45    0.00    0.00    0.00    0.00
 8612    2.80   94.46    0.00    0.00    0.00    0.00
 8613    2.50   96.50    0.00    0.00    0.00    0.00
 8614    3.70   88.63    0.00    0.00    0.00    0.00
 8615    3.10   92.47    0.00    0.00    0.00    0.00
 8616    3.20   91.82  260.00    4.00    0.00    0.00
 8617    3.60   89.26  270.00    4.00    0.00    0.00
 8618    3.50   89.89  270.00    5.00    0.00    0.00
 8619    3.20   91.82  250.00    3.00    0.00    0.00
 8620    3.80   94.50  270.00    7.50    0.00    0.00
 8621    6.00   93.29  230.00    5.00    0.00    0.00
 8622    5.70   95.25  240.00    6.00    0.00    0.00
 8623    5.60   95.91  230.00    3.50    0.00    0.00
 8624    5.70   88.80  240.00    7.00    0.00    0.00
 8625    5.60   89.42  240.00    4.00    0.00    0.00
 8626    5.50   90.04  240.00    5.00    0.00    2.00
 8627    5.40   90.67  240.00    7.50   27.51   24.00
 8628    5.60   95.91  230.00    5.00    0.00   30.00
 8629    5.80   94.59  230.00    5.00    0.00   30.00
 8630    5.80   94.59  240.00    5.00    0.00   25.00
 8631    5.90   93.93  240.00    4.00    0.00    1.00
 8632    5.80   94.59  230.00    5.00    0.00    0.00
 8633    5.70   95.25  240.00    5.00    0.00    0.00
 8634    5.70   95.25  240.00    4.00    0.00    0.00
 8635    5.50   96.58  250.00    4.00    0.00    0.00
 8636    5.30   91.30  250.00    4.00    0.00    0.00
 8637    5.20   91.94  250.00    4.00    0.00    0.00
 8638    5.70   95.25  270.00    4.00    0.00    0.00
 8639    5.50   96.58  260.00    2.50    0.00    0.00
 8640    5.50   96.58  260.00    3.00    0.00    0.00
 8641    5.60   95.91  250.00    1.50    0.00    0.00
 8642    5.40   90.67  260.00    2.00    0.00    0.00
 8643    5.30   91.30  260.00    2.50    0.00    0.00
 8644    5.60   95.91  240.00    2.50    0.00    0.00
 8645    5.70   95.25  250.00    2.50    0.00    0.00
 8646    5.70   95.25  240.00    2.00    0.00    0.00
 8647    5.30   91.30  210.00    1.00    0.00    0.00
 8648    5.00   93.23  200.00    2.50    0.00    0.00
 8649    5.00   93.23  190.00    3.50    0.00    0.00
 8650    4.90   93.89  170.00    2.50    0.00    1.00
 8651    4.80   94.55  150.00    2.50   27.45   24.00
 8652    4.80   94.55  160.00    3.50   33.51   36.00
 8653    4.70  100.00  160.00    3.50   31.88   36.00
 8654    4.60  100.00  130.00    5.00    0.00   20.00
 8655    4.80  100.00  110.00    2.50    0.00    1.00
 8656    4.80  100.00  100.00    3.50    0.00    0.00
 8657    4.60  100.00  110.00    3.50    0.00    0.00
 8658    4.50   96.55  110.00    4.00    0.00    0.00
 8659    4.40   97.23  110.00    4.00    0.00    0.00
 8660    4.00  100.00   90.00    5.00    0.00    0.00
 8661    3.90  100.00  100.00    5.00    0.00    0.00
 8662    3.90  100.00   70.00    6.00    0.00    0.00
 8663    3.60  100.00   80.00    7.00    0.00    0.00
 8664    3.40   97.21   70.00    7.50    0.00    0.00
 8665    3.30   97.90   60.00    7.00    0.00    0.00
 8666    3.20   98.59   70.00    5.50    0.00    0.00
 8667    3.20   98.59   70.00    6.00    0.00    0.00
 8668    2.40   97.19   60.00    5.00    0.00    0.00
 8669    2.30   97.88   60.00    5.50    0.00    0.00
 8670    1.90  100.00   70.00    5.00    0.00    0.00
 8671    0.80  100.00   60.00    5.00    0.00    0.00
 8672    0.70  100.00   80.00    2.00    0.00    0.00
 8673    0.90  100.00   80.00    6.00    0.00    0.00
 8674    1.40   97.16   70.00    5.00    0.00    4.00
 8675    2.50  100.00   70.00    5.00    0.00   22.00
 8676    2.30   97.88   50.00    6.00    0.00   35.00
 8677    2.00  100.00   40.00    8.00    0.00   35.00
 8678    1.20   98.57   40.00    7.00    0.00   24.00
 8679    1.00  100.00   40.00    5.00    0.00    4.00
 8680    0.00  100.00   40.00    5.00    0.00    0.00
 8681   -0.50   95.95   40.00    5.00    0.00    0.00
 8682   -1.50   95.92   30.00    8.00    0.00    0.00
 8683   -1.70   97.53   40.00    6.00    0.00    0.00
 8684   -2.50   95.89   30.00    5.00    0.00    0.00
 8685   -2.50   80.94   20.00    5.00    0.00    0.00
 8686   -2.80   83.01   30.00    6.00    0.00    0.00
 8687   -2.90   83.71   30.00    5.00    0.00    0.00
 8688   -2.90   83.71   20.00    5.00    0.00    0.00
 8689   -2.80   83.01   20.00    5.00    0.00    0.00
 8690   -2.80   83.01   30.00    4.50    0.00    0.00
 8691   -2.90   83.71   40.00    5.00    0.00    0.00
 8692   -3.00   84.41   50.00    5.00    0.00    0.00
 8693   -3.10   85.13   60.00    4.50    0.00    0.00
 8694   -3.20   85.84  330.00    5.00    0.00    0.00
 8695   -3.20   85.84   10.00    2.00    0.00    0.00
 8696   -3.40   87.30    0.00    2.00    0.00    0.00
 8697   -3.20   85.84    0.00    0.00    0.00    0.00
 8698   -3.20   85.84    0.00    0.00    0.00    7.00
 8699   -2.80   83.01    0.00    0.00    0.00   26.00
 8700   -2.40   95.09  170.00    2.00    0.00   37.00
 8701   -2.00   91.96  160.00    4.00    0.00   37.00
 8702   -1.20   93.56  170.00    3.00    0.00   25.00
 8703   -0.60   89.03  170.00    5.00    0.00    5.00
 8704    0.00   88.66  180.00    9.00    0.00    0.00
 8705    0.00   88.66  180.00    7.00    0.00    0.00
 8706    1.60  100.00  180.00    9.00    0.00    0.00
 8707    2.20   98.58  200.00    9.00    0.00    0.00
 8708    3.00  100.00  240.00    6.00    0.00    0.00
 8709    3.20   98.59  230.00    5.00    0.00    0.00
 8710    3.50  100.00  260.00    5.00    0.00    0.00
 8711    3.50  100.00  270.00    5.50    0.00    0.00
 8712    3.60  100.00  270.00    5.00    0.00    0.00
 8713    3.30   97.90  270.00    5.00    0.00    0.00
 8714    3.00   93.13  270.00    3.00    0.00    0.00
 8715    3.00   93.13  270.00    3.00    0.00    0.00
 8716    2.70   95.13  280.00    2.50    0.00    0.00
 8717    2.30   91.10  280.00    2.00    0.00    0.00
 8718    2.00   93.07    0.00    0.00    0.00    0.00
 8719    1.60   95.78    0.00    0.00    0.00    0.00
 8720    1.00   93.02    0.00    0.00    0.00    0.00
 8721    0.00   88.66    0.00    0.00    0.00    0.00
 8722    0.00   88.66  340.00    3.00    0.00    8.00
 8723   -0.60   89.03  350.00    4.00   45.18   50.00
 8724   -0.60   89.03   10.00    3.00  105.70   72.00
 8725   -1.00   92.02  350.00    4.00  156.46   65.00
 8726   -2.00   84.52  340.00    3.00  214.32   45.00
 8727   -3.20   85.84   10.00    4.00   74.77   13.00
 8728   -4.40   87.21  340.00    3.00    0.00    0.00
 8729   -4.80   90.24   10.00    3.00    0.00    0.00
 8730   -5.40   94.98    0.00    2.00    0.00    0.00
 8731   -4.80   90.24    0.00    3.00    0.00    0.00
 8732   -5.00   91.79   30.00    2.00    0.00    0.00
 8733   -6.00  100.00    0.00    0.00    0.00    0.00
 8734   -6.30   94.13   30.00    1.00    0.00    0.00
 8735   -6.90   99.14  310.00    1.50    0.00    0.00
 8736   -6.10   92.52  350.00    1.00    0.00    0.00
 8737   -5.30   86.38  340.00    3.50    0.00    0.00
 8738   -2.80   83.01  330.00    5.00    0.00    0.00
 8739   -2.60   74.92  330.00    6.50    0.00    0.00
 8740   -2.70   82.31  350.00    4.00    0.00    0.00
 8741   -3.30   86.57  350.00    5.50    0.00    0.00
 8742   -3.20   85.84  340.00    4.00    0.00    0.00
 8743   -2.80   83.01  340.00    4.50    0.00    0.00
 8744   -2.40   80.27  320.00    4.50    0.00    0.00
 8745   -2.00   84.52  340.00    7.00    0.00    0.00
 8746   -2.00   84.52    0.00    5.00   45.99   18.00
 8747   -2.20   85.94  350.00    4.00  314.29   52.00
 8748   -1.80   83.12  340.00    4.00  407.02   63.00
 8749   -1.60   81.75  350.00    4.00  416.19   60.00
 8750   -1.60   81.75  340.00    4.00  321.77   45.00
 8751   -1.80   76.34  340.00    3.00  122.27   14.00
 8752   -2.20   78.94   10.00    1.00    0.00    0.00
 8753   -3.00   84.41    0.00    0.00    0.00    0.00
 8754   -3.80   82.89    0.00    0.00    0.00    0.00
 8755   -3.60   81.50    0.00    0.00    0.00    0.00
 8756   -4.60   81.37    0.00    0.00    0.00    0.00
 8757   -6.80   90.09    0.00    0.00    0.00    0.00
 8758   -6.60   96.60    0.00    0.00    0.00    0.00
 8759   -6.80   98.28    0.00    0.00    0.00    0.00
 8760   -5.40   94.98    0.00    0.00    0.00    0.00
 8761   -5.30   86.38  340.00    3.50    0.00    0.00
 8762   -2.80   83.01  330.00    5.00    0.00    0.00
 8763   -2.60   74.92  330.00    6.50    0.00    0.00
 8764   -2.70   82.31  350.00    4.00    0.00    0.00
 8765   -3.30   86.57  350.00    5.50    0.00    0.00
 8766   -3.20   85.84  340.00    4.00    0.00    0.00
 8767   -2.80   83.01  340.00    4.50    0.00    0.00
 8768   -2.40   80.27  320.00    4.50    0.00    0.00
 8769   -2.00   84.52  340.00    7.00    0.00    0.00
 8770   -2.00   84.52    0.00    5.00   45.99   18.00
 8771   -2.20   85.94  350.00    4.00  314.29   52.00
 8772   -1.80   83.12  340.00    4.00  407.02   63.00
 8773   -1.60   81.75  350.00    4.00  416.19   60.00
 8774   -1.60   81.75  340.00    4.00  321.77   45.00
 8775   -1.80   76.34  340.00    3.00  122.27   14.00
 8776   -2.20   78.94   10.00    1.00    0.00    0.00
 8777   -3.00   84.41    0.00    0.00    0.00    0.00
 8778   -3.80   82.89    0.00    0.00    0.00    0.00
 8779   -3.60   81.50    0.00    0.00    0.00    0.00
 8780   -4.60   81.37    0.00    0.00    0.00    0.00
 8781   -6.80   90.09    0.00    0.00    0.00    0.00
 8782   -6.60   96.60    0.00    0.00    0.00    0.00
 8783   -6.80   98.28    0.00    0.00    0.00    0.00
 8784   -5.40   94.98    0.00    0.00    0.00    0.00